#
# There is insufficient memory for the Java Runtime Environment to continue.
# Native memory allocation (malloc) failed to allocate 1003776 bytes for Chunk::new
# Possible reasons:
#   The system is out of physical RAM or swap space
#   The process is running with CompressedOops enabled, and the Java Heap may be blocking the growth of the native heap
# Possible solutions:
#   Reduce memory load on the system
#   Increase physical memory or swap space
#   Check if swap backing store is full
#   Decrease Java heap size (-Xmx/-Xms)
#   Decrease number of Java threads
#   Decrease Java thread stack sizes (-Xss)
#   Set larger code cache with -XX:ReservedCodeCacheSize=
#   JVM is running with Unscaled Compressed Oops mode in which the Java heap is
#     placed in the first 4GB address space. The Java Heap base address is the
#     maximum limit for the native heap growth. Please use -XX:HeapBaseMinAddress
#     to set the Java Heap base and to place the Java Heap above 4GB virtual address.
# This output file may be truncated or incomplete.
#
#  Out of Memory Error (src/hotspot/share/memory/arena.cpp:197), pid=8460, tid=6332
#
# JRE version: OpenJDK Runtime Environment (11.0.15) (build 11.0.15+0-b2043.56-9505619)
# Java VM: OpenJDK 64-Bit Server VM (11.0.15+0-b2043.56-9505619, mixed mode, tiered, compressed oops, g1 gc, windows-amd64)
# No core dump will be written. Minidumps are not enabled by default on client versions of Windows
#

---------------  S U M M A R Y ------------

Command Line: --add-opens=java.base/java.util=ALL-UNNAMED --add-opens=java.base/java.lang=ALL-UNNAMED --add-opens=java.base/java.lang.invoke=ALL-UNNAMED --add-opens=java.base/java.util=ALL-UNNAMED --add-opens=java.prefs/java.util.prefs=ALL-UNNAMED --add-opens=java.prefs/java.util.prefs=ALL-UNNAMED --add-opens=java.base/java.nio.charset=ALL-UNNAMED --add-opens=java.base/java.net=ALL-UNNAMED --add-opens=java.base/java.util.concurrent.atomic=ALL-UNNAMED -Xmx2048m -Dfile.encoding=UTF-8 -Duser.country=ID -Duser.language=en -Duser.variant org.gradle.launcher.daemon.bootstrap.GradleDaemon 7.5

Host: Intel(R) Core(TM) i7-10700F CPU @ 2.90GHz, 16 cores, 15G,  Windows 10 , 64 bit Build 19041 (10.0.19041.5198)
Time: Wed Feb 12 12:41:09 2025 SE Asia Standard Time elapsed time: 4.054707 seconds (0d 0h 0m 4s)

---------------  T H R E A D  ---------------

Current thread (0x0000029fb8acb800):  JavaThread "C2 CompilerThread0" daemon [_thread_in_native, id=6332, stack(0x000000e8e8b00000,0x000000e8e8c00000)]


Current CompileTask:
C2:   4054 6975       4       org.objectweb.asm.Frame::execute (2318 bytes)

Stack: [0x000000e8e8b00000,0x000000e8e8c00000]
Native frames: (J=compiled Java code, j=interpreted, Vv=VM code, C=native code)
V  [jvm.dll+0x64135a]
V  [jvm.dll+0x7d39f9]
V  [jvm.dll+0x7d51b9]
V  [jvm.dll+0x7d58a3]
V  [jvm.dll+0x2691c5]
V  [jvm.dll+0xc1a5c]
V  [jvm.dll+0xc200c]
V  [jvm.dll+0x2da2c2]
V  [jvm.dll+0x54cad9]
V  [jvm.dll+0x22a011]
V  [jvm.dll+0x223809]
V  [jvm.dll+0x220384]
V  [jvm.dll+0x19e851]
V  [jvm.dll+0x230479]
V  [jvm.dll+0x22e5ef]
V  [jvm.dll+0x794de1]
V  [jvm.dll+0x78dc24]
V  [jvm.dll+0x6400f6]
C  [ucrtbase.dll+0x21bb2]
C  [KERNEL32.DLL+0x17374]
C  [ntdll.dll+0x4cc91]


---------------  P R O C E S S  ---------------

Threads class SMR info:
_java_thread_list=0x0000029fc091eab0, length=202, elements={
0x0000029f9b28f800, 0x0000029fb8a68000, 0x0000029fb8a69000, 0x0000029fb8a73800,
0x0000029fb8ac2800, 0x0000029fb8ac6800, 0x0000029fb8acb800, 0x0000029fb8acc800,
0x0000029fb8ad7800, 0x0000029fb8c04800, 0x0000029fb8c3f800, 0x0000029fba435000,
0x0000029fb93a8800, 0x0000029fbae5e800, 0x0000029fb8e00800, 0x0000029fbbe74000,
0x0000029fbb0ab800, 0x0000029fbb1d4000, 0x0000029fbac72800, 0x0000029fb965c800,
0x0000029fba08b000, 0x0000029fbaf86000, 0x0000029fbb7e0000, 0x0000029fbae4c000,
0x0000029fbae4b800, 0x0000029fbae46800, 0x0000029fbb812800, 0x0000029fbbb0b800,
0x0000029fbae4d000, 0x0000029fbae4a800, 0x0000029fbdd24800, 0x0000029fbae47800,
0x0000029fbae48000, 0x0000029fbae49000, 0x0000029fbae49800, 0x0000029fbeac7800,
0x0000029fbeac4000, 0x0000029fbeac8000, 0x0000029fbeac9000, 0x0000029fbeaca000,
0x0000029fbeaca800, 0x0000029fbeac5000, 0x0000029fbeac5800, 0x0000029fbeac6800,
0x0000029fbead1000, 0x0000029fbeace800, 0x0000029fbeacf800, 0x0000029fbf488000,
0x0000029fbeacb800, 0x0000029fbead0800, 0x0000029fbead2000, 0x0000029fbeace000,
0x0000029fbeacc000, 0x0000029fbead3000, 0x0000029fbf9a9000, 0x0000029fbf9a9800,
0x0000029fbf9b0000, 0x0000029fbf9af800, 0x0000029fbf9aa800, 0x0000029fbf9ad000,
0x0000029fbf9b1000, 0x0000029fbf9ad800, 0x0000029fbf9b2000, 0x0000029fbf9ac000,
0x0000029fbf9b2800, 0x0000029fbf9b7800, 0x0000029fbf9b3800, 0x0000029fbf9b4000,
0x0000029fbf9b5000, 0x0000029fbf9b6000, 0x0000029fbf9b6800, 0x0000029fc2c40000,
0x0000029fc2c3f800, 0x0000029fc2c41000, 0x0000029fc2c41800, 0x0000029fc2c3d000,
0x0000029fc2c42800, 0x0000029fc2c43800, 0x0000029fc2c3d800, 0x0000029fc2c44000,
0x0000029fc2c3e800, 0x0000029fc2c47800, 0x0000029fc2c46000, 0x0000029fc2c49000,
0x0000029fc2c48800, 0x0000029fc2c4a000, 0x0000029fc2c4a800, 0x0000029fc2c45000,
0x0000029fc2c4b800, 0x0000029fc2c46800, 0x0000029fbc94e000, 0x0000029fbc94e800,
0x0000029fbc952000, 0x0000029fbc951000, 0x0000029fbc952800, 0x0000029fbc953800,
0x0000029fbc954800, 0x0000029fbc955000, 0x0000029fbc94f800, 0x0000029fbc956000,
0x0000029fbc950000, 0x0000029fbc959000, 0x0000029fbc958800, 0x0000029fbc957800,
0x0000029fbc95c800, 0x0000029fbc95a000, 0x0000029fbc95b000, 0x0000029fbc95b800,
0x0000029fbc957000, 0x0000029fbc5bc800, 0x0000029fbc5c0000, 0x0000029fbc5bf000,
0x0000029fbc5c2800, 0x0000029fbc5c1800, 0x0000029fbc5c0800, 0x0000029fbc5c3000,
0x0000029fbc5bd800, 0x0000029fbc5be000, 0x0000029fbc5c6800, 0x0000029fbc5c5800,
0x0000029fbc5c9800, 0x0000029fbc5c8000, 0x0000029fbc5c7000, 0x0000029fbc5c9000,
0x0000029fbc5c4800, 0x0000029fbc5c4000, 0x0000029fbc5ca800, 0x0000029fbc5cb800,
0x0000029fbc8e6000, 0x0000029fbc8e2800, 0x0000029fbc8e3800, 0x0000029fbc8e9000,
0x0000029fbc8ea000, 0x0000029fbc8e4000, 0x0000029fbc8e8800, 0x0000029fbc8ea800,
0x0000029fbc8e5000, 0x0000029fbc8ec800, 0x0000029fbc8eb800, 0x0000029fbc8e6800,
0x0000029fbc8ed000, 0x0000029fbc8e7800, 0x0000029fbc8f1800, 0x0000029fbc8f0800,
0x0000029fbc8ee000, 0x0000029fbc8ef800, 0x0000029fbc8ef000, 0x0000029fc02d6800,
0x0000029fc02db000, 0x0000029fc02d7800, 0x0000029fc02d6000, 0x0000029fc02dd000,
0x0000029fc02de000, 0x0000029fc02db800, 0x0000029fc02da000, 0x0000029fc02d8800,
0x0000029fc02df000, 0x0000029fc02d9000, 0x0000029fc02df800, 0x0000029fc02e0800,
0x0000029fc02e1800, 0x0000029fc02dc800, 0x0000029fc02e2000, 0x0000029fc02e3000,
0x0000029fc02e3800, 0x0000029fc02e4800, 0x0000029fc120b800, 0x0000029fc120e000,
0x0000029fc120c000, 0x0000029fc120f800, 0x0000029fc120d000, 0x0000029fc120e800,
0x0000029fc1209800, 0x0000029fc120a800, 0x0000029fc1215000, 0x0000029fc1212800,
0x0000029fc1213800, 0x0000029fc1216000, 0x0000029fc1210000, 0x0000029fc1217000,
0x0000029fc1211000, 0x0000029fc1212000, 0x0000029fc1214800, 0x0000029fc1217800,
0x0000029fc1218800, 0x0000029fc0db1000, 0x0000029fc0dad800, 0x0000029fc0dae800,
0x0000029fc0db2000, 0x0000029fc0db0000, 0x0000029fc0db5000, 0x0000029fc0daf800,
0x0000029fc0db6800, 0x0000029fc0db6000, 0x0000029fc0db7800, 0x0000029fc0db8800,
0x0000029fc0db3800, 0x0000029fc0db2800, 0x0000029fc0db9000, 0x0000029fc0dba000,
0x0000029fc0db4000, 0x0000029fc0dbf000
}

Java Threads: ( => current thread )
  0x0000029f9b28f800 JavaThread "main" [_thread_blocked, id=31600, stack(0x000000e8e7f00000,0x000000e8e8000000)]
  0x0000029fb8a68000 JavaThread "Reference Handler" daemon [_thread_blocked, id=16080, stack(0x000000e8e8600000,0x000000e8e8700000)]
  0x0000029fb8a69000 JavaThread "Finalizer" daemon [_thread_blocked, id=8560, stack(0x000000e8e8700000,0x000000e8e8800000)]
  0x0000029fb8a73800 JavaThread "Signal Dispatcher" daemon [_thread_blocked, id=19756, stack(0x000000e8e8800000,0x000000e8e8900000)]
  0x0000029fb8ac2800 JavaThread "Attach Listener" daemon [_thread_blocked, id=29860, stack(0x000000e8e8900000,0x000000e8e8a00000)]
  0x0000029fb8ac6800 JavaThread "Service Thread" daemon [_thread_blocked, id=26508, stack(0x000000e8e8a00000,0x000000e8e8b00000)]
=>0x0000029fb8acb800 JavaThread "C2 CompilerThread0" daemon [_thread_in_native, id=6332, stack(0x000000e8e8b00000,0x000000e8e8c00000)]
  0x0000029fb8acc800 JavaThread "C1 CompilerThread0" daemon [_thread_blocked, id=20592, stack(0x000000e8e8c00000,0x000000e8e8d00000)]
  0x0000029fb8ad7800 JavaThread "Sweeper thread" daemon [_thread_blocked, id=31132, stack(0x000000e8e8d00000,0x000000e8e8e00000)]
  0x0000029fb8c04800 JavaThread "C1 CompilerThread1" daemon [_thread_blocked, id=28520, stack(0x000000e8e8e00000,0x000000e8e8f00000)]
  0x0000029fb8c3f800 JavaThread "Common-Cleaner" daemon [_thread_blocked, id=11848, stack(0x000000e8e8f00000,0x000000e8e9000000)]
  0x0000029fba435000 JavaThread "C1 CompilerThread2" daemon [_thread_blocked, id=27532, stack(0x000000e8e9900000,0x000000e8e9a00000)]
  0x0000029fb93a8800 JavaThread "C1 CompilerThread3" daemon [_thread_blocked, id=28432, stack(0x000000e8e9a00000,0x000000e8e9b00000)]
  0x0000029fbae5e800 JavaThread "Daemon health stats" [_thread_blocked, id=27120, stack(0x000000e8e9b00000,0x000000e8e9c00000)]
  0x0000029fb8e00800 JavaThread "Incoming local TCP Connector on port 65035" [_thread_in_native, id=21528, stack(0x000000e8e9100000,0x000000e8e9200000)]
  0x0000029fbbe74000 JavaThread "Daemon periodic checks" [_thread_blocked, id=2036, stack(0x000000e8e9200000,0x000000e8e9300000)]
  0x0000029fbb0ab800 JavaThread "Daemon" [_thread_blocked, id=20036, stack(0x000000e8e9800000,0x000000e8e9900000)]
  0x0000029fbb1d4000 JavaThread "Handler for socket connection from /127.0.0.1:65035 to /127.0.0.1:65036" [_thread_in_native, id=9644, stack(0x000000e8e9c00000,0x000000e8e9d00000)]
  0x0000029fbac72800 JavaThread "Cancel handler" [_thread_blocked, id=8880, stack(0x000000e8e9d00000,0x000000e8e9e00000)]
  0x0000029fb965c800 JavaThread "Daemon worker" [_thread_in_Java, id=15768, stack(0x000000e8e9e00000,0x000000e8e9f00000)]
  0x0000029fba08b000 JavaThread "Asynchronous log dispatcher for DefaultDaemonConnection: socket connection from /127.0.0.1:65035 to /127.0.0.1:65036" [_thread_blocked, id=31332, stack(0x000000e8e9f00000,0x000000e8ea000000)]
  0x0000029fbaf86000 JavaThread "Stdin handler" [_thread_blocked, id=15532, stack(0x000000e8ea000000,0x000000e8ea100000)]
  0x0000029fbb7e0000 JavaThread "Daemon client event forwarder" [_thread_blocked, id=34448, stack(0x000000e8ea100000,0x000000e8ea200000)]
  0x0000029fbae4c000 JavaThread "Cache worker for journal cache (C:\Users\Saya\.gradle\caches\journal-1)" [_thread_blocked, id=3396, stack(0x000000e8ea200000,0x000000e8ea300000)]
  0x0000029fbae4b800 JavaThread "File lock request listener" [_thread_in_native, id=30796, stack(0x000000e8ea300000,0x000000e8ea400000)]
  0x0000029fbae46800 JavaThread "Cache worker for file hash cache (C:\Users\Saya\.gradle\caches\7.5\fileHashes)" [_thread_blocked, id=7496, stack(0x000000e8ead00000,0x000000e8eae00000)]
  0x0000029fbb812800 JavaThread "C2 CompilerThread1" daemon [_thread_in_native, id=18000, stack(0x000000e8eae00000,0x000000e8eaf00000)]
  0x0000029fbbb0b800 JavaThread "C2 CompilerThread2" daemon [_thread_in_native, id=24852, stack(0x000000e8eaf00000,0x000000e8eb000000)]
  0x0000029fbae4d000 JavaThread "File watcher server" daemon [_thread_in_native, id=22620, stack(0x000000e8eb000000,0x000000e8eb100000)]
  0x0000029fbae4a800 JavaThread "File watcher consumer" daemon [_thread_blocked, id=4740, stack(0x000000e8eb100000,0x000000e8eb200000)]
  0x0000029fbdd24800 JavaThread "C2 CompilerThread3" daemon [_thread_in_vm, id=23800, stack(0x000000e8eb200000,0x000000e8eb300000)]
  0x0000029fbae47800 JavaThread "jar transforms" [_thread_blocked, id=15496, stack(0x000000e8eb300000,0x000000e8eb400000)]
  0x0000029fbae48000 JavaThread "jar transforms Thread 2" [_thread_blocked, id=24204, stack(0x000000e8eb400000,0x000000e8eb500000)]
  0x0000029fbae49000 JavaThread "jar transforms Thread 3" [_thread_blocked, id=20096, stack(0x000000e8eb500000,0x000000e8eb600000)]
  0x0000029fbae49800 JavaThread "jar transforms Thread 4" [_thread_blocked, id=20952, stack(0x000000e8eb600000,0x000000e8eb700000)]
  0x0000029fbeac7800 JavaThread "jar transforms Thread 5" [_thread_blocked, id=15292, stack(0x000000e8eb700000,0x000000e8eb800000)]
  0x0000029fbeac4000 JavaThread "jar transforms Thread 6" [_thread_blocked, id=3172, stack(0x000000e8eb800000,0x000000e8eb900000)]
  0x0000029fbeac8000 JavaThread "jar transforms Thread 7" [_thread_blocked, id=20304, stack(0x000000e8eb900000,0x000000e8eba00000)]
  0x0000029fbeac9000 JavaThread "jar transforms Thread 8" [_thread_blocked, id=26084, stack(0x000000e8eba00000,0x000000e8ebb00000)]
  0x0000029fbeaca000 JavaThread "jar transforms Thread 9" [_thread_blocked, id=29256, stack(0x000000e8ebb00000,0x000000e8ebc00000)]
  0x0000029fbeaca800 JavaThread "jar transforms Thread 10" [_thread_blocked, id=32440, stack(0x000000e8ebc00000,0x000000e8ebd00000)]
  0x0000029fbeac5000 JavaThread "jar transforms Thread 11" [_thread_blocked, id=20292, stack(0x000000e8ebd00000,0x000000e8ebe00000)]
  0x0000029fbeac5800 JavaThread "jar transforms Thread 12" [_thread_blocked, id=15424, stack(0x000000e8ebe00000,0x000000e8ebf00000)]
  0x0000029fbeac6800 JavaThread "jar transforms Thread 13" [_thread_blocked, id=7712, stack(0x000000e8ebf00000,0x000000e8ec000000)]
  0x0000029fbead1000 JavaThread "jar transforms Thread 14" [_thread_blocked, id=10724, stack(0x000000e8ec000000,0x000000e8ec100000)]
  0x0000029fbeace800 JavaThread "jar transforms Thread 15" [_thread_blocked, id=34808, stack(0x000000e8ec100000,0x000000e8ec200000)]
  0x0000029fbeacf800 JavaThread "jar transforms Thread 16" [_thread_blocked, id=31960, stack(0x000000e8ec200000,0x000000e8ec300000)]
  0x0000029fbf488000 JavaThread "C2 CompilerThread4" daemon [_thread_in_native, id=24680, stack(0x000000e8ec300000,0x000000e8ec400000)]
  0x0000029fbeacb800 JavaThread "Cache worker for checksums cache (C:\Users\Saya\AndroidStudioProjects\BookApps\.gradle\7.5\checksums)" [_thread_blocked, id=12968, stack(0x000000e8ec500000,0x000000e8ec600000)]
  0x0000029fbead0800 JavaThread "Cache worker for cache directory md-rule (C:\Users\Saya\.gradle\caches\7.5\md-rule)" [_thread_blocked, id=31776, stack(0x000000e8ec600000,0x000000e8ec700000)]
  0x0000029fbead2000 JavaThread "Cache worker for file content cache (C:\Users\Saya\.gradle\caches\7.5\fileContent)" [_thread_blocked, id=27404, stack(0x000000e8ec700000,0x000000e8ec800000)]
  0x0000029fbeace000 JavaThread "Cache worker for file hash cache (C:\Users\Saya\AndroidStudioProjects\BookApps\.gradle\7.5\fileHashes)" [_thread_blocked, id=28488, stack(0x000000e8ec400000,0x000000e8ec500000)]
  0x0000029fbeacc000 JavaThread "Cache worker for cache directory md-supplier (C:\Users\Saya\.gradle\caches\7.5\md-supplier)" [_thread_blocked, id=27556, stack(0x000000e8ec800000,0x000000e8ec900000)]
  0x0000029fbead3000 JavaThread "Cache worker for execution history cache (C:\Users\Saya\.gradle\caches\7.5\executionHistory)" [_thread_blocked, id=26348, stack(0x000000e8ec900000,0x000000e8eca00000)]
  0x0000029fbf9a9000 JavaThread "Cache worker for dependencies-accessors (C:\Users\Saya\AndroidStudioProjects\BookApps\.gradle\7.5\dependencies-accessors)" [_thread_blocked, id=21908, stack(0x000000e8eca00000,0x000000e8ecb00000)]
  0x0000029fbf9a9800 JavaThread "Cache worker for Build Output Cleanup Cache (C:\Users\Saya\AndroidStudioProjects\BookApps\.gradle\buildOutputCleanup)" [_thread_blocked, id=26228, stack(0x000000e8ecb00000,0x000000e8ecc00000)]
  0x0000029fbf9b0000 JavaThread "Unconstrained build operations" [_thread_blocked, id=32604, stack(0x000000e8ecc00000,0x000000e8ecd00000)]
  0x0000029fbf9af800 JavaThread "Unconstrained build operations Thread 2" [_thread_blocked, id=25472, stack(0x000000e8ecd00000,0x000000e8ece00000)]
  0x0000029fbf9aa800 JavaThread "Unconstrained build operations Thread 3" [_thread_blocked, id=17552, stack(0x000000e8ece00000,0x000000e8ecf00000)]
  0x0000029fbf9ad000 JavaThread "Unconstrained build operations Thread 4" [_thread_blocked, id=7492, stack(0x000000e8ecf00000,0x000000e8ed000000)]
  0x0000029fbf9b1000 JavaThread "Unconstrained build operations Thread 5" [_thread_blocked, id=28408, stack(0x000000e8ed000000,0x000000e8ed100000)]
  0x0000029fbf9ad800 JavaThread "Unconstrained build operations Thread 6" [_thread_blocked, id=17568, stack(0x000000e8ed100000,0x000000e8ed200000)]
  0x0000029fbf9b2000 JavaThread "Unconstrained build operations Thread 7" [_thread_blocked, id=19008, stack(0x000000e8ed200000,0x000000e8ed300000)]
  0x0000029fbf9ac000 JavaThread "Unconstrained build operations Thread 8" [_thread_blocked, id=2520, stack(0x000000e8ed300000,0x000000e8ed400000)]
  0x0000029fbf9b2800 JavaThread "Unconstrained build operations Thread 9" [_thread_blocked, id=12764, stack(0x000000e8ed400000,0x000000e8ed500000)]
  0x0000029fbf9b7800 JavaThread "Unconstrained build operations Thread 10" [_thread_blocked, id=6636, stack(0x000000e8ed500000,0x000000e8ed600000)]
  0x0000029fbf9b3800 JavaThread "Unconstrained build operations Thread 11" [_thread_blocked, id=29312, stack(0x000000e8ed600000,0x000000e8ed700000)]
  0x0000029fbf9b4000 JavaThread "Unconstrained build operations Thread 12" [_thread_blocked, id=14604, stack(0x000000e8ed700000,0x000000e8ed800000)]
  0x0000029fbf9b5000 JavaThread "Unconstrained build operations Thread 13" [_thread_blocked, id=24060, stack(0x000000e8ed800000,0x000000e8ed900000)]
  0x0000029fbf9b6000 JavaThread "Unconstrained build operations Thread 14" [_thread_blocked, id=17324, stack(0x000000e8ed900000,0x000000e8eda00000)]
  0x0000029fbf9b6800 JavaThread "Unconstrained build operations Thread 15" [_thread_blocked, id=29604, stack(0x000000e8eda00000,0x000000e8edb00000)]
  0x0000029fc2c40000 JavaThread "Unconstrained build operations Thread 16" [_thread_blocked, id=21460, stack(0x000000e8edb00000,0x000000e8edc00000)]
  0x0000029fc2c3f800 JavaThread "Unconstrained build operations Thread 17" [_thread_blocked, id=30940, stack(0x000000e8edc00000,0x000000e8edd00000)]
  0x0000029fc2c41000 JavaThread "Unconstrained build operations Thread 18" [_thread_blocked, id=29188, stack(0x000000e8edd00000,0x000000e8ede00000)]
  0x0000029fc2c41800 JavaThread "Unconstrained build operations Thread 19" [_thread_blocked, id=32512, stack(0x000000e8ede00000,0x000000e8edf00000)]
  0x0000029fc2c3d000 JavaThread "Unconstrained build operations Thread 20" [_thread_blocked, id=10456, stack(0x000000e8edf00000,0x000000e8ee000000)]
  0x0000029fc2c42800 JavaThread "Unconstrained build operations Thread 21" [_thread_blocked, id=30900, stack(0x000000e8ee000000,0x000000e8ee100000)]
  0x0000029fc2c43800 JavaThread "Unconstrained build operations Thread 22" [_thread_blocked, id=22868, stack(0x000000e8ee100000,0x000000e8ee200000)]
  0x0000029fc2c3d800 JavaThread "Unconstrained build operations Thread 23" [_thread_blocked, id=21364, stack(0x000000e8ee200000,0x000000e8ee300000)]
  0x0000029fc2c44000 JavaThread "Unconstrained build operations Thread 24" [_thread_blocked, id=28656, stack(0x000000e8ee300000,0x000000e8ee400000)]
  0x0000029fc2c3e800 JavaThread "Unconstrained build operations Thread 25" [_thread_blocked, id=32060, stack(0x000000e8ee400000,0x000000e8ee500000)]
  0x0000029fc2c47800 JavaThread "Unconstrained build operations Thread 26" [_thread_blocked, id=30696, stack(0x000000e8ee500000,0x000000e8ee600000)]
  0x0000029fc2c46000 JavaThread "Unconstrained build operations Thread 27" [_thread_blocked, id=22788, stack(0x000000e8ee600000,0x000000e8ee700000)]
  0x0000029fc2c49000 JavaThread "Unconstrained build operations Thread 28" [_thread_blocked, id=26492, stack(0x000000e8ee700000,0x000000e8ee800000)]
  0x0000029fc2c48800 JavaThread "Unconstrained build operations Thread 29" [_thread_blocked, id=25164, stack(0x000000e8ee800000,0x000000e8ee900000)]
  0x0000029fc2c4a000 JavaThread "Unconstrained build operations Thread 30" [_thread_blocked, id=21048, stack(0x000000e8ee900000,0x000000e8eea00000)]
  0x0000029fc2c4a800 JavaThread "Unconstrained build operations Thread 31" [_thread_blocked, id=8744, stack(0x000000e8eea00000,0x000000e8eeb00000)]
  0x0000029fc2c45000 JavaThread "Unconstrained build operations Thread 32" [_thread_blocked, id=19820, stack(0x000000e8eeb00000,0x000000e8eec00000)]
  0x0000029fc2c4b800 JavaThread "Unconstrained build operations Thread 33" [_thread_blocked, id=25344, stack(0x000000e8eec00000,0x000000e8eed00000)]
  0x0000029fc2c46800 JavaThread "Unconstrained build operations Thread 34" [_thread_blocked, id=29008, stack(0x000000e8eed00000,0x000000e8eee00000)]
  0x0000029fbc94e000 JavaThread "Unconstrained build operations Thread 35" [_thread_blocked, id=17740, stack(0x000000e8eee00000,0x000000e8eef00000)]
  0x0000029fbc94e800 JavaThread "Unconstrained build operations Thread 36" [_thread_blocked, id=33908, stack(0x000000e8eef00000,0x000000e8ef000000)]
  0x0000029fbc952000 JavaThread "Unconstrained build operations Thread 37" [_thread_blocked, id=19724, stack(0x000000e8ef000000,0x000000e8ef100000)]
  0x0000029fbc951000 JavaThread "Unconstrained build operations Thread 38" [_thread_blocked, id=29340, stack(0x000000e8ef100000,0x000000e8ef200000)]
  0x0000029fbc952800 JavaThread "Unconstrained build operations Thread 39" [_thread_blocked, id=30436, stack(0x000000e8ef200000,0x000000e8ef300000)]
  0x0000029fbc953800 JavaThread "Unconstrained build operations Thread 40" [_thread_blocked, id=22872, stack(0x000000e8ef300000,0x000000e8ef400000)]
  0x0000029fbc954800 JavaThread "Unconstrained build operations Thread 41" [_thread_blocked, id=8080, stack(0x000000e8ef400000,0x000000e8ef500000)]
  0x0000029fbc955000 JavaThread "Unconstrained build operations Thread 42" [_thread_blocked, id=10344, stack(0x000000e8ef500000,0x000000e8ef600000)]
  0x0000029fbc94f800 JavaThread "Unconstrained build operations Thread 43" [_thread_blocked, id=32832, stack(0x000000e8ef600000,0x000000e8ef700000)]
  0x0000029fbc956000 JavaThread "Unconstrained build operations Thread 44" [_thread_blocked, id=34720, stack(0x000000e8ef700000,0x000000e8ef800000)]
  0x0000029fbc950000 JavaThread "Unconstrained build operations Thread 45" [_thread_blocked, id=3748, stack(0x000000e8ef800000,0x000000e8ef900000)]
  0x0000029fbc959000 JavaThread "Unconstrained build operations Thread 46" [_thread_blocked, id=33184, stack(0x000000e8ef900000,0x000000e8efa00000)]
  0x0000029fbc958800 JavaThread "Unconstrained build operations Thread 47" [_thread_blocked, id=14728, stack(0x000000e8efa00000,0x000000e8efb00000)]
  0x0000029fbc957800 JavaThread "Unconstrained build operations Thread 48" [_thread_blocked, id=29552, stack(0x000000e8efb00000,0x000000e8efc00000)]
  0x0000029fbc95c800 JavaThread "Unconstrained build operations Thread 49" [_thread_blocked, id=1852, stack(0x000000e8efc00000,0x000000e8efd00000)]
  0x0000029fbc95a000 JavaThread "Unconstrained build operations Thread 50" [_thread_blocked, id=23716, stack(0x000000e8efd00000,0x000000e8efe00000)]
  0x0000029fbc95b000 JavaThread "Unconstrained build operations Thread 51" [_thread_blocked, id=33952, stack(0x000000e8efe00000,0x000000e8eff00000)]
  0x0000029fbc95b800 JavaThread "Unconstrained build operations Thread 52" [_thread_blocked, id=4616, stack(0x000000e8eff00000,0x000000e8f0000000)]
  0x0000029fbc957000 JavaThread "Unconstrained build operations Thread 53" [_thread_blocked, id=27796, stack(0x000000e8f0000000,0x000000e8f0100000)]
  0x0000029fbc5bc800 JavaThread "Unconstrained build operations Thread 54" [_thread_blocked, id=292, stack(0x000000e8f0100000,0x000000e8f0200000)]
  0x0000029fbc5c0000 JavaThread "Unconstrained build operations Thread 55" [_thread_blocked, id=31284, stack(0x000000e8f0200000,0x000000e8f0300000)]
  0x0000029fbc5bf000 JavaThread "Unconstrained build operations Thread 56" [_thread_blocked, id=21708, stack(0x000000e8f0300000,0x000000e8f0400000)]
  0x0000029fbc5c2800 JavaThread "Unconstrained build operations Thread 57" [_thread_blocked, id=31068, stack(0x000000e8f0400000,0x000000e8f0500000)]
  0x0000029fbc5c1800 JavaThread "Unconstrained build operations Thread 58" [_thread_blocked, id=4320, stack(0x000000e8f0500000,0x000000e8f0600000)]
  0x0000029fbc5c0800 JavaThread "Unconstrained build operations Thread 59" [_thread_blocked, id=24660, stack(0x000000e8f0600000,0x000000e8f0700000)]
  0x0000029fbc5c3000 JavaThread "Unconstrained build operations Thread 60" [_thread_blocked, id=31504, stack(0x000000e8f0700000,0x000000e8f0800000)]
  0x0000029fbc5bd800 JavaThread "Unconstrained build operations Thread 61" [_thread_blocked, id=6352, stack(0x000000e8f0800000,0x000000e8f0900000)]
  0x0000029fbc5be000 JavaThread "Unconstrained build operations Thread 62" [_thread_blocked, id=20192, stack(0x000000e8f0900000,0x000000e8f0a00000)]
  0x0000029fbc5c6800 JavaThread "Unconstrained build operations Thread 63" [_thread_blocked, id=20828, stack(0x000000e8f0a00000,0x000000e8f0b00000)]
  0x0000029fbc5c5800 JavaThread "Unconstrained build operations Thread 64" [_thread_blocked, id=24632, stack(0x000000e8f0b00000,0x000000e8f0c00000)]
  0x0000029fbc5c9800 JavaThread "Unconstrained build operations Thread 65" [_thread_blocked, id=8228, stack(0x000000e8f0c00000,0x000000e8f0d00000)]
  0x0000029fbc5c8000 JavaThread "Unconstrained build operations Thread 66" [_thread_blocked, id=3084, stack(0x000000e8f0d00000,0x000000e8f0e00000)]
  0x0000029fbc5c7000 JavaThread "Unconstrained build operations Thread 67" [_thread_blocked, id=21308, stack(0x000000e8f0e00000,0x000000e8f0f00000)]
  0x0000029fbc5c9000 JavaThread "Unconstrained build operations Thread 68" [_thread_blocked, id=27044, stack(0x000000e8f0f00000,0x000000e8f1000000)]
  0x0000029fbc5c4800 JavaThread "Unconstrained build operations Thread 69" [_thread_blocked, id=17428, stack(0x000000e8f1000000,0x000000e8f1100000)]
  0x0000029fbc5c4000 JavaThread "Unconstrained build operations Thread 70" [_thread_blocked, id=15196, stack(0x000000e8f1100000,0x000000e8f1200000)]
  0x0000029fbc5ca800 JavaThread "Unconstrained build operations Thread 71" [_thread_blocked, id=30152, stack(0x000000e8f1200000,0x000000e8f1300000)]
  0x0000029fbc5cb800 JavaThread "Unconstrained build operations Thread 72" [_thread_blocked, id=8156, stack(0x000000e8f1300000,0x000000e8f1400000)]
  0x0000029fbc8e6000 JavaThread "Unconstrained build operations Thread 73" [_thread_blocked, id=9952, stack(0x000000e8f1400000,0x000000e8f1500000)]
  0x0000029fbc8e2800 JavaThread "Unconstrained build operations Thread 74" [_thread_blocked, id=28012, stack(0x000000e8f1500000,0x000000e8f1600000)]
  0x0000029fbc8e3800 JavaThread "Unconstrained build operations Thread 75" [_thread_blocked, id=7484, stack(0x000000e8f1600000,0x000000e8f1700000)]
  0x0000029fbc8e9000 JavaThread "Unconstrained build operations Thread 76" [_thread_blocked, id=16960, stack(0x000000e8f1700000,0x000000e8f1800000)]
  0x0000029fbc8ea000 JavaThread "Unconstrained build operations Thread 77" [_thread_blocked, id=7616, stack(0x000000e8f1800000,0x000000e8f1900000)]
  0x0000029fbc8e4000 JavaThread "Unconstrained build operations Thread 78" [_thread_blocked, id=30348, stack(0x000000e8f1900000,0x000000e8f1a00000)]
  0x0000029fbc8e8800 JavaThread "Unconstrained build operations Thread 79" [_thread_blocked, id=27368, stack(0x000000e8f1a00000,0x000000e8f1b00000)]
  0x0000029fbc8ea800 JavaThread "Unconstrained build operations Thread 80" [_thread_blocked, id=26120, stack(0x000000e8f1b00000,0x000000e8f1c00000)]
  0x0000029fbc8e5000 JavaThread "Unconstrained build operations Thread 81" [_thread_blocked, id=34028, stack(0x000000e8f1c00000,0x000000e8f1d00000)]
  0x0000029fbc8ec800 JavaThread "Unconstrained build operations Thread 82" [_thread_blocked, id=31408, stack(0x000000e8f1d00000,0x000000e8f1e00000)]
  0x0000029fbc8eb800 JavaThread "Unconstrained build operations Thread 83" [_thread_blocked, id=31096, stack(0x000000e8f1e00000,0x000000e8f1f00000)]
  0x0000029fbc8e6800 JavaThread "Unconstrained build operations Thread 84" [_thread_blocked, id=28940, stack(0x000000e8f1f00000,0x000000e8f2000000)]
  0x0000029fbc8ed000 JavaThread "Unconstrained build operations Thread 85" [_thread_blocked, id=30560, stack(0x000000e8f2000000,0x000000e8f2100000)]
  0x0000029fbc8e7800 JavaThread "Unconstrained build operations Thread 86" [_thread_blocked, id=13020, stack(0x000000e8f2100000,0x000000e8f2200000)]
  0x0000029fbc8f1800 JavaThread "Unconstrained build operations Thread 87" [_thread_blocked, id=27536, stack(0x000000e8f2200000,0x000000e8f2300000)]
  0x0000029fbc8f0800 JavaThread "Unconstrained build operations Thread 88" [_thread_blocked, id=24328, stack(0x000000e8f2300000,0x000000e8f2400000)]
  0x0000029fbc8ee000 JavaThread "Unconstrained build operations Thread 89" [_thread_blocked, id=26900, stack(0x000000e8f2400000,0x000000e8f2500000)]
  0x0000029fbc8ef800 JavaThread "Unconstrained build operations Thread 90" [_thread_blocked, id=27024, stack(0x000000e8f2500000,0x000000e8f2600000)]
  0x0000029fbc8ef000 JavaThread "Unconstrained build operations Thread 91" [_thread_blocked, id=352, stack(0x000000e8f2600000,0x000000e8f2700000)]
  0x0000029fc02d6800 JavaThread "Unconstrained build operations Thread 92" [_thread_blocked, id=27396, stack(0x000000e8f2700000,0x000000e8f2800000)]
  0x0000029fc02db000 JavaThread "Unconstrained build operations Thread 93" [_thread_blocked, id=33344, stack(0x000000e8f2800000,0x000000e8f2900000)]
  0x0000029fc02d7800 JavaThread "Unconstrained build operations Thread 94" [_thread_blocked, id=34072, stack(0x000000e8f2900000,0x000000e8f2a00000)]
  0x0000029fc02d6000 JavaThread "Unconstrained build operations Thread 95" [_thread_blocked, id=25400, stack(0x000000e8f2a00000,0x000000e8f2b00000)]
  0x0000029fc02dd000 JavaThread "Unconstrained build operations Thread 96" [_thread_blocked, id=29120, stack(0x000000e8f2b00000,0x000000e8f2c00000)]
  0x0000029fc02de000 JavaThread "Unconstrained build operations Thread 97" [_thread_blocked, id=20168, stack(0x000000e8f2c00000,0x000000e8f2d00000)]
  0x0000029fc02db800 JavaThread "Unconstrained build operations Thread 98" [_thread_blocked, id=32148, stack(0x000000e8f2d00000,0x000000e8f2e00000)]
  0x0000029fc02da000 JavaThread "Unconstrained build operations Thread 99" [_thread_blocked, id=34060, stack(0x000000e8f2e00000,0x000000e8f2f00000)]
  0x0000029fc02d8800 JavaThread "Unconstrained build operations Thread 100" [_thread_blocked, id=20612, stack(0x000000e8f2f00000,0x000000e8f3000000)]
  0x0000029fc02df000 JavaThread "Unconstrained build operations Thread 101" [_thread_blocked, id=25464, stack(0x000000e8f3000000,0x000000e8f3100000)]
  0x0000029fc02d9000 JavaThread "Unconstrained build operations Thread 102" [_thread_blocked, id=26440, stack(0x000000e8f3100000,0x000000e8f3200000)]
  0x0000029fc02df800 JavaThread "Unconstrained build operations Thread 103" [_thread_blocked, id=31512, stack(0x000000e8f3200000,0x000000e8f3300000)]
  0x0000029fc02e0800 JavaThread "Unconstrained build operations Thread 104" [_thread_blocked, id=4040, stack(0x000000e8f3300000,0x000000e8f3400000)]
  0x0000029fc02e1800 JavaThread "Unconstrained build operations Thread 105" [_thread_blocked, id=28760, stack(0x000000e8f3400000,0x000000e8f3500000)]
  0x0000029fc02dc800 JavaThread "Unconstrained build operations Thread 106" [_thread_blocked, id=23228, stack(0x000000e8f3500000,0x000000e8f3600000)]
  0x0000029fc02e2000 JavaThread "Unconstrained build operations Thread 107" [_thread_blocked, id=26288, stack(0x000000e8f3600000,0x000000e8f3700000)]
  0x0000029fc02e3000 JavaThread "Unconstrained build operations Thread 108" [_thread_blocked, id=24496, stack(0x000000e8f3700000,0x000000e8f3800000)]
  0x0000029fc02e3800 JavaThread "Unconstrained build operations Thread 109" [_thread_blocked, id=32724, stack(0x000000e8f3800000,0x000000e8f3900000)]
  0x0000029fc02e4800 JavaThread "Unconstrained build operations Thread 110" [_thread_blocked, id=31204, stack(0x000000e8f3900000,0x000000e8f3a00000)]
  0x0000029fc120b800 JavaThread "Unconstrained build operations Thread 111" [_thread_blocked, id=14092, stack(0x000000e8f3a00000,0x000000e8f3b00000)]
  0x0000029fc120e000 JavaThread "Unconstrained build operations Thread 112" [_thread_blocked, id=18768, stack(0x000000e8f3b00000,0x000000e8f3c00000)]
  0x0000029fc120c000 JavaThread "Unconstrained build operations Thread 113" [_thread_blocked, id=19116, stack(0x000000e8f3c00000,0x000000e8f3d00000)]
  0x0000029fc120f800 JavaThread "Unconstrained build operations Thread 114" [_thread_blocked, id=33872, stack(0x000000e8f3d00000,0x000000e8f3e00000)]
  0x0000029fc120d000 JavaThread "Unconstrained build operations Thread 115" [_thread_blocked, id=25008, stack(0x000000e8f3e00000,0x000000e8f3f00000)]
  0x0000029fc120e800 JavaThread "Unconstrained build operations Thread 116" [_thread_blocked, id=7764, stack(0x000000e8f3f00000,0x000000e8f4000000)]
  0x0000029fc1209800 JavaThread "Unconstrained build operations Thread 117" [_thread_blocked, id=34488, stack(0x000000e8f4000000,0x000000e8f4100000)]
  0x0000029fc120a800 JavaThread "Unconstrained build operations Thread 118" [_thread_blocked, id=17384, stack(0x000000e8f4100000,0x000000e8f4200000)]
  0x0000029fc1215000 JavaThread "Unconstrained build operations Thread 119" [_thread_blocked, id=28836, stack(0x000000e8f4200000,0x000000e8f4300000)]
  0x0000029fc1212800 JavaThread "Unconstrained build operations Thread 120" [_thread_blocked, id=33716, stack(0x000000e8f4300000,0x000000e8f4400000)]
  0x0000029fc1213800 JavaThread "Unconstrained build operations Thread 121" [_thread_blocked, id=8644, stack(0x000000e8f4400000,0x000000e8f4500000)]
  0x0000029fc1216000 JavaThread "Unconstrained build operations Thread 122" [_thread_blocked, id=13640, stack(0x000000e8f4500000,0x000000e8f4600000)]
  0x0000029fc1210000 JavaThread "Unconstrained build operations Thread 123" [_thread_blocked, id=8948, stack(0x000000e8f4600000,0x000000e8f4700000)]
  0x0000029fc1217000 JavaThread "Unconstrained build operations Thread 124" [_thread_blocked, id=20164, stack(0x000000e8f4700000,0x000000e8f4800000)]
  0x0000029fc1211000 JavaThread "Unconstrained build operations Thread 125" [_thread_blocked, id=14820, stack(0x000000e8f4800000,0x000000e8f4900000)]
  0x0000029fc1212000 JavaThread "Unconstrained build operations Thread 126" [_thread_blocked, id=23856, stack(0x000000e8f4900000,0x000000e8f4a00000)]
  0x0000029fc1214800 JavaThread "Unconstrained build operations Thread 127" [_thread_blocked, id=8704, stack(0x000000e8f4a00000,0x000000e8f4b00000)]
  0x0000029fc1217800 JavaThread "Unconstrained build operations Thread 128" [_thread_blocked, id=34160, stack(0x000000e8f4b00000,0x000000e8f4c00000)]
  0x0000029fc1218800 JavaThread "Unconstrained build operations Thread 129" [_thread_blocked, id=21144, stack(0x000000e8f4c00000,0x000000e8f4d00000)]
  0x0000029fc0db1000 JavaThread "Unconstrained build operations Thread 130" [_thread_blocked, id=31844, stack(0x000000e8f4d00000,0x000000e8f4e00000)]
  0x0000029fc0dad800 JavaThread "Unconstrained build operations Thread 131" [_thread_blocked, id=29488, stack(0x000000e8f4e00000,0x000000e8f4f00000)]
  0x0000029fc0dae800 JavaThread "Unconstrained build operations Thread 132" [_thread_blocked, id=26172, stack(0x000000e8f4f00000,0x000000e8f5000000)]
  0x0000029fc0db2000 JavaThread "Unconstrained build operations Thread 133" [_thread_blocked, id=34108, stack(0x000000e8f5000000,0x000000e8f5100000)]
  0x0000029fc0db0000 JavaThread "Unconstrained build operations Thread 134" [_thread_blocked, id=25936, stack(0x000000e8f5100000,0x000000e8f5200000)]
  0x0000029fc0db5000 JavaThread "Unconstrained build operations Thread 135" [_thread_blocked, id=13668, stack(0x000000e8f5200000,0x000000e8f5300000)]
  0x0000029fc0daf800 JavaThread "Unconstrained build operations Thread 136" [_thread_blocked, id=32132, stack(0x000000e8f5300000,0x000000e8f5400000)]
  0x0000029fc0db6800 JavaThread "Unconstrained build operations Thread 137" [_thread_blocked, id=31368, stack(0x000000e8f5400000,0x000000e8f5500000)]
  0x0000029fc0db6000 JavaThread "Unconstrained build operations Thread 138" [_thread_blocked, id=11596, stack(0x000000e8f5500000,0x000000e8f5600000)]
  0x0000029fc0db7800 JavaThread "Unconstrained build operations Thread 139" [_thread_blocked, id=13476, stack(0x000000e8f5600000,0x000000e8f5700000)]
  0x0000029fc0db8800 JavaThread "Unconstrained build operations Thread 140" [_thread_blocked, id=28144, stack(0x000000e8f5700000,0x000000e8f5800000)]
  0x0000029fc0db3800 JavaThread "Unconstrained build operations Thread 141" [_thread_blocked, id=32640, stack(0x000000e8f5800000,0x000000e8f5900000)]
  0x0000029fc0db2800 JavaThread "Unconstrained build operations Thread 142" [_thread_blocked, id=15340, stack(0x000000e8f5900000,0x000000e8f5a00000)]
  0x0000029fc0db9000 JavaThread "Unconstrained build operations Thread 143" [_thread_blocked, id=31524, stack(0x000000e8f5a00000,0x000000e8f5b00000)]
  0x0000029fc0dba000 JavaThread "Unconstrained build operations Thread 144" [_thread_blocked, id=27040, stack(0x000000e8f5b00000,0x000000e8f5c00000)]
  0x0000029fc0db4000 JavaThread "Unconstrained build operations Thread 145" [_thread_blocked, id=31448, stack(0x000000e8f5c00000,0x000000e8f5d00000)]
  0x0000029fc0dbf000 JavaThread "Unconstrained build operations Thread 146" [_thread_blocked, id=6768, stack(0x000000e8f5d00000,0x000000e8f5e00000)]

Other Threads:
  0x0000029fb8a64800 VMThread "VM Thread" [stack: 0x000000e8e8500000,0x000000e8e8600000] [id=11816]
  0x0000029fb8c82800 WatcherThread [stack: 0x000000e8e9000000,0x000000e8e9100000] [id=2188]
  0x0000029f9b2a3800 GCTaskThread "GC Thread#0" [stack: 0x000000e8e8000000,0x000000e8e8100000] [id=8512]
  0x0000029fb9bb8800 GCTaskThread "GC Thread#1" [stack: 0x000000e8e9300000,0x000000e8e9400000] [id=23052]
  0x0000029fba375000 GCTaskThread "GC Thread#2" [stack: 0x000000e8e9400000,0x000000e8e9500000] [id=28768]
  0x0000029fb9a06000 GCTaskThread "GC Thread#3" [stack: 0x000000e8e9500000,0x000000e8e9600000] [id=8496]
  0x0000029fb9c95800 GCTaskThread "GC Thread#4" [stack: 0x000000e8e9600000,0x000000e8e9700000] [id=12996]
  0x0000029fba08c000 GCTaskThread "GC Thread#5" [stack: 0x000000e8e9700000,0x000000e8e9800000] [id=10428]
  0x0000029fbac0c000 GCTaskThread "GC Thread#6" [stack: 0x000000e8ea400000,0x000000e8ea500000] [id=24540]
  0x0000029fba961000 GCTaskThread "GC Thread#7" [stack: 0x000000e8ea500000,0x000000e8ea600000] [id=30952]
  0x0000029fbb7bf800 GCTaskThread "GC Thread#8" [stack: 0x000000e8ea600000,0x000000e8ea700000] [id=18756]
  0x0000029fbb29c800 GCTaskThread "GC Thread#9" [stack: 0x000000e8ea700000,0x000000e8ea800000] [id=21728]
  0x0000029fbab9e000 GCTaskThread "GC Thread#10" [stack: 0x000000e8ea800000,0x000000e8ea900000] [id=10740]
  0x0000029fbab9e800 GCTaskThread "GC Thread#11" [stack: 0x000000e8ea900000,0x000000e8eaa00000] [id=10960]
  0x0000029fbb36b800 GCTaskThread "GC Thread#12" [stack: 0x000000e8eaa00000,0x000000e8eab00000] [id=19324]
  0x0000029f9b2d9000 ConcurrentGCThread "G1 Main Marker" [stack: 0x000000e8e8100000,0x000000e8e8200000] [id=33756]
  0x0000029f9b2db000 ConcurrentGCThread "G1 Conc#0" [stack: 0x000000e8e8200000,0x000000e8e8300000] [id=19568]
  0x0000029fb9fce800 ConcurrentGCThread "G1 Conc#1" [stack: 0x000000e8eab00000,0x000000e8eac00000] [id=17396]
  0x0000029fba042800 ConcurrentGCThread "G1 Conc#2" [stack: 0x000000e8eac00000,0x000000e8ead00000] [id=26036]
  0x0000029fb80b1800 ConcurrentGCThread "G1 Refine#0" [stack: 0x000000e8e8300000,0x000000e8e8400000] [id=33500]
  0x0000029fb80b2800 ConcurrentGCThread "G1 Young RemSet Sampling" [stack: 0x000000e8e8400000,0x000000e8e8500000] [id=8204]

Threads with active compile tasks:
C2 CompilerThread0     4068 6975       4       org.objectweb.asm.Frame::execute (2318 bytes)
C1 CompilerThread0     4068 7022       3       java.lang.invoke.LambdaFormBuffer::growNames (281 bytes)
C1 CompilerThread1     4068 7021       3       java.lang.invoke.LambdaFormEditor::oldSpeciesData (8 bytes)
C2 CompilerThread1     4068 6816   !   4       com.google.common.reflect.TypeVisitor::visit (244 bytes)
C2 CompilerThread2     4068 6984       4       org.objectweb.asm.MethodWriter::computeAllFrames (510 bytes)
C2 CompilerThread3     4068 7020       4       java.util.concurrent.ConcurrentHashMap::get (162 bytes)
C2 CompilerThread4     4068 6965       4       jdk.internal.org.objectweb.asm.Frame::execute (2264 bytes)

VM state:not at safepoint (normal execution)

VM Mutex/Monitor currently owned by a thread: None

Heap address: 0x0000000080000000, size: 2048 MB, Compressed Oops mode: 32-bit
Narrow klass base: 0x0000000000000000, Narrow klass shift: 3
Compressed class space size: 1073741824 Address: 0x0000000100000000

Heap:
 garbage-first heap   total 260096K, used 128000K [0x0000000080000000, 0x0000000100000000)
  region size 1024K, 30 young (30720K), 15 survivors (15360K)
 Metaspace       used 59733K, capacity 61514K, committed 61652K, reserved 1103872K
  class space    used 7610K, capacity 8332K, committed 8448K, reserved 1048576K
Heap Regions: E=young(eden), S=young(survivor), O=old, HS=humongous(starts), HC=humongous(continues), CS=collection set, F=free, A=archive, TAMS=top-at-mark-start (previous, next)
|   0|0x0000000080000000, 0x0000000080100000, 0x0000000080100000|100%| O|  |TAMS 0x0000000080100000, 0x0000000080000000| Untracked 
|   1|0x0000000080100000, 0x0000000080200000, 0x0000000080200000|100%| O|  |TAMS 0x0000000080200000, 0x0000000080100000| Untracked 
|   2|0x0000000080200000, 0x0000000080300000, 0x0000000080300000|100%| O|  |TAMS 0x0000000080300000, 0x0000000080200000| Untracked 
|   3|0x0000000080300000, 0x0000000080400000, 0x0000000080400000|100%|HS|  |TAMS 0x0000000080400000, 0x0000000080300000| Complete 
|   4|0x0000000080400000, 0x0000000080500000, 0x0000000080500000|100%|HC|  |TAMS 0x0000000080500000, 0x0000000080400000| Complete 
|   5|0x0000000080500000, 0x0000000080600000, 0x0000000080600000|100%|HC|  |TAMS 0x0000000080600000, 0x0000000080500000| Complete 
|   6|0x0000000080600000, 0x0000000080700000, 0x0000000080700000|100%| O|  |TAMS 0x0000000080700000, 0x0000000080600000| Untracked 
|   7|0x0000000080700000, 0x0000000080800000, 0x0000000080800000|100%| O|  |TAMS 0x0000000080800000, 0x0000000080700000| Untracked 
|   8|0x0000000080800000, 0x0000000080900000, 0x0000000080900000|100%| O|  |TAMS 0x0000000080900000, 0x0000000080800000| Untracked 
|   9|0x0000000080900000, 0x0000000080a00000, 0x0000000080a00000|100%| O|  |TAMS 0x0000000080a00000, 0x0000000080900000| Untracked 
|  10|0x0000000080a00000, 0x0000000080b00000, 0x0000000080b00000|100%| O|  |TAMS 0x0000000080b00000, 0x0000000080a00000| Untracked 
|  11|0x0000000080b00000, 0x0000000080c00000, 0x0000000080c00000|100%| O|  |TAMS 0x0000000080c00000, 0x0000000080b00000| Untracked 
|  12|0x0000000080c00000, 0x0000000080d00000, 0x0000000080d00000|100%| O|  |TAMS 0x0000000080d00000, 0x0000000080c00000| Untracked 
|  13|0x0000000080d00000, 0x0000000080e00000, 0x0000000080e00000|100%| O|  |TAMS 0x0000000080e00000, 0x0000000080d00000| Untracked 
|  14|0x0000000080e00000, 0x0000000080f00000, 0x0000000080f00000|100%| O|  |TAMS 0x0000000080f00000, 0x0000000080e00000| Untracked 
|  15|0x0000000080f00000, 0x0000000081000000, 0x0000000081000000|100%| O|  |TAMS 0x0000000081000000, 0x0000000080f00000| Untracked 
|  16|0x0000000081000000, 0x0000000081100000, 0x0000000081100000|100%|HS|  |TAMS 0x0000000081100000, 0x0000000081000000| Complete 
|  17|0x0000000081100000, 0x0000000081200000, 0x0000000081200000|100%|HC|  |TAMS 0x0000000081200000, 0x0000000081100000| Complete 
|  18|0x0000000081200000, 0x0000000081300000, 0x0000000081300000|100%|HS|  |TAMS 0x0000000081300000, 0x0000000081200000| Complete 
|  19|0x0000000081300000, 0x0000000081400000, 0x0000000081400000|100%|HC|  |TAMS 0x0000000081400000, 0x0000000081300000| Complete 
|  20|0x0000000081400000, 0x0000000081500000, 0x0000000081500000|100%|HC|  |TAMS 0x0000000081500000, 0x0000000081400000| Complete 
|  21|0x0000000081500000, 0x0000000081600000, 0x0000000081600000|100%|HS|  |TAMS 0x0000000081600000, 0x0000000081500000| Complete 
|  22|0x0000000081600000, 0x0000000081700000, 0x0000000081700000|100%|HC|  |TAMS 0x0000000081700000, 0x0000000081600000| Complete 
|  23|0x0000000081700000, 0x0000000081800000, 0x0000000081800000|100%|HC|  |TAMS 0x0000000081800000, 0x0000000081700000| Complete 
|  24|0x0000000081800000, 0x0000000081900000, 0x0000000081900000|100%|HS|  |TAMS 0x0000000081900000, 0x0000000081800000| Complete 
|  25|0x0000000081900000, 0x0000000081a00000, 0x0000000081a00000|100%|HC|  |TAMS 0x0000000081a00000, 0x0000000081900000| Complete 
|  26|0x0000000081a00000, 0x0000000081b00000, 0x0000000081b00000|100%|HS|  |TAMS 0x0000000081b00000, 0x0000000081a00000| Complete 
|  27|0x0000000081b00000, 0x0000000081c00000, 0x0000000081c00000|100%|HC|  |TAMS 0x0000000081c00000, 0x0000000081b00000| Complete 
|  28|0x0000000081c00000, 0x0000000081d00000, 0x0000000081d00000|100%|HC|  |TAMS 0x0000000081d00000, 0x0000000081c00000| Complete 
|  29|0x0000000081d00000, 0x0000000081e00000, 0x0000000081e00000|100%|HC|  |TAMS 0x0000000081e00000, 0x0000000081d00000| Complete 
|  30|0x0000000081e00000, 0x0000000081f00000, 0x0000000081f00000|100%|HC|  |TAMS 0x0000000081f00000, 0x0000000081e00000| Complete 
|  31|0x0000000081f00000, 0x0000000082000000, 0x0000000082000000|100%|HC|  |TAMS 0x0000000082000000, 0x0000000081f00000| Complete 
|  32|0x0000000082000000, 0x0000000082100000, 0x0000000082100000|100%|HC|  |TAMS 0x0000000082100000, 0x0000000082000000| Complete 
|  33|0x0000000082100000, 0x0000000082200000, 0x0000000082200000|100%|HC|  |TAMS 0x0000000082200000, 0x0000000082100000| Complete 
|  34|0x0000000082200000, 0x0000000082300000, 0x0000000082300000|100%|HC|  |TAMS 0x0000000082300000, 0x0000000082200000| Complete 
|  35|0x0000000082300000, 0x0000000082400000, 0x0000000082400000|100%|HC|  |TAMS 0x0000000082400000, 0x0000000082300000| Complete 
|  36|0x0000000082400000, 0x0000000082500000, 0x0000000082500000|100%|HS|  |TAMS 0x0000000082500000, 0x0000000082400000| Complete 
|  37|0x0000000082500000, 0x0000000082600000, 0x0000000082600000|100%|HC|  |TAMS 0x0000000082600000, 0x0000000082500000| Complete 
|  38|0x0000000082600000, 0x0000000082700000, 0x0000000082700000|100%|HS|  |TAMS 0x0000000082700000, 0x0000000082600000| Complete 
|  39|0x0000000082700000, 0x0000000082800000, 0x0000000082800000|100%|HC|  |TAMS 0x0000000082800000, 0x0000000082700000| Complete 
|  40|0x0000000082800000, 0x0000000082900000, 0x0000000082900000|100%|HC|  |TAMS 0x0000000082900000, 0x0000000082800000| Complete 
|  41|0x0000000082900000, 0x0000000082a00000, 0x0000000082a00000|100%|HC|  |TAMS 0x0000000082a00000, 0x0000000082900000| Complete 
|  42|0x0000000082a00000, 0x0000000082b00000, 0x0000000082b00000|100%|HC|  |TAMS 0x0000000082b00000, 0x0000000082a00000| Complete 
|  43|0x0000000082b00000, 0x0000000082c00000, 0x0000000082c00000|100%| O|  |TAMS 0x0000000082c00000, 0x0000000082b00000| Untracked 
|  44|0x0000000082c00000, 0x0000000082d00000, 0x0000000082d00000|100%| O|  |TAMS 0x0000000082d00000, 0x0000000082c00000| Untracked 
|  45|0x0000000082d00000, 0x0000000082e00000, 0x0000000082e00000|100%| O|  |TAMS 0x0000000082e00000, 0x0000000082d00000| Untracked 
|  46|0x0000000082e00000, 0x0000000082f00000, 0x0000000082f00000|100%|HS|  |TAMS 0x0000000082f00000, 0x0000000082e00000| Complete 
|  47|0x0000000082f00000, 0x0000000083000000, 0x0000000083000000|100%|HC|  |TAMS 0x0000000083000000, 0x0000000082f00000| Complete 
|  48|0x0000000083000000, 0x0000000083100000, 0x0000000083100000|100%|HC|  |TAMS 0x0000000083100000, 0x0000000083000000| Complete 
|  49|0x0000000083100000, 0x0000000083200000, 0x0000000083200000|100%|HC|  |TAMS 0x0000000083200000, 0x0000000083100000| Complete 
|  50|0x0000000083200000, 0x0000000083300000, 0x0000000083300000|100%|HC|  |TAMS 0x0000000083300000, 0x0000000083200000| Complete 
|  51|0x0000000083300000, 0x0000000083400000, 0x0000000083400000|100%|HC|  |TAMS 0x0000000083400000, 0x0000000083300000| Complete 
|  52|0x0000000083400000, 0x0000000083500000, 0x0000000083500000|100%|HC|  |TAMS 0x0000000083500000, 0x0000000083400000| Complete 
|  53|0x0000000083500000, 0x0000000083600000, 0x0000000083600000|100%|HC|  |TAMS 0x0000000083600000, 0x0000000083500000| Complete 
|  54|0x0000000083600000, 0x0000000083700000, 0x0000000083700000|100%|HC|  |TAMS 0x0000000083700000, 0x0000000083600000| Complete 
|  55|0x0000000083700000, 0x0000000083800000, 0x0000000083800000|100%|HC|  |TAMS 0x0000000083800000, 0x0000000083700000| Complete 
|  56|0x0000000083800000, 0x0000000083900000, 0x0000000083900000|100%|HS|  |TAMS 0x0000000083900000, 0x0000000083800000| Complete 
|  57|0x0000000083900000, 0x0000000083a00000, 0x0000000083a00000|100%|HC|  |TAMS 0x0000000083a00000, 0x0000000083900000| Complete 
|  58|0x0000000083a00000, 0x0000000083b00000, 0x0000000083b00000|100%|HS|  |TAMS 0x0000000083b00000, 0x0000000083a00000| Complete 
|  59|0x0000000083b00000, 0x0000000083c00000, 0x0000000083c00000|100%|HC|  |TAMS 0x0000000083c00000, 0x0000000083b00000| Complete 
|  60|0x0000000083c00000, 0x0000000083d00000, 0x0000000083d00000|100%|HC|  |TAMS 0x0000000083d00000, 0x0000000083c00000| Complete 
|  61|0x0000000083d00000, 0x0000000083e00000, 0x0000000083e00000|100%|HS|  |TAMS 0x0000000083e00000, 0x0000000083d00000| Complete 
|  62|0x0000000083e00000, 0x0000000083f00000, 0x0000000083f00000|100%|HC|  |TAMS 0x0000000083f00000, 0x0000000083e00000| Complete 
|  63|0x0000000083f00000, 0x0000000084000000, 0x0000000084000000|100%|HS|  |TAMS 0x0000000084000000, 0x0000000083f00000| Complete 
|  64|0x0000000084000000, 0x0000000084100000, 0x0000000084100000|100%|HC|  |TAMS 0x0000000084100000, 0x0000000084000000| Complete 
|  65|0x0000000084100000, 0x0000000084200000, 0x0000000084200000|100%|HC|  |TAMS 0x0000000084200000, 0x0000000084100000| Complete 
|  66|0x0000000084200000, 0x0000000084300000, 0x0000000084300000|100%| O|  |TAMS 0x0000000084300000, 0x0000000084200000| Untracked 
|  67|0x0000000084300000, 0x0000000084400000, 0x0000000084400000|100%| O|  |TAMS 0x0000000084400000, 0x0000000084300000| Untracked 
|  68|0x0000000084400000, 0x0000000084500000, 0x0000000084500000|100%| O|  |TAMS 0x0000000084500000, 0x0000000084400000| Untracked 
|  69|0x0000000084500000, 0x0000000084600000, 0x0000000084600000|100%| O|  |TAMS 0x0000000084600000, 0x0000000084500000| Untracked 
|  70|0x0000000084600000, 0x0000000084700000, 0x0000000084700000|100%|HS|  |TAMS 0x0000000084700000, 0x0000000084600000| Complete 
|  71|0x0000000084700000, 0x0000000084800000, 0x0000000084800000|100%|HC|  |TAMS 0x0000000084800000, 0x0000000084700000| Complete 
|  72|0x0000000084800000, 0x0000000084900000, 0x0000000084900000|100%|HC|  |TAMS 0x0000000084900000, 0x0000000084800000| Complete 
|  73|0x0000000084900000, 0x0000000084a00000, 0x0000000084a00000|100%|HC|  |TAMS 0x0000000084a00000, 0x0000000084900000| Complete 
|  74|0x0000000084a00000, 0x0000000084b00000, 0x0000000084b00000|100%|HC|  |TAMS 0x0000000084b00000, 0x0000000084a00000| Complete 
|  75|0x0000000084b00000, 0x0000000084c00000, 0x0000000084c00000|100%| O|  |TAMS 0x0000000084c00000, 0x0000000084b00000| Untracked 
|  76|0x0000000084c00000, 0x0000000084d00000, 0x0000000084d00000|100%| O|  |TAMS 0x0000000084d00000, 0x0000000084c00000| Untracked 
|  77|0x0000000084d00000, 0x0000000084e00000, 0x0000000084e00000|100%| O|  |TAMS 0x0000000084e00000, 0x0000000084d00000| Untracked 
|  78|0x0000000084e00000, 0x0000000084f00000, 0x0000000084f00000|100%| O|  |TAMS 0x0000000084f00000, 0x0000000084e00000| Untracked 
|  79|0x0000000084f00000, 0x0000000085000000, 0x0000000085000000|100%| O|  |TAMS 0x0000000085000000, 0x0000000084f00000| Untracked 
|  80|0x0000000085000000, 0x0000000085100000, 0x0000000085100000|100%| O|  |TAMS 0x0000000085100000, 0x0000000085000000| Untracked 
|  81|0x0000000085100000, 0x0000000085200000, 0x0000000085200000|100%| O|  |TAMS 0x0000000085200000, 0x0000000085100000| Untracked 
|  82|0x0000000085200000, 0x0000000085300000, 0x0000000085300000|100%| O|  |TAMS 0x0000000085300000, 0x0000000085200000| Untracked 
|  83|0x0000000085300000, 0x0000000085400000, 0x0000000085400000|100%| O|  |TAMS 0x0000000085400000, 0x0000000085300000| Untracked 
|  84|0x0000000085400000, 0x0000000085500000, 0x0000000085500000|100%| O|  |TAMS 0x0000000085500000, 0x0000000085400000| Untracked 
|  85|0x0000000085500000, 0x0000000085600000, 0x0000000085600000|100%| O|  |TAMS 0x0000000085600000, 0x0000000085500000| Untracked 
|  86|0x0000000085600000, 0x0000000085700000, 0x0000000085700000|100%| O|  |TAMS 0x0000000085700000, 0x0000000085600000| Untracked 
|  87|0x0000000085700000, 0x0000000085800000, 0x0000000085800000|100%|HS|  |TAMS 0x0000000085800000, 0x0000000085700000| Complete 
|  88|0x0000000085800000, 0x0000000085900000, 0x0000000085900000|100%|HS|  |TAMS 0x0000000085900000, 0x0000000085800000| Complete 
|  89|0x0000000085900000, 0x0000000085a00000, 0x0000000085a00000|100%|HC|  |TAMS 0x0000000085a00000, 0x0000000085900000| Complete 
|  90|0x0000000085a00000, 0x0000000085b00000, 0x0000000085b00000|100%|HS|  |TAMS 0x0000000085b00000, 0x0000000085a00000| Complete 
|  91|0x0000000085b00000, 0x0000000085c00000, 0x0000000085c00000|100%|HS|  |TAMS 0x0000000085c00000, 0x0000000085b00000| Complete 
|  92|0x0000000085c00000, 0x0000000085d00000, 0x0000000085d00000|100%|HC|  |TAMS 0x0000000085d00000, 0x0000000085c00000| Complete 
|  93|0x0000000085d00000, 0x0000000085e00000, 0x0000000085e00000|100%|HC|  |TAMS 0x0000000085e00000, 0x0000000085d00000| Complete 
|  94|0x0000000085e00000, 0x0000000085f00000, 0x0000000085f00000|100%|HC|  |TAMS 0x0000000085f00000, 0x0000000085e00000| Complete 
|  95|0x0000000085f00000, 0x0000000085f00000, 0x0000000086000000|  0%| F|  |TAMS 0x0000000085f00000, 0x0000000085f00000| Untracked 
|  96|0x0000000086000000, 0x0000000086100000, 0x0000000086100000|100%| O|  |TAMS 0x0000000086100000, 0x0000000086000000| Untracked 
|  97|0x0000000086100000, 0x0000000086100000, 0x0000000086200000|  0%| F|  |TAMS 0x0000000086100000, 0x0000000086100000| Untracked 
|  98|0x0000000086200000, 0x0000000086200000, 0x0000000086300000|  0%| F|  |TAMS 0x0000000086200000, 0x0000000086200000| Untracked 
|  99|0x0000000086300000, 0x0000000086300000, 0x0000000086400000|  0%| F|  |TAMS 0x0000000086300000, 0x0000000086300000| Untracked 
| 100|0x0000000086400000, 0x0000000086400000, 0x0000000086500000|  0%| F|  |TAMS 0x0000000086400000, 0x0000000086400000| Untracked 
| 101|0x0000000086500000, 0x0000000086500000, 0x0000000086600000|  0%| F|  |TAMS 0x0000000086500000, 0x0000000086500000| Untracked 
| 102|0x0000000086600000, 0x0000000086600000, 0x0000000086700000|  0%| F|  |TAMS 0x0000000086600000, 0x0000000086600000| Untracked 
| 103|0x0000000086700000, 0x0000000086700000, 0x0000000086800000|  0%| F|  |TAMS 0x0000000086700000, 0x0000000086700000| Untracked 
| 104|0x0000000086800000, 0x0000000086800000, 0x0000000086900000|  0%| F|  |TAMS 0x0000000086800000, 0x0000000086800000| Untracked 
| 105|0x0000000086900000, 0x0000000086900000, 0x0000000086a00000|  0%| F|  |TAMS 0x0000000086900000, 0x0000000086900000| Untracked 
| 106|0x0000000086a00000, 0x0000000086a00000, 0x0000000086b00000|  0%| F|  |TAMS 0x0000000086a00000, 0x0000000086a00000| Untracked 
| 107|0x0000000086b00000, 0x0000000086b00000, 0x0000000086c00000|  0%| F|  |TAMS 0x0000000086b00000, 0x0000000086b00000| Untracked 
| 108|0x0000000086c00000, 0x0000000086c00000, 0x0000000086d00000|  0%| F|  |TAMS 0x0000000086c00000, 0x0000000086c00000| Untracked 
| 109|0x0000000086d00000, 0x0000000086d00000, 0x0000000086e00000|  0%| F|  |TAMS 0x0000000086d00000, 0x0000000086d00000| Untracked 
| 110|0x0000000086e00000, 0x0000000086e00000, 0x0000000086f00000|  0%| F|  |TAMS 0x0000000086e00000, 0x0000000086e00000| Untracked 
| 111|0x0000000086f00000, 0x0000000086f00000, 0x0000000087000000|  0%| F|  |TAMS 0x0000000086f00000, 0x0000000086f00000| Untracked 
| 112|0x0000000087000000, 0x0000000087000000, 0x0000000087100000|  0%| F|  |TAMS 0x0000000087000000, 0x0000000087000000| Untracked 
| 113|0x0000000087100000, 0x0000000087100000, 0x0000000087200000|  0%| F|  |TAMS 0x0000000087100000, 0x0000000087100000| Untracked 
| 114|0x0000000087200000, 0x0000000087200000, 0x0000000087300000|  0%| F|  |TAMS 0x0000000087200000, 0x0000000087200000| Untracked 
| 115|0x0000000087300000, 0x0000000087300000, 0x0000000087400000|  0%| F|  |TAMS 0x0000000087300000, 0x0000000087300000| Untracked 
| 116|0x0000000087400000, 0x0000000087400000, 0x0000000087500000|  0%| F|  |TAMS 0x0000000087400000, 0x0000000087400000| Untracked 
| 117|0x0000000087500000, 0x0000000087500000, 0x0000000087600000|  0%| F|  |TAMS 0x0000000087500000, 0x0000000087500000| Untracked 
| 118|0x0000000087600000, 0x0000000087600000, 0x0000000087700000|  0%| F|  |TAMS 0x0000000087600000, 0x0000000087600000| Untracked 
| 119|0x0000000087700000, 0x0000000087700000, 0x0000000087800000|  0%| F|  |TAMS 0x0000000087700000, 0x0000000087700000| Untracked 
| 120|0x0000000087800000, 0x0000000087800000, 0x0000000087900000|  0%| F|  |TAMS 0x0000000087800000, 0x0000000087800000| Untracked 
| 121|0x0000000087900000, 0x0000000087900000, 0x0000000087a00000|  0%| F|  |TAMS 0x0000000087900000, 0x0000000087900000| Untracked 
| 122|0x0000000087a00000, 0x0000000087a00000, 0x0000000087b00000|  0%| F|  |TAMS 0x0000000087a00000, 0x0000000087a00000| Untracked 
| 123|0x0000000087b00000, 0x0000000087b00000, 0x0000000087c00000|  0%| F|  |TAMS 0x0000000087b00000, 0x0000000087b00000| Untracked 
| 124|0x0000000087c00000, 0x0000000087c00000, 0x0000000087d00000|  0%| F|  |TAMS 0x0000000087c00000, 0x0000000087c00000| Untracked 
| 125|0x0000000087d00000, 0x0000000087d00000, 0x0000000087e00000|  0%| F|  |TAMS 0x0000000087d00000, 0x0000000087d00000| Untracked 
| 126|0x0000000087e00000, 0x0000000087e00000, 0x0000000087f00000|  0%| F|  |TAMS 0x0000000087e00000, 0x0000000087e00000| Untracked 
| 127|0x0000000087f00000, 0x0000000087f00000, 0x0000000088000000|  0%| F|  |TAMS 0x0000000087f00000, 0x0000000087f00000| Untracked 
| 128|0x0000000088000000, 0x0000000088000000, 0x0000000088100000|  0%| F|  |TAMS 0x0000000088000000, 0x0000000088000000| Untracked 
| 129|0x0000000088100000, 0x0000000088100000, 0x0000000088200000|  0%| F|  |TAMS 0x0000000088100000, 0x0000000088100000| Untracked 
| 130|0x0000000088200000, 0x0000000088200000, 0x0000000088300000|  0%| F|  |TAMS 0x0000000088200000, 0x0000000088200000| Untracked 
| 131|0x0000000088300000, 0x0000000088300000, 0x0000000088400000|  0%| F|  |TAMS 0x0000000088300000, 0x0000000088300000| Untracked 
| 132|0x0000000088400000, 0x0000000088400000, 0x0000000088500000|  0%| F|  |TAMS 0x0000000088400000, 0x0000000088400000| Untracked 
| 133|0x0000000088500000, 0x0000000088500000, 0x0000000088600000|  0%| F|  |TAMS 0x0000000088500000, 0x0000000088500000| Untracked 
| 134|0x0000000088600000, 0x0000000088600000, 0x0000000088700000|  0%| F|  |TAMS 0x0000000088600000, 0x0000000088600000| Untracked 
| 135|0x0000000088700000, 0x0000000088700000, 0x0000000088800000|  0%| F|  |TAMS 0x0000000088700000, 0x0000000088700000| Untracked 
| 136|0x0000000088800000, 0x0000000088800000, 0x0000000088900000|  0%| F|  |TAMS 0x0000000088800000, 0x0000000088800000| Untracked 
| 137|0x0000000088900000, 0x0000000088900000, 0x0000000088a00000|  0%| F|  |TAMS 0x0000000088900000, 0x0000000088900000| Untracked 
| 138|0x0000000088a00000, 0x0000000088a00000, 0x0000000088b00000|  0%| F|  |TAMS 0x0000000088a00000, 0x0000000088a00000| Untracked 
| 139|0x0000000088b00000, 0x0000000088b00000, 0x0000000088c00000|  0%| F|  |TAMS 0x0000000088b00000, 0x0000000088b00000| Untracked 
| 140|0x0000000088c00000, 0x0000000088c00000, 0x0000000088d00000|  0%| F|  |TAMS 0x0000000088c00000, 0x0000000088c00000| Untracked 
| 141|0x0000000088d00000, 0x0000000088d00000, 0x0000000088e00000|  0%| F|  |TAMS 0x0000000088d00000, 0x0000000088d00000| Untracked 
| 142|0x0000000088e00000, 0x0000000088e00000, 0x0000000088f00000|  0%| F|  |TAMS 0x0000000088e00000, 0x0000000088e00000| Untracked 
| 143|0x0000000088f00000, 0x0000000088f00000, 0x0000000089000000|  0%| F|  |TAMS 0x0000000088f00000, 0x0000000088f00000| Untracked 
| 144|0x0000000089000000, 0x0000000089000000, 0x0000000089100000|  0%| F|  |TAMS 0x0000000089000000, 0x0000000089000000| Untracked 
| 145|0x0000000089100000, 0x0000000089100000, 0x0000000089200000|  0%| F|  |TAMS 0x0000000089100000, 0x0000000089100000| Untracked 
| 146|0x0000000089200000, 0x0000000089200000, 0x0000000089300000|  0%| F|  |TAMS 0x0000000089200000, 0x0000000089200000| Untracked 
| 147|0x0000000089300000, 0x0000000089300000, 0x0000000089400000|  0%| F|  |TAMS 0x0000000089300000, 0x0000000089300000| Untracked 
| 148|0x0000000089400000, 0x0000000089400000, 0x0000000089500000|  0%| F|  |TAMS 0x0000000089400000, 0x0000000089400000| Untracked 
| 149|0x0000000089500000, 0x0000000089500000, 0x0000000089600000|  0%| F|  |TAMS 0x0000000089500000, 0x0000000089500000| Untracked 
| 150|0x0000000089600000, 0x0000000089600000, 0x0000000089700000|  0%| F|  |TAMS 0x0000000089600000, 0x0000000089600000| Untracked 
| 151|0x0000000089700000, 0x0000000089700000, 0x0000000089800000|  0%| F|  |TAMS 0x0000000089700000, 0x0000000089700000| Untracked 
| 152|0x0000000089800000, 0x0000000089800000, 0x0000000089900000|  0%| F|  |TAMS 0x0000000089800000, 0x0000000089800000| Untracked 
| 153|0x0000000089900000, 0x0000000089900000, 0x0000000089a00000|  0%| F|  |TAMS 0x0000000089900000, 0x0000000089900000| Untracked 
| 154|0x0000000089a00000, 0x0000000089a00000, 0x0000000089b00000|  0%| F|  |TAMS 0x0000000089a00000, 0x0000000089a00000| Untracked 
| 155|0x0000000089b00000, 0x0000000089b00000, 0x0000000089c00000|  0%| F|  |TAMS 0x0000000089b00000, 0x0000000089b00000| Untracked 
| 156|0x0000000089c00000, 0x0000000089c00000, 0x0000000089d00000|  0%| F|  |TAMS 0x0000000089c00000, 0x0000000089c00000| Untracked 
| 157|0x0000000089d00000, 0x0000000089d00000, 0x0000000089e00000|  0%| F|  |TAMS 0x0000000089d00000, 0x0000000089d00000| Untracked 
| 158|0x0000000089e00000, 0x0000000089e00000, 0x0000000089f00000|  0%| F|  |TAMS 0x0000000089e00000, 0x0000000089e00000| Untracked 
| 159|0x0000000089f00000, 0x0000000089f00000, 0x000000008a000000|  0%| F|  |TAMS 0x0000000089f00000, 0x0000000089f00000| Untracked 
| 160|0x000000008a000000, 0x000000008a000000, 0x000000008a100000|  0%| F|  |TAMS 0x000000008a000000, 0x000000008a000000| Untracked 
| 161|0x000000008a100000, 0x000000008a100000, 0x000000008a200000|  0%| F|  |TAMS 0x000000008a100000, 0x000000008a100000| Untracked 
| 162|0x000000008a200000, 0x000000008a200000, 0x000000008a300000|  0%| F|  |TAMS 0x000000008a200000, 0x000000008a200000| Untracked 
| 163|0x000000008a300000, 0x000000008a300000, 0x000000008a400000|  0%| F|  |TAMS 0x000000008a300000, 0x000000008a300000| Untracked 
| 164|0x000000008a400000, 0x000000008a400000, 0x000000008a500000|  0%| F|  |TAMS 0x000000008a400000, 0x000000008a400000| Untracked 
| 165|0x000000008a500000, 0x000000008a500000, 0x000000008a600000|  0%| F|  |TAMS 0x000000008a500000, 0x000000008a500000| Untracked 
| 166|0x000000008a600000, 0x000000008a600000, 0x000000008a700000|  0%| F|  |TAMS 0x000000008a600000, 0x000000008a600000| Untracked 
| 167|0x000000008a700000, 0x000000008a800000, 0x000000008a800000|100%| S|CS|TAMS 0x000000008a700000, 0x000000008a700000| Complete 
| 168|0x000000008a800000, 0x000000008a900000, 0x000000008a900000|100%| S|CS|TAMS 0x000000008a800000, 0x000000008a800000| Complete 
| 169|0x000000008a900000, 0x000000008aa00000, 0x000000008aa00000|100%| S|CS|TAMS 0x000000008a900000, 0x000000008a900000| Complete 
| 170|0x000000008aa00000, 0x000000008ab00000, 0x000000008ab00000|100%| S|CS|TAMS 0x000000008aa00000, 0x000000008aa00000| Complete 
| 171|0x000000008ab00000, 0x000000008ac00000, 0x000000008ac00000|100%| S|CS|TAMS 0x000000008ab00000, 0x000000008ab00000| Complete 
| 172|0x000000008ac00000, 0x000000008ad00000, 0x000000008ad00000|100%| S|CS|TAMS 0x000000008ac00000, 0x000000008ac00000| Complete 
| 173|0x000000008ad00000, 0x000000008ae00000, 0x000000008ae00000|100%| S|CS|TAMS 0x000000008ad00000, 0x000000008ad00000| Complete 
| 174|0x000000008ae00000, 0x000000008af00000, 0x000000008af00000|100%| S|CS|TAMS 0x000000008ae00000, 0x000000008ae00000| Complete 
| 175|0x000000008af00000, 0x000000008b000000, 0x000000008b000000|100%| S|CS|TAMS 0x000000008af00000, 0x000000008af00000| Complete 
| 176|0x000000008b000000, 0x000000008b100000, 0x000000008b100000|100%| S|CS|TAMS 0x000000008b000000, 0x000000008b000000| Complete 
| 177|0x000000008b100000, 0x000000008b200000, 0x000000008b200000|100%| S|CS|TAMS 0x000000008b100000, 0x000000008b100000| Complete 
| 178|0x000000008b200000, 0x000000008b300000, 0x000000008b300000|100%| S|CS|TAMS 0x000000008b200000, 0x000000008b200000| Complete 
| 179|0x000000008b300000, 0x000000008b400000, 0x000000008b400000|100%| S|CS|TAMS 0x000000008b300000, 0x000000008b300000| Complete 
| 180|0x000000008b400000, 0x000000008b500000, 0x000000008b500000|100%| S|CS|TAMS 0x000000008b400000, 0x000000008b400000| Complete 
| 181|0x000000008b500000, 0x000000008b600000, 0x000000008b600000|100%| S|CS|TAMS 0x000000008b500000, 0x000000008b500000| Complete 
| 182|0x000000008b600000, 0x000000008b600000, 0x000000008b700000|  0%| F|  |TAMS 0x000000008b600000, 0x000000008b600000| Untracked 
| 183|0x000000008b700000, 0x000000008b700000, 0x000000008b800000|  0%| F|  |TAMS 0x000000008b700000, 0x000000008b700000| Untracked 
| 184|0x000000008b800000, 0x000000008b800000, 0x000000008b900000|  0%| F|  |TAMS 0x000000008b800000, 0x000000008b800000| Untracked 
| 185|0x000000008b900000, 0x000000008b900000, 0x000000008ba00000|  0%| F|  |TAMS 0x000000008b900000, 0x000000008b900000| Untracked 
| 186|0x000000008ba00000, 0x000000008ba00000, 0x000000008bb00000|  0%| F|  |TAMS 0x000000008ba00000, 0x000000008ba00000| Untracked 
| 187|0x000000008bb00000, 0x000000008bb00000, 0x000000008bc00000|  0%| F|  |TAMS 0x000000008bb00000, 0x000000008bb00000| Untracked 
| 188|0x000000008bc00000, 0x000000008bc00000, 0x000000008bd00000|  0%| F|  |TAMS 0x000000008bc00000, 0x000000008bc00000| Untracked 
| 189|0x000000008bd00000, 0x000000008bd00000, 0x000000008be00000|  0%| F|  |TAMS 0x000000008bd00000, 0x000000008bd00000| Untracked 
| 190|0x000000008be00000, 0x000000008be00000, 0x000000008bf00000|  0%| F|  |TAMS 0x000000008be00000, 0x000000008be00000| Untracked 
| 191|0x000000008bf00000, 0x000000008bf00000, 0x000000008c000000|  0%| F|  |TAMS 0x000000008bf00000, 0x000000008bf00000| Untracked 
| 192|0x000000008c000000, 0x000000008c000000, 0x000000008c100000|  0%| F|  |TAMS 0x000000008c000000, 0x000000008c000000| Untracked 
| 193|0x000000008c100000, 0x000000008c100000, 0x000000008c200000|  0%| F|  |TAMS 0x000000008c100000, 0x000000008c100000| Untracked 
| 194|0x000000008c200000, 0x000000008c200000, 0x000000008c300000|  0%| F|  |TAMS 0x000000008c200000, 0x000000008c200000| Untracked 
| 195|0x000000008c300000, 0x000000008c300000, 0x000000008c400000|  0%| F|  |TAMS 0x000000008c300000, 0x000000008c300000| Untracked 
| 196|0x000000008c400000, 0x000000008c400000, 0x000000008c500000|  0%| F|  |TAMS 0x000000008c400000, 0x000000008c400000| Untracked 
| 197|0x000000008c500000, 0x000000008c500000, 0x000000008c600000|  0%| F|  |TAMS 0x000000008c500000, 0x000000008c500000| Untracked 
| 198|0x000000008c600000, 0x000000008c600000, 0x000000008c700000|  0%| F|  |TAMS 0x000000008c600000, 0x000000008c600000| Untracked 
| 199|0x000000008c700000, 0x000000008c700000, 0x000000008c800000|  0%| F|  |TAMS 0x000000008c700000, 0x000000008c700000| Untracked 
| 200|0x000000008c800000, 0x000000008c800000, 0x000000008c900000|  0%| F|  |TAMS 0x000000008c800000, 0x000000008c800000| Untracked 
| 201|0x000000008c900000, 0x000000008c900000, 0x000000008ca00000|  0%| F|  |TAMS 0x000000008c900000, 0x000000008c900000| Untracked 
| 202|0x000000008ca00000, 0x000000008ca00000, 0x000000008cb00000|  0%| F|  |TAMS 0x000000008ca00000, 0x000000008ca00000| Untracked 
| 203|0x000000008cb00000, 0x000000008cb00000, 0x000000008cc00000|  0%| F|  |TAMS 0x000000008cb00000, 0x000000008cb00000| Untracked 
| 204|0x000000008cc00000, 0x000000008cc00000, 0x000000008cd00000|  0%| F|  |TAMS 0x000000008cc00000, 0x000000008cc00000| Untracked 
| 205|0x000000008cd00000, 0x000000008cd00000, 0x000000008ce00000|  0%| F|  |TAMS 0x000000008cd00000, 0x000000008cd00000| Untracked 
| 206|0x000000008ce00000, 0x000000008ce00000, 0x000000008cf00000|  0%| F|  |TAMS 0x000000008ce00000, 0x000000008ce00000| Untracked 
| 207|0x000000008cf00000, 0x000000008cf00000, 0x000000008d000000|  0%| F|  |TAMS 0x000000008cf00000, 0x000000008cf00000| Untracked 
| 208|0x000000008d000000, 0x000000008d000000, 0x000000008d100000|  0%| F|  |TAMS 0x000000008d000000, 0x000000008d000000| Untracked 
| 209|0x000000008d100000, 0x000000008d100000, 0x000000008d200000|  0%| F|  |TAMS 0x000000008d100000, 0x000000008d100000| Untracked 
| 210|0x000000008d200000, 0x000000008d200000, 0x000000008d300000|  0%| F|  |TAMS 0x000000008d200000, 0x000000008d200000| Untracked 
| 211|0x000000008d300000, 0x000000008d300000, 0x000000008d400000|  0%| F|  |TAMS 0x000000008d300000, 0x000000008d300000| Untracked 
| 212|0x000000008d400000, 0x000000008d400000, 0x000000008d500000|  0%| F|  |TAMS 0x000000008d400000, 0x000000008d400000| Untracked 
| 213|0x000000008d500000, 0x000000008d500000, 0x000000008d600000|  0%| F|  |TAMS 0x000000008d500000, 0x000000008d500000| Untracked 
| 214|0x000000008d600000, 0x000000008d600000, 0x000000008d700000|  0%| F|  |TAMS 0x000000008d600000, 0x000000008d600000| Untracked 
| 215|0x000000008d700000, 0x000000008d700000, 0x000000008d800000|  0%| F|  |TAMS 0x000000008d700000, 0x000000008d700000| Untracked 
| 216|0x000000008d800000, 0x000000008d800000, 0x000000008d900000|  0%| F|  |TAMS 0x000000008d800000, 0x000000008d800000| Untracked 
| 217|0x000000008d900000, 0x000000008d900000, 0x000000008da00000|  0%| F|  |TAMS 0x000000008d900000, 0x000000008d900000| Untracked 
| 218|0x000000008da00000, 0x000000008da00000, 0x000000008db00000|  0%| F|  |TAMS 0x000000008da00000, 0x000000008da00000| Untracked 
| 219|0x000000008db00000, 0x000000008db00000, 0x000000008dc00000|  0%| F|  |TAMS 0x000000008db00000, 0x000000008db00000| Untracked 
| 220|0x000000008dc00000, 0x000000008dc00000, 0x000000008dd00000|  0%| F|  |TAMS 0x000000008dc00000, 0x000000008dc00000| Untracked 
| 221|0x000000008dd00000, 0x000000008dd00000, 0x000000008de00000|  0%| F|  |TAMS 0x000000008dd00000, 0x000000008dd00000| Untracked 
| 222|0x000000008de00000, 0x000000008de00000, 0x000000008df00000|  0%| F|  |TAMS 0x000000008de00000, 0x000000008de00000| Untracked 
| 223|0x000000008df00000, 0x000000008df00000, 0x000000008e000000|  0%| F|  |TAMS 0x000000008df00000, 0x000000008df00000| Untracked 
| 224|0x000000008e000000, 0x000000008e000000, 0x000000008e100000|  0%| F|  |TAMS 0x000000008e000000, 0x000000008e000000| Untracked 
| 225|0x000000008e100000, 0x000000008e100000, 0x000000008e200000|  0%| F|  |TAMS 0x000000008e100000, 0x000000008e100000| Untracked 
| 226|0x000000008e200000, 0x000000008e200000, 0x000000008e300000|  0%| F|  |TAMS 0x000000008e200000, 0x000000008e200000| Untracked 
| 227|0x000000008e300000, 0x000000008e300000, 0x000000008e400000|  0%| F|  |TAMS 0x000000008e300000, 0x000000008e300000| Untracked 
| 228|0x000000008e400000, 0x000000008e400000, 0x000000008e500000|  0%| F|  |TAMS 0x000000008e400000, 0x000000008e400000| Untracked 
| 229|0x000000008e500000, 0x000000008e500000, 0x000000008e600000|  0%| F|  |TAMS 0x000000008e500000, 0x000000008e500000| Untracked 
| 230|0x000000008e600000, 0x000000008e600000, 0x000000008e700000|  0%| F|  |TAMS 0x000000008e600000, 0x000000008e600000| Untracked 
| 231|0x000000008e700000, 0x000000008e700000, 0x000000008e800000|  0%| F|  |TAMS 0x000000008e700000, 0x000000008e700000| Untracked 
| 232|0x000000008e800000, 0x000000008e800000, 0x000000008e900000|  0%| F|  |TAMS 0x000000008e800000, 0x000000008e800000| Untracked 
| 233|0x000000008e900000, 0x000000008e900000, 0x000000008ea00000|  0%| F|  |TAMS 0x000000008e900000, 0x000000008e900000| Untracked 
| 234|0x000000008ea00000, 0x000000008ea00000, 0x000000008eb00000|  0%| F|  |TAMS 0x000000008ea00000, 0x000000008ea00000| Untracked 
| 235|0x000000008eb00000, 0x000000008eb00000, 0x000000008ec00000|  0%| F|  |TAMS 0x000000008eb00000, 0x000000008eb00000| Untracked 
| 236|0x000000008ec00000, 0x000000008ec00000, 0x000000008ed00000|  0%| F|  |TAMS 0x000000008ec00000, 0x000000008ec00000| Untracked 
| 237|0x000000008ed00000, 0x000000008ed00000, 0x000000008ee00000|  0%| F|  |TAMS 0x000000008ed00000, 0x000000008ed00000| Untracked 
| 238|0x000000008ee00000, 0x000000008ee00000, 0x000000008ef00000|  0%| F|  |TAMS 0x000000008ee00000, 0x000000008ee00000| Untracked 
| 239|0x000000008ef00000, 0x000000008f000000, 0x000000008f000000|100%| E|  |TAMS 0x000000008ef00000, 0x000000008ef00000| Complete 
| 240|0x000000008f000000, 0x000000008f100000, 0x000000008f100000|100%| E|CS|TAMS 0x000000008f000000, 0x000000008f000000| Complete 
| 241|0x000000008f100000, 0x000000008f200000, 0x000000008f200000|100%| E|CS|TAMS 0x000000008f100000, 0x000000008f100000| Complete 
| 242|0x000000008f200000, 0x000000008f300000, 0x000000008f300000|100%| E|CS|TAMS 0x000000008f200000, 0x000000008f200000| Complete 
| 243|0x000000008f300000, 0x000000008f400000, 0x000000008f400000|100%| E|CS|TAMS 0x000000008f300000, 0x000000008f300000| Complete 
| 244|0x000000008f400000, 0x000000008f500000, 0x000000008f500000|100%| E|CS|TAMS 0x000000008f400000, 0x000000008f400000| Complete 
| 245|0x000000008f500000, 0x000000008f600000, 0x000000008f600000|100%| E|CS|TAMS 0x000000008f500000, 0x000000008f500000| Complete 
| 246|0x000000008f600000, 0x000000008f700000, 0x000000008f700000|100%| E|CS|TAMS 0x000000008f600000, 0x000000008f600000| Complete 
| 247|0x000000008f700000, 0x000000008f800000, 0x000000008f800000|100%| E|CS|TAMS 0x000000008f700000, 0x000000008f700000| Complete 
| 248|0x000000008f800000, 0x000000008f900000, 0x000000008f900000|100%| E|CS|TAMS 0x000000008f800000, 0x000000008f800000| Complete 
| 249|0x000000008f900000, 0x000000008fa00000, 0x000000008fa00000|100%| E|CS|TAMS 0x000000008f900000, 0x000000008f900000| Complete 
| 250|0x000000008fa00000, 0x000000008fb00000, 0x000000008fb00000|100%| E|CS|TAMS 0x000000008fa00000, 0x000000008fa00000| Complete 
| 251|0x000000008fb00000, 0x000000008fc00000, 0x000000008fc00000|100%| E|CS|TAMS 0x000000008fb00000, 0x000000008fb00000| Complete 
| 252|0x000000008fc00000, 0x000000008fd00000, 0x000000008fd00000|100%| E|CS|TAMS 0x000000008fc00000, 0x000000008fc00000| Complete 
| 253|0x000000008fd00000, 0x000000008fe00000, 0x000000008fe00000|100%| E|CS|TAMS 0x000000008fd00000, 0x000000008fd00000| Complete 

Card table byte_map: [0x0000029fb0970000,0x0000029fb0d70000] _byte_map_base: 0x0000029fb0570000

Marking Bits (Prev, Next): (CMBitMap*) 0x0000029f9b2d0210, (CMBitMap*) 0x0000029f9b2d01d8
 Prev Bits: [0x0000029fb3170000, 0x0000029fb5170000)
 Next Bits: [0x0000029fb1170000, 0x0000029fb3170000)

Polling page: 0x0000029f9b0d0000

Metaspace:

Usage:
  Non-class:     51.98 MB capacity,    50.94 MB ( 98%) used,   877.88 KB (  2%) free+waste,   182.25 KB ( <1%) overhead. 
      Class:      8.16 MB capacity,     7.44 MB ( 91%) used,   642.40 KB (  8%) free+waste,    88.12 KB (  1%) overhead. 
       Both:     60.13 MB capacity,    58.39 MB ( 97%) used,     1.48 MB (  2%) free+waste,   270.38 KB ( <1%) overhead. 

Virtual space:
  Non-class space:       54.00 MB reserved,      52.21 MB ( 97%) committed 
      Class space:        1.00 GB reserved,       8.25 MB ( <1%) committed 
             Both:        1.05 GB reserved,      60.46 MB (  6%) committed 

Chunk freelists:
   Non-Class:  0 bytes
       Class:  0 bytes
        Both:  0 bytes

MaxMetaspaceSize: 17179869184.00 GB
CompressedClassSpaceSize: 1.00 GB
Initial GC threshold: 20.80 MB
Current GC threshold: 98.68 MB
CDS: off

CodeHeap 'non-profiled nmethods': size=119168Kb used=3916Kb max_used=3916Kb free=115251Kb
 bounds [0x0000029fa8160000, 0x0000029fa8540000, 0x0000029faf5c0000]
CodeHeap 'profiled nmethods': size=119168Kb used=14979Kb max_used=14979Kb free=104188Kb
 bounds [0x0000029fa0d00000, 0x0000029fa1bb0000, 0x0000029fa8160000]
CodeHeap 'non-nmethods': size=7424Kb used=4022Kb max_used=4104Kb free=3401Kb
 bounds [0x0000029fa05c0000, 0x0000029fa09d0000, 0x0000029fa0d00000]
 total_blobs=7873 nmethods=7027 adapters=755
 compilation: enabled
              stopped_count=0, restarted_count=0
 full_count=0

Compilation events (20 events):
Event: 4.037 Thread 0x0000029fb8acc800 6999       3       org.gradle.internal.instantiation.generator.AsmBackedClassGenerator$ClassBuilderImpl::access$4900 (4 bytes)
Event: 4.037 Thread 0x0000029fb8acc800 nmethod 6999 0x0000029fa1b8b390 code [0x0000029fa1b8b540, 0x0000029fa1b8b638]
Event: 4.039 Thread 0x0000029fb93a8800 7000       3       org.gradle.api.internal.DefaultMutationGuard::removeThreadLocalStateIfMutationAllowed (12 bytes)
Event: 4.039 Thread 0x0000029fba435000 7001       3       org.gradle.api.internal.DefaultMutationGuard$1::initialValue (5 bytes)
Event: 4.039 Thread 0x0000029fb8c04800 7002       3       org.gradle.api.internal.DefaultMutationGuard$1::initialValue (4 bytes)
Event: 4.039 Thread 0x0000029fb8c04800 nmethod 7002 0x0000029fa1b8b710 code [0x0000029fa1b8b8c0, 0x0000029fa1b8b9d8]
Event: 4.039 Thread 0x0000029fba435000 nmethod 7001 0x0000029fa1b8ba90 code [0x0000029fa1b8bc40, 0x0000029fa1b8bdb8]
Event: 4.039 Thread 0x0000029fb93a8800 nmethod 7000 0x0000029fa1b8be90 code [0x0000029fa1b8c040, 0x0000029fa1b8c228]
Event: 4.040 Thread 0x0000029fb8acc800 7003       3       org.gradle.api.internal.DefaultMutationGuard::isMutationAllowed (21 bytes)
Event: 4.040 Thread 0x0000029fb8c04800 7004       3       com.google.common.cache.LocalCache$LocalLoadingCache::get (9 bytes)
Event: 4.040 Thread 0x0000029fba435000 7005       3       com.google.common.cache.LocalCache::getOrLoad (10 bytes)
Event: 4.041 Thread 0x0000029fb8acc800 nmethod 7003 0x0000029fa1b8c310 code [0x0000029fa1b8c500, 0x0000029fa1b8c938]
Event: 4.041 Thread 0x0000029fba435000 nmethod 7005 0x0000029fa1b8ca90 code [0x0000029fa1b8ccc0, 0x0000029fa1b8d298]
Event: 4.041 Thread 0x0000029fb8c04800 nmethod 7004 0x0000029fa1b8d590 code [0x0000029fa1b8d7c0, 0x0000029fa1b8ddf8]
Event: 4.043 Thread 0x0000029fb93a8800 7006       3       org.gradle.model.internal.asm.ClassVisitorScope::addGetter (11 bytes)
Event: 4.043 Thread 0x0000029fb93a8800 nmethod 7006 0x0000029fa1b8e110 code [0x0000029fa1b8e320, 0x0000029fa1b8eac8]
Event: 4.044 Thread 0x0000029fb8acc800 7007  s    3       org.gradle.internal.classloader.VisitableURLClassLoader::getUserData (48 bytes)
Event: 4.044 Thread 0x0000029fb8acc800 nmethod 7007 0x0000029fa1b8ed90 code [0x0000029fa1b8efa0, 0x0000029fa1b8f638]
Event: 4.046 Thread 0x0000029fba435000 7008       3       java.lang.reflect.Constructor::hasGenericInformation (13 bytes)
Event: 4.046 Thread 0x0000029fba435000 nmethod 7008 0x0000029fa1b8f810 code [0x0000029fa1b8f9c0, 0x0000029fa1b8fb38]

GC Heap History (14 events):
Event: 0.356 GC heap before
{Heap before GC invocations=0 (full 0):
 garbage-first heap   total 260096K, used 29696K [0x0000000080000000, 0x0000000100000000)
  region size 1024K, 24 young (24576K), 0 survivors (0K)
 Metaspace       used 10098K, capacity 10342K, committed 10624K, reserved 1058816K
  class space    used 1024K, capacity 1107K, committed 1152K, reserved 1048576K
}
Event: 0.358 GC heap after
{Heap after GC invocations=1 (full 0):
 garbage-first heap   total 260096K, used 9244K [0x0000000080000000, 0x0000000100000000)
  region size 1024K, 3 young (3072K), 3 survivors (3072K)
 Metaspace       used 10098K, capacity 10342K, committed 10624K, reserved 1058816K
  class space    used 1024K, capacity 1107K, committed 1152K, reserved 1048576K
}
Event: 1.314 GC heap before
{Heap before GC invocations=1 (full 0):
 garbage-first heap   total 260096K, used 103452K [0x0000000080000000, 0x0000000100000000)
  region size 1024K, 95 young (97280K), 3 survivors (3072K)
 Metaspace       used 20760K, capacity 21137K, committed 21296K, reserved 1069056K
  class space    used 2477K, capacity 2634K, committed 2688K, reserved 1048576K
}
Event: 1.319 GC heap after
{Heap after GC invocations=2 (full 0):
 garbage-first heap   total 260096K, used 16507K [0x0000000080000000, 0x0000000100000000)
  region size 1024K, 11 young (11264K), 11 survivors (11264K)
 Metaspace       used 20760K, capacity 21137K, committed 21296K, reserved 1069056K
  class space    used 2477K, capacity 2634K, committed 2688K, reserved 1048576K
}
Event: 1.587 GC heap before
{Heap before GC invocations=3 (full 0):
 garbage-first heap   total 260096K, used 69755K [0x0000000080000000, 0x0000000100000000)
  region size 1024K, 63 young (64512K), 11 survivors (11264K)
 Metaspace       used 25761K, capacity 26323K, committed 26544K, reserved 1073152K
  class space    used 3301K, capacity 3498K, committed 3584K, reserved 1048576K
}
Event: 1.591 GC heap after
{Heap after GC invocations=4 (full 0):
 garbage-first heap   total 260096K, used 18679K [0x0000000080000000, 0x0000000100000000)
  region size 1024K, 3 young (3072K), 3 survivors (3072K)
 Metaspace       used 25761K, capacity 26323K, committed 26544K, reserved 1073152K
  class space    used 3301K, capacity 3498K, committed 3584K, reserved 1048576K
}
Event: 2.149 GC heap before
{Heap before GC invocations=4 (full 0):
 garbage-first heap   total 260096K, used 136439K [0x0000000080000000, 0x0000000100000000)
  region size 1024K, 93 young (95232K), 3 survivors (3072K)
 Metaspace       used 34799K, capacity 35833K, committed 35920K, reserved 1081344K
  class space    used 4663K, capacity 5071K, committed 5120K, reserved 1048576K
}
Event: 2.158 GC heap after
{Heap after GC invocations=5 (full 0):
 garbage-first heap   total 260096K, used 53537K [0x0000000080000000, 0x0000000100000000)
  region size 1024K, 10 young (10240K), 10 survivors (10240K)
 Metaspace       used 34799K, capacity 35833K, committed 35920K, reserved 1081344K
  class space    used 4663K, capacity 5071K, committed 5120K, reserved 1048576K
}
Event: 2.977 GC heap before
{Heap before GC invocations=6 (full 0):
 garbage-first heap   total 260096K, used 193825K [0x0000000080000000, 0x0000000100000000)
  region size 1024K, 124 young (126976K), 10 survivors (10240K)
 Metaspace       used 46774K, capacity 48202K, committed 48464K, reserved 1091584K
  class space    used 5861K, capacity 6365K, committed 6400K, reserved 1048576K
}
Event: 2.985 GC heap after
{Heap after GC invocations=7 (full 0):
 garbage-first heap   total 260096K, used 83904K [0x0000000080000000, 0x0000000100000000)
  region size 1024K, 16 young (16384K), 16 survivors (16384K)
 Metaspace       used 46774K, capacity 48202K, committed 48464K, reserved 1091584K
  class space    used 5861K, capacity 6365K, committed 6400K, reserved 1048576K
}
Event: 3.544 GC heap before
{Heap before GC invocations=7 (full 0):
 garbage-first heap   total 260096K, used 201664K [0x0000000080000000, 0x0000000100000000)
  region size 1024K, 126 young (129024K), 16 survivors (16384K)
 Metaspace       used 52613K, capacity 54153K, committed 54352K, reserved 1095680K
  class space    used 6719K, capacity 7312K, committed 7424K, reserved 1048576K
}
Event: 3.553 GC heap after
{Heap after GC invocations=8 (full 0):
 garbage-first heap   total 260096K, used 96462K [0x0000000080000000, 0x0000000100000000)
  region size 1024K, 8 young (8192K), 8 survivors (8192K)
 Metaspace       used 52613K, capacity 54153K, committed 54352K, reserved 1095680K
  class space    used 6719K, capacity 7312K, committed 7424K, reserved 1048576K
}
Event: 3.922 GC heap before
{Heap before GC invocations=8 (full 0):
 garbage-first heap   total 260096K, used 177358K [0x0000000080000000, 0x0000000100000000)
  region size 1024K, 80 young (81920K), 8 survivors (8192K)
 Metaspace       used 58485K, capacity 60151K, committed 60240K, reserved 1101824K
  class space    used 7409K, capacity 8108K, committed 8192K, reserved 1048576K
}
Event: 3.930 GC heap after
{Heap after GC invocations=9 (full 0):
 garbage-first heap   total 260096K, used 113664K [0x0000000080000000, 0x0000000100000000)
  region size 1024K, 15 young (15360K), 15 survivors (15360K)
 Metaspace       used 58485K, capacity 60151K, committed 60240K, reserved 1101824K
  class space    used 7409K, capacity 8108K, committed 8192K, reserved 1048576K
}

Deoptimization events (20 events):
Event: 3.867 Thread 0x0000029fb965c800 Uncommon trap: trap_request=0xffffffde fr.pc=0x0000029fa833296c relative=0x000000000000408c
Event: 3.867 Thread 0x0000029fb965c800 Uncommon trap: reason=class_check action=maybe_recompile pc=0x0000029fa833296c method=java.lang.reflect.Executable.getAnnotation(Ljava/lang/Class;)Ljava/lang/annotation/Annotation; @ 19 c2
Event: 3.867 Thread 0x0000029fb965c800 DEOPT PACKING pc=0x0000029fa833296c sp=0x000000e8e9ef69a0
Event: 3.867 Thread 0x0000029fb965c800 DEOPT UNPACKING pc=0x0000029fa060a1af sp=0x000000e8e9ef69c8 mode 2
Event: 3.867 Thread 0x0000029fb965c800 Uncommon trap: trap_request=0xffffff4d fr.pc=0x0000029fa84f1540 relative=0x0000000000000160
Event: 3.867 Thread 0x0000029fb965c800 Uncommon trap: reason=unstable_if action=reinterpret pc=0x0000029fa84f1540 method=org.gradle.internal.instantiation.generator.AbstractClassGenerator$InjectionAnnotationValidator.validateMethod(Ljava/lang/reflect/Method;Lorg/gradle/internal/reflect/Propert
Event: 3.867 Thread 0x0000029fb965c800 DEOPT PACKING pc=0x0000029fa84f1540 sp=0x000000e8e9ef6ad0
Event: 3.867 Thread 0x0000029fb965c800 DEOPT UNPACKING pc=0x0000029fa060a1af sp=0x000000e8e9ef6a70 mode 2
Event: 3.930 Thread 0x0000029fb8c3f800 Uncommon trap: trap_request=0xffffffde fr.pc=0x0000029fa82d386c relative=0x000000000000052c
Event: 3.930 Thread 0x0000029fb8c3f800 Uncommon trap: reason=class_check action=maybe_recompile pc=0x0000029fa82d386c method=jdk.internal.ref.PhantomCleanable.clean()V @ 12 c2
Event: 3.930 Thread 0x0000029fb8c3f800 DEOPT PACKING pc=0x0000029fa82d386c sp=0x000000e8e8fff2a0
Event: 3.930 Thread 0x0000029fb8c3f800 DEOPT UNPACKING pc=0x0000029fa060a1af sp=0x000000e8e8fff280 mode 2
Event: 3.979 Thread 0x0000029fb965c800 Uncommon trap: trap_request=0xffffff7e fr.pc=0x0000029fa851e5b0 relative=0x0000000000000370
Event: 3.979 Thread 0x0000029fb965c800 Uncommon trap: reason=predicate action=maybe_recompile pc=0x0000029fa851e5b0 method=java.util.AbstractCollection.toArray([Ljava/lang/Object;)[Ljava/lang/Object; @ 43 c2
Event: 3.979 Thread 0x0000029fb965c800 DEOPT PACKING pc=0x0000029fa851e5b0 sp=0x000000e8e9ef7000
Event: 3.979 Thread 0x0000029fb965c800 DEOPT UNPACKING pc=0x0000029fa060a1af sp=0x000000e8e9ef6fa8 mode 2
Event: 3.998 Thread 0x0000029fb965c800 Uncommon trap: trap_request=0xffffff4d fr.pc=0x0000029fa832d6fc relative=0x000000000000037c
Event: 3.998 Thread 0x0000029fb965c800 Uncommon trap: reason=unstable_if action=reinterpret pc=0x0000029fa832d6fc method=jdk.internal.org.objectweb.asm.MethodWriter.visitVarInsn(II)V @ 136 c2
Event: 3.998 Thread 0x0000029fb965c800 DEOPT PACKING pc=0x0000029fa832d6fc sp=0x000000e8e9ef53a0
Event: 3.998 Thread 0x0000029fb965c800 DEOPT UNPACKING pc=0x0000029fa060a1af sp=0x000000e8e9ef5350 mode 2

Classes redefined (0 events):
No events

Internal exceptions (20 events):
Event: 3.655 Thread 0x0000029fb965c800 Exception <a 'java/security/PrivilegedActionException'{0x000000008e63e2e0}> (0x000000008e63e2e0) thrown at [src/hotspot/share/prims/jvm.cpp, line 1306]
Event: 3.655 Thread 0x0000029fb965c800 Exception <a 'java/security/PrivilegedActionException'{0x000000008e6417b0}> (0x000000008e6417b0) thrown at [src/hotspot/share/prims/jvm.cpp, line 1306]
Event: 3.655 Thread 0x0000029fb965c800 Exception <a 'java/security/PrivilegedActionException'{0x000000008e642d18}> (0x000000008e642d18) thrown at [src/hotspot/share/prims/jvm.cpp, line 1306]
Event: 3.655 Thread 0x0000029fb965c800 Exception <a 'java/security/PrivilegedActionException'{0x000000008e646140}> (0x000000008e646140) thrown at [src/hotspot/share/prims/jvm.cpp, line 1306]
Event: 3.655 Thread 0x0000029fb965c800 Exception <a 'java/security/PrivilegedActionException'{0x000000008e6476a8}> (0x000000008e6476a8) thrown at [src/hotspot/share/prims/jvm.cpp, line 1306]
Event: 3.655 Thread 0x0000029fb965c800 Exception <a 'java/security/PrivilegedActionException'{0x000000008e64ab20}> (0x000000008e64ab20) thrown at [src/hotspot/share/prims/jvm.cpp, line 1306]
Event: 3.655 Thread 0x0000029fb965c800 Exception <a 'java/security/PrivilegedActionException'{0x000000008e64c088}> (0x000000008e64c088) thrown at [src/hotspot/share/prims/jvm.cpp, line 1306]
Event: 3.655 Thread 0x0000029fb965c800 Exception <a 'java/security/PrivilegedActionException'{0x000000008e64f558}> (0x000000008e64f558) thrown at [src/hotspot/share/prims/jvm.cpp, line 1306]
Event: 3.655 Thread 0x0000029fb965c800 Exception <a 'java/security/PrivilegedActionException'{0x000000008e650ac0}> (0x000000008e650ac0) thrown at [src/hotspot/share/prims/jvm.cpp, line 1306]
Event: 3.734 Thread 0x0000029fb965c800 Exception <a 'java/lang/NoSuchMethodError'{0x000000008d5735d0}: 'java.lang.Object java.lang.invoke.DirectMethodHandle$Holder.invokeStatic(java.lang.Object, java.lang.Object, java.lang.Object, java.lang.Object, int)'> (0x000000008d5735d0) thrown at [src/hotspot/share/interpreter/linkResolver.cpp, line 773]
Event: 3.734 Thread 0x0000029fb965c800 Exception <a 'java/lang/NoSuchMethodError'{0x000000008d578270}: 'java.lang.Object java.lang.invoke.DirectMethodHandle$Holder.invokeSpecial(java.lang.Object, java.lang.Object, java.lang.Object, java.lang.Object, java.lang.Object, int)'> (0x000000008d578270) thrown at [src/hotspot/share/interpreter/linkResolver.cpp, line 773]
Event: 3.734 Thread 0x0000029fb965c800 Exception <a 'java/lang/NoSuchMethodError'{0x000000008d57cb58}: 'java.lang.Object java.lang.invoke.Invokers$Holder.linkToTargetMethod(java.lang.Object, java.lang.Object, java.lang.Object, int, java.lang.Object)'> (0x000000008d57cb58) thrown at [src/hotspot/share/interpreter/linkResolver.cpp, line 773]
Event: 3.739 Thread 0x0000029fb965c800 Exception <a 'java/lang/NoSuchMethodError'{0x000000008d448260}: 'java.lang.Object java.lang.invoke.Invokers$Holder.linkToTargetMethod(java.lang.Object, int, int, java.lang.Object)'> (0x000000008d448260) thrown at [src/hotspot/share/interpreter/linkResolver.cpp, line 773]
Event: 3.740 Thread 0x0000029fb965c800 Exception <a 'java/lang/NoSuchMethodError'{0x000000008d460540}: 'java.lang.Object java.lang.invoke.DirectMethodHandle$Holder.invokeStatic(java.lang.Object, java.lang.Object, int, int, java.lang.Object, java.lang.Object)'> (0x000000008d460540) thrown at [src/hotspot/share/interpreter/linkResolver.cpp, line 773]
Event: 3.841 Thread 0x0000029fb965c800 Exception <a 'java/lang/NoSuchMethodError'{0x000000008c48daf0}: 'java.lang.Object java.lang.invoke.DirectMethodHandle$Holder.invokeStatic(java.lang.Object, java.lang.Object, java.lang.Object, java.lang.Object, java.lang.Object, java.lang.Object, java.lang.Object, java.lang.Object, java.lang.Object, java.lang.Object, java.lang.Object, java.lang.Object, java.lang.Object, int)'> (0x000000008c48daf0) thrown at [src/hotspot/share/interpreter/linkResolver.cpp, line 773]
Event: 3.842 Thread 0x0000029fb965c800 Exception <a 'java/lang/NoSuchMethodError'{0x000000008c49b4d8}: 'java.lang.Object java.lang.invoke.DirectMethodHandle$Holder.invokeStatic(java.lang.Object, java.lang.Object, java.lang.Object, java.lang.Object, java.lang.Object, java.lang.Object, java.lang.Object, java.lang.Object, java.lang.Object, java.lang.Object, java.lang.Object, java.lang.Object, java.lang.Object, int, int)'> (0x000000008c49b4d8) thrown at [src/hotspot/share/interpreter/linkResolver.cpp, line 773]
Event: 3.860 Thread 0x0000029fb965c800 Exception <a 'java/lang/NoSuchMethodError'{0x000000008c2f7750}: 'int java.lang.invoke.DirectMethodHandle$Holder.invokeInterface(java.lang.Object, java.lang.Object, java.lang.Object, java.lang.Object)'> (0x000000008c2f7750) thrown at [src/hotspot/share/interpreter/linkResolver.cpp, line 773]
Event: 3.997 Thread 0x0000029fb965c800 Exception <a 'java/lang/NoSuchMethodError'{0x000000008f723238}: 'java.lang.Object java.lang.invoke.DirectMethodHandle$Holder.invokeSpecial(java.lang.Object, java.lang.Object, int, int, int, java.lang.Object, java.lang.Object, java.lang.Object, java.lang.Object)'> (0x000000008f723238) thrown at [src/hotspot/share/interpreter/linkResolver.cpp, line 773]
Event: 3.997 Thread 0x0000029fb965c800 Exception <a 'java/lang/NoSuchMethodError'{0x000000008f727c88}: 'java.lang.Object java.lang.invoke.DelegatingMethodHandle$Holder.reinvoke_L(java.lang.Object, int, int, int, java.lang.Object, java.lang.Object, java.lang.Object, java.lang.Object)'> (0x000000008f727c88) thrown at [src/hotspot/share/interpreter/linkResolver.cpp, line 773]
Event: 3.998 Thread 0x0000029fb965c800 Exception <a 'java/lang/NoSuchMethodError'{0x000000008f730690}: 'java.lang.Object java.lang.invoke.DirectMethodHandle$Holder.invokeStatic(java.lang.Object, java.lang.Object, java.lang.Object, java.lang.Object, java.lang.Object, int)'> (0x000000008f730690) thrown at [src/hotspot/share/interpreter/linkResolver.cpp, line 773]

Events (20 events):
Event: 4.040 loading class org/gradle/api/plugins/ReportingBasePlugin
Event: 4.040 loading class org/gradle/api/plugins/ReportingBasePlugin done
Event: 4.041 loading class org/gradle/api/reporting/ReportingExtension
Event: 4.041 loading class org/gradle/api/reporting/ReportingExtension done
Event: 4.042 loading class org/gradle/api/reporting/ReportSpec
Event: 4.042 loading class org/gradle/api/reporting/ReportSpec done
Event: 4.048 loading class org/gradle/jvm/toolchain/internal/DefaultToolchainSpec
Event: 4.048 loading class org/gradle/jvm/toolchain/internal/DefaultToolchainSpec done
Event: 4.049 loading class org/gradle/jvm/toolchain/internal/ToolchainSpecInternal
Event: 4.049 loading class org/gradle/jvm/toolchain/internal/ToolchainSpecInternal done
Event: 4.049 loading class org/gradle/jvm/toolchain/JvmImplementation
Event: 4.049 loading class org/gradle/jvm/toolchain/JvmImplementation done
Event: 4.050 loading class org/gradle/jvm/toolchain/JavaLanguageVersion
Event: 4.050 loading class org/gradle/jvm/toolchain/JavaLanguageVersion done
Event: 4.050 loading class org/gradle/jvm/toolchain/JvmVendorSpec
Event: 4.050 loading class org/gradle/jvm/toolchain/JvmVendorSpec done
Event: 4.052 loading class org/gradle/jvm/toolchain/internal/DefaultJvmVendorSpec
Event: 4.052 loading class org/gradle/jvm/toolchain/internal/DefaultJvmVendorSpec done
Event: 4.053 loading class org/gradle/internal/jvm/inspection/JvmVendor$KnownJvmVendor
Event: 4.053 loading class org/gradle/internal/jvm/inspection/JvmVendor$KnownJvmVendor done


Dynamic libraries:
0x00007ff7f0b20000 - 0x00007ff7f0b2a000 	C:\Program Files\Android\Android Studio\jbr\bin\java.exe
0x00007ff8a1f10000 - 0x00007ff8a2108000 	C:\WINDOWS\SYSTEM32\ntdll.dll
0x00007ff8a0380000 - 0x00007ff8a0442000 	C:\WINDOWS\System32\KERNEL32.DLL
0x00007ff89fab0000 - 0x00007ff89fdaf000 	C:\WINDOWS\System32\KERNELBASE.dll
0x00007ff89f820000 - 0x00007ff89f920000 	C:\WINDOWS\System32\ucrtbase.dll
0x00007ff890aa0000 - 0x00007ff890ab7000 	C:\Program Files\Android\Android Studio\jbr\bin\jli.dll
0x00007ff890a80000 - 0x00007ff890a9b000 	C:\Program Files\Android\Android Studio\jbr\bin\VCRUNTIME140.dll
0x00007ff8a0950000 - 0x00007ff8a0aed000 	C:\WINDOWS\System32\USER32.dll
0x00007ff89f950000 - 0x00007ff89f972000 	C:\WINDOWS\System32\win32u.dll
0x00007ff88c120000 - 0x00007ff88c3ba000 	C:\WINDOWS\WinSxS\amd64_microsoft.windows.common-controls_6595b64144ccf1df_6.0.19041.4355_none_60b8b9eb71f62e16\COMCTL32.dll
0x00007ff8a1460000 - 0x00007ff8a148b000 	C:\WINDOWS\System32\GDI32.dll
0x00007ff89ffa0000 - 0x00007ff8a003e000 	C:\WINDOWS\System32\msvcrt.dll
0x00007ff89fdb0000 - 0x00007ff89fec7000 	C:\WINDOWS\System32\gdi32full.dll
0x00007ff89fa10000 - 0x00007ff89faad000 	C:\WINDOWS\System32\msvcp_win.dll
0x00007ff8a1490000 - 0x00007ff8a14bf000 	C:\WINDOWS\System32\IMM32.DLL
0x00007ff89bcc0000 - 0x00007ff89bccc000 	C:\Program Files\Android\Android Studio\jbr\bin\vcruntime140_1.dll
0x00007ff8787c0000 - 0x00007ff87884d000 	C:\Program Files\Android\Android Studio\jbr\bin\msvcp140.dll
0x00007ff80be30000 - 0x00007ff80c9ec000 	C:\Program Files\Android\Android Studio\jbr\bin\server\jvm.dll
0x00007ff8a15c0000 - 0x00007ff8a1671000 	C:\WINDOWS\System32\ADVAPI32.dll
0x00007ff8a14c0000 - 0x00007ff8a155f000 	C:\WINDOWS\System32\sechost.dll
0x00007ff8a0250000 - 0x00007ff8a0373000 	C:\WINDOWS\System32\RPCRT4.dll
0x00007ff89f920000 - 0x00007ff89f947000 	C:\WINDOWS\System32\bcrypt.dll
0x00007ff8a13f0000 - 0x00007ff8a13f8000 	C:\WINDOWS\System32\PSAPI.DLL
0x00007ff8986c0000 - 0x00007ff8986c9000 	C:\WINDOWS\SYSTEM32\WSOCK32.dll
0x00007ff8965d0000 - 0x00007ff8965f7000 	C:\WINDOWS\SYSTEM32\WINMM.dll
0x00007ff8a1690000 - 0x00007ff8a16fb000 	C:\WINDOWS\System32\WS2_32.dll
0x00007ff8996b0000 - 0x00007ff8996ba000 	C:\WINDOWS\SYSTEM32\VERSION.dll
0x00007ff89d440000 - 0x00007ff89d452000 	C:\WINDOWS\SYSTEM32\kernel.appcore.dll
0x00007ff89ca70000 - 0x00007ff89ca80000 	C:\Program Files\Android\Android Studio\jbr\bin\verify.dll
0x00007ff895c90000 - 0x00007ff895e74000 	C:\WINDOWS\SYSTEM32\DBGHELP.DLL
0x00007ff881e60000 - 0x00007ff881e94000 	C:\WINDOWS\SYSTEM32\dbgcore.DLL
0x00007ff89f980000 - 0x00007ff89fa02000 	C:\WINDOWS\System32\bcryptPrimitives.dll
0x00007ff893000000 - 0x00007ff893028000 	C:\Program Files\Android\Android Studio\jbr\bin\java.dll
0x00007ff89b300000 - 0x00007ff89b30a000 	C:\Program Files\Android\Android Studio\jbr\bin\jimage.dll
0x00007ff892fe0000 - 0x00007ff892ff8000 	C:\Program Files\Android\Android Studio\jbr\bin\zip.dll
0x00007ff8a0af0000 - 0x00007ff8a125e000 	C:\WINDOWS\System32\SHELL32.dll
0x00007ff89d640000 - 0x00007ff89dde4000 	C:\WINDOWS\SYSTEM32\windows.storage.dll
0x00007ff8a05f0000 - 0x00007ff8a0945000 	C:\WINDOWS\System32\combase.dll
0x00007ff89efd0000 - 0x00007ff89efff000 	C:\WINDOWS\SYSTEM32\Wldp.dll
0x00007ff8a1260000 - 0x00007ff8a132d000 	C:\WINDOWS\System32\OLEAUT32.dll
0x00007ff8a1330000 - 0x00007ff8a13dd000 	C:\WINDOWS\System32\SHCORE.dll
0x00007ff8a1400000 - 0x00007ff8a1455000 	C:\WINDOWS\System32\shlwapi.dll
0x00007ff89f4d0000 - 0x00007ff89f4f4000 	C:\WINDOWS\SYSTEM32\profapi.dll
0x00007ff8903e0000 - 0x00007ff8903f9000 	C:\Program Files\Android\Android Studio\jbr\bin\net.dll
0x00007ff899810000 - 0x00007ff89991d000 	C:\WINDOWS\SYSTEM32\WINHTTP.dll
0x00007ff89ed30000 - 0x00007ff89ed9a000 	C:\WINDOWS\system32\mswsock.dll
0x00007ff8903c0000 - 0x00007ff8903d3000 	C:\Program Files\Android\Android Studio\jbr\bin\nio.dll
0x00007ff890960000 - 0x00007ff890987000 	C:\Users\Saya\.gradle\native\e1d6ef7f7dcc3fd88c89a11ec53ec762bb8ba0a96d01ffa2cd45eb1d1d8dd5c5\windows-amd64\native-platform.dll
0x00007ff869ce0000 - 0x00007ff869e24000 	C:\Users\Saya\.gradle\native\0d407fdbe67a94daf76414ababcb853783967236a71b16ec16e742cd7a986fd3\windows-amd64\native-platform-file-events.dll
0x00007ff89a860000 - 0x00007ff89a86a000 	C:\Program Files\Android\Android Studio\jbr\bin\management.dll
0x00007ff89a290000 - 0x00007ff89a29b000 	C:\Program Files\Android\Android Studio\jbr\bin\management_ext.dll
0x00007ff89ef20000 - 0x00007ff89ef38000 	C:\WINDOWS\SYSTEM32\CRYPTSP.dll
0x00007ff89e5e0000 - 0x00007ff89e614000 	C:\WINDOWS\system32\rsaenh.dll
0x00007ff89f450000 - 0x00007ff89f47e000 	C:\WINDOWS\SYSTEM32\USERENV.dll
0x00007ff89ef40000 - 0x00007ff89ef4c000 	C:\WINDOWS\SYSTEM32\CRYPTBASE.dll
0x00007ff89e9c0000 - 0x00007ff89e9fb000 	C:\WINDOWS\SYSTEM32\IPHLPAPI.DLL
0x00007ff8a1680000 - 0x00007ff8a1688000 	C:\WINDOWS\System32\NSI.dll
0x00007ff89a2c0000 - 0x00007ff89a2d7000 	C:\WINDOWS\SYSTEM32\dhcpcsvc6.DLL
0x00007ff89a1f0000 - 0x00007ff89a20d000 	C:\WINDOWS\SYSTEM32\dhcpcsvc.DLL
0x00007ff89ea10000 - 0x00007ff89eada000 	C:\WINDOWS\SYSTEM32\DNSAPI.dll

dbghelp: loaded successfully - version: 4.0.5 - missing functions: none
symbol engine: initialized successfully - sym options: 0x614 - pdb path: .;C:\Program Files\Android\Android Studio\jbr\bin;C:\WINDOWS\SYSTEM32;C:\WINDOWS\WinSxS\amd64_microsoft.windows.common-controls_6595b64144ccf1df_6.0.19041.4355_none_60b8b9eb71f62e16;C:\Program Files\Android\Android Studio\jbr\bin\server;C:\Users\Saya\.gradle\native\e1d6ef7f7dcc3fd88c89a11ec53ec762bb8ba0a96d01ffa2cd45eb1d1d8dd5c5\windows-amd64;C:\Users\Saya\.gradle\native\0d407fdbe67a94daf76414ababcb853783967236a71b16ec16e742cd7a986fd3\windows-amd64

VM Arguments:
jvm_args: --add-opens=java.base/java.util=ALL-UNNAMED --add-opens=java.base/java.lang=ALL-UNNAMED --add-opens=java.base/java.lang.invoke=ALL-UNNAMED --add-opens=java.base/java.util=ALL-UNNAMED --add-opens=java.prefs/java.util.prefs=ALL-UNNAMED --add-opens=java.prefs/java.util.prefs=ALL-UNNAMED --add-opens=java.base/java.nio.charset=ALL-UNNAMED --add-opens=java.base/java.net=ALL-UNNAMED --add-opens=java.base/java.util.concurrent.atomic=ALL-UNNAMED -Xmx2048m -Dfile.encoding=UTF-8 -Duser.country=ID -Duser.language=en -Duser.variant 
java_command: org.gradle.launcher.daemon.bootstrap.GradleDaemon 7.5
java_class_path (initial): C:\Users\Saya\.gradle\wrapper\dists\gradle-7.5-bin\f1w0cc9nuo0eivz97x2xlu9sv\gradle-7.5\lib\gradle-launcher-7.5.jar
Launcher Type: SUN_STANDARD

[Global flags]
     intx CICompilerCount                          = 12                                        {product} {ergonomic}
     uint ConcGCThreads                            = 3                                         {product} {ergonomic}
     uint G1ConcRefinementThreads                  = 13                                        {product} {ergonomic}
   size_t G1HeapRegionSize                         = 1048576                                   {product} {ergonomic}
    uintx GCDrainStackTargetSize                   = 64                                        {product} {ergonomic}
   size_t InitialHeapSize                          = 266338304                                 {product} {ergonomic}
   size_t MarkStackSize                            = 4194304                                   {product} {ergonomic}
   size_t MaxHeapSize                              = 2147483648                                {product} {command line}
   size_t MaxNewSize                               = 1287651328                                {product} {ergonomic}
   size_t MinHeapDeltaBytes                        = 1048576                                   {product} {ergonomic}
    uintx NonNMethodCodeHeapSize                   = 7594288                                {pd product} {ergonomic}
    uintx NonProfiledCodeHeapSize                  = 122031976                              {pd product} {ergonomic}
    uintx ProfiledCodeHeapSize                     = 122031976                              {pd product} {ergonomic}
    uintx ReservedCodeCacheSize                    = 251658240                              {pd product} {ergonomic}
     bool SegmentedCodeCache                       = true                                      {product} {ergonomic}
     bool UseCompressedClassPointers               = true                                 {lp64_product} {ergonomic}
     bool UseCompressedOops                        = true                                 {lp64_product} {ergonomic}
     bool UseG1GC                                  = true                                      {product} {ergonomic}
     bool UseLargePagesIndividualAllocation        = false                                  {pd product} {ergonomic}

Logging:
Log output configuration:
 #0: stdout all=warning uptime,level,tags
 #1: stderr all=off uptime,level,tags

Environment Variables:
PATH=C:\Program Files\Common Files\Oracle\Java\javapath;C:\Program Files (x86)\VMware\VMware Workstation\bin\;C:\WINDOWS\system32;C:\WINDOWS;C:\WINDOWS\System32\Wbem;C:\WINDOWS\System32\WindowsPowerShell\v1.0\;C:\WINDOWS\System32\OpenSSH\;C:\Program Files\Microsoft SQL Server\150\Tools\Binn\;C:\Program Files\Microsoft SQL Server\Client SDK\ODBC\170\Tools\Binn\;C:\Program Files\dotnet\;C:\Program Files (x86)\Microsoft SQL Server\160\Tools\Binn\;C:\Program Files\Microsoft SQL Server\160\Tools\Binn\;C:\Program Files\Microsoft SQL Server\160\DTS\Binn\;C:\Program Files (x86)\Microsoft SQL Server\160\DTS\Binn\;C:\Program Files\Azure Data Studio\bin;C:\Program Files\nodejs\;C:\Program Files\Git\cmd;C:\Users\Saya\AppData\Local\Microsoft\WindowsApps;C:\Users\Saya\.dotnet\tools;C:\Program Files\Azure Data Studio\bin;C:\Users\Saya\AppData\Local\Programs\Microsoft VS Code\bin;C:\Program Files\JetBrains\IntelliJ IDEA Community Edition 2023.2.3\bin;;C:\Users\Saya\AppData\Roaming\npm;C:\Users\Saya\AppData\Local\GitHubDesktop\bin
USERNAME=Saya
OS=Windows_NT
PROCESSOR_IDENTIFIER=Intel64 Family 6 Model 165 Stepping 5, GenuineIntel



---------------  S Y S T E M  ---------------

OS: Windows 10 , 64 bit Build 19041 (10.0.19041.5198)
OS uptime: 0 days 23:04 hours

CPU:total 16 (initial active 16) (8 cores per cpu, 2 threads per core) family 6 model 165 stepping 5 microcode 0xe2, cmov, cx8, fxsr, mmx, sse, sse2, sse3, ssse3, sse4.1, sse4.2, popcnt, avx, avx2, aes, clmul, erms, 3dnowpref, lzcnt, ht, tsc, tscinvbit, bmi1, bmi2, adx, fma

Memory: 4k page, system-wide physical 16244M (2068M free)
TotalPageFile size 24244M (AvailPageFile size 12M)
current process WorkingSet (physical memory assigned to process): 486M, peak: 491M
current process commit charge ("private bytes"): 563M, peak: 569M

vm_info: OpenJDK 64-Bit Server VM (11.0.15+0-b2043.56-9505619) for windows-amd64 JRE (11.0.15+0-b2043.56-9505619), built on Jan 19 2023 02:48:00 by "builduser" with unknown MS VC++:1929

END.
