#
# There is insufficient memory for the Java Runtime Environment to continue.
# Native memory allocation (mmap) failed to map 65536 bytes for Failed to commit area from 0x000001f948460000 to 0x000001f948470000 of length 65536.
# Possible reasons:
#   The system is out of physical RAM or swap space
#   The process is running with CompressedOops enabled, and the Java Heap may be blocking the growth of the native heap
# Possible solutions:
#   Reduce memory load on the system
#   Increase physical memory or swap space
#   Check if swap backing store is full
#   Decrease Java heap size (-Xmx/-Xms)
#   Decrease number of Java threads
#   Decrease Java thread stack sizes (-Xss)
#   Set larger code cache with -XX:ReservedCodeCacheSize=
#   JVM is running with Unscaled Compressed Oops mode in which the Java heap is
#     placed in the first 4GB address space. The Java Heap base address is the
#     maximum limit for the native heap growth. Please use -XX:HeapBaseMinAddress
#     to set the Java Heap base and to place the Java Heap above 4GB virtual address.
# This output file may be truncated or incomplete.
#
#  Out of Memory Error (src/hotspot/os/windows/os_windows.cpp:3627), pid=25284, tid=16636
#
# JRE version: OpenJDK Runtime Environment (11.0.15) (build 11.0.15+0-b2043.56-9505619)
# Java VM: OpenJDK 64-Bit Server VM (11.0.15+0-b2043.56-9505619, mixed mode, tiered, compressed oops, g1 gc, windows-amd64)
# No core dump will be written. Minidumps are not enabled by default on client versions of Windows
#

---------------  S U M M A R Y ------------

Command Line: --add-opens=java.base/java.util=ALL-UNNAMED --add-opens=java.base/java.lang=ALL-UNNAMED --add-opens=java.base/java.lang.invoke=ALL-UNNAMED --add-opens=java.base/java.util=ALL-UNNAMED --add-opens=java.prefs/java.util.prefs=ALL-UNNAMED --add-opens=java.prefs/java.util.prefs=ALL-UNNAMED --add-opens=java.base/java.nio.charset=ALL-UNNAMED --add-opens=java.base/java.net=ALL-UNNAMED --add-opens=java.base/java.util.concurrent.atomic=ALL-UNNAMED -Xmx2048m -Dfile.encoding=UTF-8 -Duser.country=ID -Duser.language=en -Duser.variant org.gradle.launcher.daemon.bootstrap.GradleDaemon 7.5

Host: Intel(R) Core(TM) i7-10700F CPU @ 2.90GHz, 16 cores, 15G,  Windows 10 , 64 bit Build 19041 (10.0.19041.5198)
Time: Wed Feb 12 10:35:37 2025 SE Asia Standard Time elapsed time: 5688.279046 seconds (0d 1h 34m 48s)

---------------  T H R E A D  ---------------

Current thread (0x000001f94f60d000):  VMThread "VM Thread" [stack: 0x00000008c2200000,0x00000008c2300000] [id=16636]

Stack: [0x00000008c2200000,0x00000008c2300000]
[error occurred during error reporting (printing stack bounds), id 0xc0000005, EXCEPTION_ACCESS_VIOLATION (0xc0000005) at pc=0x000001f93786112d]

Native frames: (J=compiled Java code, j=interpreted, Vv=VM code, C=native code)
V  [jvm.dll+0x64135a]
V  [jvm.dll+0x7d39f9]
V  [jvm.dll+0x7d51b9]
V  [jvm.dll+0x7d5805]
V  [jvm.dll+0x7d57bb]
V  [jvm.dll+0x640655]
V  [jvm.dll+0x640d68]
C  [ntdll.dll+0xa28bf]
C  [ntdll.dll+0x52554]
C  [ntdll.dll+0xa13ce]
C  0x000001f93786112d

VM_Operation (0x00000008ccaf9eb0): G1CollectForAllocation, mode: safepoint, requested by thread 0x000001f95cf4c000


---------------  P R O C E S S  ---------------

Threads class SMR info:
_java_thread_list=0x000001f94fb2fc60, length=253, elements={
0x000001f933d39800, 0x000001f94f611000, 0x000001f94f61a800, 0x000001f94f66c800,
0x000001f94f66e000, 0x000001f94f670800, 0x000001f94f673800, 0x000001f94f677800,
0x000001f94f68e800, 0x000001f94f7f3800, 0x000001f95244e000, 0x000001f94f938000,
0x000001f951157800, 0x000001f951ea3800, 0x000001f951ea0800, 0x000001f951ea2800,
0x000001f951ea1000, 0x000001f951ea4800, 0x000001f951ea5000, 0x000001f953fe3000,
0x000001f953fe4000, 0x000001f953fe2000, 0x000001f953fe8000, 0x000001f95242f000,
0x000001f95242f800, 0x000001f956ddf000, 0x000001f956de1800, 0x000001f956ddf800,
0x000001f956de2000, 0x000001f956de0800, 0x000001f956ddd800, 0x000001f956dde000,
0x000001f956de3800, 0x000001f956de9000, 0x000001f956de7800, 0x000001f956de8800,
0x000001f956deb000, 0x000001f9528ea000, 0x000001f9528e5800, 0x000001f9528e6000,
0x000001f9528e8800, 0x000001f9528e7000, 0x000001f9528e4800, 0x000001f9528ec800,
0x000001f9528e7800, 0x000001f9528ec000, 0x000001f9528eb000, 0x000001f9528ed800,
0x000001f94fc99000, 0x000001f9528ee000, 0x000001f9528ef000, 0x000001f94fc95800,
0x000001f9528e9800, 0x000001f9528f4000, 0x000001f9528f0000, 0x000001f9528f0800,
0x000001f9528f5000, 0x000001f9528f2800, 0x000001f9528f5800, 0x000001f9528f6800,
0x000001f9528f7000, 0x000001f9528f3000, 0x000001f9528f1800, 0x000001f9528f9000,
0x000001f9528f9800, 0x000001f9528f8000, 0x000001f952900000, 0x000001f9528fd000,
0x000001f9528fb800, 0x000001f9528fe800, 0x000001f9528fd800, 0x000001f9528fc000,
0x000001f9528ff800, 0x000001f9528fa800, 0x000001f952901000, 0x000001f952902000,
0x000001f952902800, 0x000001f95242d000, 0x000001f95242e000, 0x000001f95242c800,
0x000001f952430800, 0x000001f95242b000, 0x000001f95242b800, 0x000001f952434800,
0x000001f952431800, 0x000001f952435800, 0x000001f952433000, 0x000001f952436000,
0x000001f952432000, 0x000001f952439800, 0x000001f952433800, 0x000001f952437000,
0x000001f952438000, 0x000001f952438800, 0x000001f956dea000, 0x000001f956de7000,
0x000001f956de6000, 0x000001f956de4800, 0x000001f956dee000, 0x000001f956deb800,
0x000001f956df1800, 0x000001f956dec800, 0x000001f956ded800, 0x000001f956df2000,
0x000001f956def000, 0x000001f956def800, 0x000001f956df0800, 0x000001f956dd7000,
0x000001f956dd4800, 0x000001f956dd7800, 0x000001f956dd5000, 0x000001f956dd6000,
0x000001f956dd8800, 0x000001f956dd9000, 0x000001f956dd3800, 0x000001f956dda000,
0x000001f956ddb000, 0x000001f956ddb800, 0x000001f956ddc800, 0x000001f951ea2000,
0x000001f951e9f800, 0x000001f951e9e800, 0x000001f953fe7000, 0x000001f959398800,
0x000001f959399000, 0x000001f959393800, 0x000001f95939a000, 0x000001f959394800,
0x000001f95939b000, 0x000001f959395000, 0x000001f95939b800, 0x000001f959396000,
0x000001f95939c800, 0x000001f959397000, 0x000001f95939d800, 0x000001f959397800,
0x000001f9593a0800, 0x000001f9593a2000, 0x000001f95939e000, 0x000001f9593a0000,
0x000001f9593a1800, 0x000001f95939f000, 0x000001f9637b7000, 0x000001f9637ba800,
0x000001f9637bb000, 0x000001f9637bc800, 0x000001f9637b8000, 0x000001f9637bd800,
0x000001f9637b8800, 0x000001f9637bc000, 0x000001f9637be800, 0x000001f9637bf000,
0x000001f9637b9800, 0x000001f9637c1800, 0x000001f9637c5000, 0x000001f9637c5800,
0x000001f9637c0000, 0x000001f9637c1000, 0x000001f9637c4000, 0x000001f9637c2800,
0x000001f9637c3000, 0x000001f95cf4d800, 0x000001f95cf4b000, 0x000001f95cf4e800,
0x000001f95cf49000, 0x000001f95cf4d000, 0x000001f95cf49800, 0x000001f95cf4f800,
0x000001f95cf4c000, 0x000001f95cf50000, 0x000001f95cf4a800, 0x000001f95cf56800,
0x000001f95cf54000, 0x000001f95cf55000, 0x000001f95cf56000, 0x000001f95cf51000,
0x000001f95cf57800, 0x000001f95cf53800, 0x000001f95cf51800, 0x000001f95cf52800,
0x000001f957c2e000, 0x000001f957c2b000, 0x000001f957c31800, 0x000001f957c2f800,
0x000001f957c2f000, 0x000001f957c30800, 0x000001f957c2b800, 0x000001f957c2c800,
0x000001f957c32000, 0x000001f957c2d800, 0x000001f957c36800, 0x000001f957c34800,
0x000001f957c34000, 0x000001f957c37000, 0x000001f957c35800, 0x000001f957c38000,
0x000001f957c38800, 0x000001f957c33000, 0x000001f94fc96800, 0x000001f957c3d800,
0x000001f94fc9a000, 0x000001f94fc98000, 0x000001f94fc95000, 0x000001f94fc94000,
0x000001f94fc9e000, 0x000001f957c3e800, 0x000001f957c3a800, 0x000001f957c3f800,
0x000001f957c39800, 0x000001f957c40000, 0x000001f957c41000, 0x000001f957c3c000,
0x000001f957c3b000, 0x000001f957c41800, 0x000001f957c42800, 0x000001f957c3d000,
0x000001f957c49000, 0x000001f957c46000, 0x000001f957c47800, 0x000001f957c46800,
0x000001f957c45000, 0x000001f957c48000, 0x000001f957c43800, 0x000001f957c4a000,
0x000001f957c44000, 0x000001f95ddd0000, 0x000001f95ddce800, 0x000001f95ddd1000,
0x000001f95ddcf800, 0x000001f95ddcb800, 0x000001f95ddd2000, 0x000001f95ddcc000,
0x000001f95ddd2800, 0x000001f95ddcd000, 0x000001f95ddd3800, 0x000001f95ddcd800,
0x000001f94fc9a800, 0x000001f95ddd5000, 0x000001f95ddd7800, 0x000001f95ddd6800,
0x000001f95ddd8800, 0x000001f95ddda000, 0x000001f95ddd4800, 0x000001f95ddd9000,
0x000001f95dddb000, 0x000001f95dddb800, 0x000001f95ddd6000, 0x000001f95dde0800,
0x000001f95dde1800, 0x000001f95dddf800, 0x000001f95dddc800, 0x000001f95dde3000,
0x000001f95dde2000
}

Java Threads: ( => current thread )
  0x000001f933d39800 JavaThread "main" [_thread_blocked, id=29384, stack(0x00000008c1c00000,0x00000008c1d00000)]
  0x000001f94f611000 JavaThread "Reference Handler" daemon [_thread_blocked, id=29364, stack(0x00000008c2300000,0x00000008c2400000)]
  0x000001f94f61a800 JavaThread "Finalizer" daemon [_thread_blocked, id=31512, stack(0x00000008c2400000,0x00000008c2500000)]
  0x000001f94f66c800 JavaThread "Signal Dispatcher" daemon [_thread_blocked, id=15876, stack(0x00000008c2500000,0x00000008c2600000)]
  0x000001f94f66e000 JavaThread "Attach Listener" daemon [_thread_blocked, id=3888, stack(0x00000008c2600000,0x00000008c2700000)]
  0x000001f94f670800 JavaThread "Service Thread" daemon [_thread_blocked, id=18716, stack(0x00000008c2700000,0x00000008c2800000)]
  0x000001f94f673800 JavaThread "C2 CompilerThread0" daemon [_thread_blocked, id=13960, stack(0x00000008c2800000,0x00000008c2900000)]
  0x000001f94f677800 JavaThread "C1 CompilerThread0" daemon [_thread_blocked, id=13260, stack(0x00000008c2900000,0x00000008c2a00000)]
  0x000001f94f68e800 JavaThread "Sweeper thread" daemon [_thread_blocked, id=5876, stack(0x00000008c2a00000,0x00000008c2b00000)]
  0x000001f94f7f3800 JavaThread "Common-Cleaner" daemon [_thread_blocked, id=10368, stack(0x00000008c2c00000,0x00000008c2d00000)]
  0x000001f95244e000 JavaThread "Daemon health stats" [_thread_blocked, id=28768, stack(0x00000008c3700000,0x00000008c3800000)]
  0x000001f94f938000 JavaThread "Incoming local TCP Connector on port 64257" [_thread_in_native, id=10188, stack(0x00000008c2e00000,0x00000008c2f00000)]
  0x000001f951157800 JavaThread "Daemon periodic checks" [_thread_blocked, id=11728, stack(0x00000008c2f00000,0x00000008c3000000)]
  0x000001f951ea3800 JavaThread "Cache worker for journal cache (C:\Users\Saya\.gradle\caches\journal-1)" [_thread_blocked, id=10048, stack(0x00000008c4000000,0x00000008c4100000)]
  0x000001f951ea0800 JavaThread "File lock request listener" [_thread_in_native, id=12212, stack(0x00000008c4100000,0x00000008c4200000)]
  0x000001f951ea2800 JavaThread "Cache worker for file hash cache (C:\Users\Saya\.gradle\caches\7.5\fileHashes)" [_thread_blocked, id=24156, stack(0x00000008c4b00000,0x00000008c4c00000)]
  0x000001f951ea1000 JavaThread "File watcher server" daemon [_thread_blocked, id=28936, stack(0x00000008c4d00000,0x00000008c4e00000)]
  0x000001f951ea4800 JavaThread "File watcher consumer" daemon [_thread_blocked, id=28848, stack(0x00000008c4e00000,0x00000008c4f00000)]
  0x000001f951ea5000 JavaThread "Cache worker for file content cache (C:\Users\Saya\.gradle\caches\7.5\fileContent)" [_thread_blocked, id=23408, stack(0x00000008c5100000,0x00000008c5200000)]
  0x000001f953fe3000 JavaThread "Cache worker for execution history cache (C:\Users\Saya\.gradle\caches\7.5\executionHistory)" [_thread_blocked, id=5468, stack(0x00000008c5400000,0x00000008c5500000)]
  0x000001f953fe4000 JavaThread "jar transforms" [_thread_blocked, id=3864, stack(0x00000008c5500000,0x00000008c5600000)]
  0x000001f953fe2000 JavaThread "jar transforms Thread 2" [_thread_blocked, id=9900, stack(0x00000008c5600000,0x00000008c5700000)]
  0x000001f953fe8000 JavaThread "jar transforms Thread 3" [_thread_blocked, id=25800, stack(0x00000008c5a00000,0x00000008c5b00000)]
  0x000001f95242f000 JavaThread "jar transforms Thread 4" [_thread_blocked, id=15492, stack(0x00000008c5b00000,0x00000008c5c00000)]
  0x000001f95242f800 JavaThread "jar transforms Thread 5" [_thread_blocked, id=31088, stack(0x00000008c5d00000,0x00000008c5e00000)]
  0x000001f956ddf000 JavaThread "jar transforms Thread 6" [_thread_blocked, id=29084, stack(0x00000008cd900000,0x00000008cda00000)]
  0x000001f956de1800 JavaThread "jar transforms Thread 7" [_thread_blocked, id=14968, stack(0x00000008cda00000,0x00000008cdb00000)]
  0x000001f956ddf800 JavaThread "jar transforms Thread 8" [_thread_blocked, id=25948, stack(0x00000008cdb00000,0x00000008cdc00000)]
  0x000001f956de2000 JavaThread "jar transforms Thread 9" [_thread_blocked, id=14692, stack(0x00000008cdc00000,0x00000008cdd00000)]
  0x000001f956de0800 JavaThread "jar transforms Thread 10" [_thread_blocked, id=13764, stack(0x00000008cdd00000,0x00000008cde00000)]
  0x000001f956ddd800 JavaThread "jar transforms Thread 11" [_thread_blocked, id=27224, stack(0x00000008cde00000,0x00000008cdf00000)]
  0x000001f956dde000 JavaThread "jar transforms Thread 12" [_thread_blocked, id=31240, stack(0x00000008cdf00000,0x00000008ce000000)]
  0x000001f956de3800 JavaThread "jar transforms Thread 13" [_thread_blocked, id=20276, stack(0x00000008ce000000,0x00000008ce100000)]
  0x000001f956de9000 JavaThread "jar transforms Thread 14" [_thread_blocked, id=6376, stack(0x00000008ce100000,0x00000008ce200000)]
  0x000001f956de7800 JavaThread "jar transforms Thread 15" [_thread_blocked, id=15732, stack(0x00000008ce200000,0x00000008ce300000)]
  0x000001f956de8800 JavaThread "jar transforms Thread 16" [_thread_blocked, id=9908, stack(0x00000008ce300000,0x00000008ce400000)]
  0x000001f956deb000 JavaThread "Memory manager" [_thread_blocked, id=5824, stack(0x00000008ce500000,0x00000008ce600000)]
  0x000001f9528ea000 JavaThread "Daemon Thread 5" [_thread_blocked, id=11132, stack(0x00000008c1900000,0x00000008c1a00000)]
  0x000001f9528e5800 JavaThread "Handler for socket connection from /127.0.0.1:64257 to /127.0.0.1:54962" [_thread_in_native, id=24684, stack(0x00000008c1a00000,0x00000008c1b00000)]
  0x000001f9528e6000 JavaThread "Cancel handler" [_thread_blocked, id=31544, stack(0x00000008c1b00000,0x00000008c1c00000)]
  0x000001f9528e8800 JavaThread "Daemon worker Thread 5" [_thread_blocked, id=7344, stack(0x00000008c2b00000,0x00000008c2c00000)]
  0x000001f9528e7000 JavaThread "Asynchronous log dispatcher for DefaultDaemonConnection: socket connection from /127.0.0.1:64257 to /127.0.0.1:54962" [_thread_blocked, id=32848, stack(0x00000008c3500000,0x00000008c3600000)]
  0x000001f9528e4800 JavaThread "Stdin handler" [_thread_blocked, id=964, stack(0x00000008c3600000,0x00000008c3700000)]
  0x000001f9528ec800 JavaThread "Daemon client event forwarder" [_thread_blocked, id=13384, stack(0x00000008c3800000,0x00000008c3900000)]
  0x000001f9528e7800 JavaThread "Cache worker for checksums cache (C:\Users\Saya\AndroidStudioProjects\BookApps\.gradle\7.5\checksums)" [_thread_blocked, id=13608, stack(0x00000008c3900000,0x00000008c3a00000)]
  0x000001f9528ec000 JavaThread "Cache worker for cache directory md-rule (C:\Users\Saya\.gradle\caches\7.5\md-rule)" [_thread_blocked, id=32052, stack(0x00000008c3a00000,0x00000008c3b00000)]
  0x000001f9528eb000 JavaThread "Cache worker for file hash cache (C:\Users\Saya\AndroidStudioProjects\BookApps\.gradle\7.5\fileHashes)" [_thread_blocked, id=30684, stack(0x00000008c3b00000,0x00000008c3c00000)]
  0x000001f9528ed800 JavaThread "Cache worker for cache directory md-supplier (C:\Users\Saya\.gradle\caches\7.5\md-supplier)" [_thread_blocked, id=9204, stack(0x00000008c3c00000,0x00000008c3d00000)]
  0x000001f94fc99000 JavaThread "C2 CompilerThread1" daemon [_thread_blocked, id=7612, stack(0x00000008c3d00000,0x00000008c3e00000)]
  0x000001f9528ee000 JavaThread "Cache worker for dependencies-accessors (C:\Users\Saya\AndroidStudioProjects\BookApps\.gradle\7.5\dependencies-accessors)" [_thread_blocked, id=20900, stack(0x00000008c3e00000,0x00000008c3f00000)]
  0x000001f9528ef000 JavaThread "Cache worker for Build Output Cleanup Cache (C:\Users\Saya\AndroidStudioProjects\BookApps\.gradle\buildOutputCleanup)" [_thread_blocked, id=23204, stack(0x00000008c3f00000,0x00000008c4000000)]
  0x000001f94fc95800 JavaThread "C2 CompilerThread2" daemon [_thread_blocked, id=18232, stack(0x00000008c4c00000,0x00000008c4d00000)]
  0x000001f9528e9800 JavaThread "Unconstrained build operations" [_thread_blocked, id=19008, stack(0x00000008c4f00000,0x00000008c5000000)]
  0x000001f9528f4000 JavaThread "Unconstrained build operations Thread 2" [_thread_blocked, id=16072, stack(0x00000008c5000000,0x00000008c5100000)]
  0x000001f9528f0000 JavaThread "Unconstrained build operations Thread 3" [_thread_blocked, id=13196, stack(0x00000008c5200000,0x00000008c5300000)]
  0x000001f9528f0800 JavaThread "Unconstrained build operations Thread 4" [_thread_blocked, id=6560, stack(0x00000008c5300000,0x00000008c5400000)]
  0x000001f9528f5000 JavaThread "Unconstrained build operations Thread 5" [_thread_blocked, id=948, stack(0x00000008c5700000,0x00000008c5800000)]
  0x000001f9528f2800 JavaThread "Unconstrained build operations Thread 6" [_thread_blocked, id=29356, stack(0x00000008c5800000,0x00000008c5900000)]
  0x000001f9528f5800 JavaThread "Unconstrained build operations Thread 7" [_thread_blocked, id=20484, stack(0x00000008c5900000,0x00000008c5a00000)]
  0x000001f9528f6800 JavaThread "Unconstrained build operations Thread 8" [_thread_blocked, id=28120, stack(0x00000008c5c00000,0x00000008c5d00000)]
  0x000001f9528f7000 JavaThread "Unconstrained build operations Thread 9" [_thread_blocked, id=18988, stack(0x00000008c5e00000,0x00000008c5f00000)]
  0x000001f9528f3000 JavaThread "Unconstrained build operations Thread 10" [_thread_blocked, id=20036, stack(0x00000008c5f00000,0x00000008c6000000)]
  0x000001f9528f1800 JavaThread "Unconstrained build operations Thread 11" [_thread_blocked, id=32216, stack(0x00000008c6000000,0x00000008c6100000)]
  0x000001f9528f9000 JavaThread "Unconstrained build operations Thread 12" [_thread_blocked, id=15284, stack(0x00000008c6100000,0x00000008c6200000)]
  0x000001f9528f9800 JavaThread "Unconstrained build operations Thread 13" [_thread_blocked, id=3760, stack(0x00000008c6200000,0x00000008c6300000)]
  0x000001f9528f8000 JavaThread "Unconstrained build operations Thread 14" [_thread_blocked, id=10828, stack(0x00000008c6300000,0x00000008c6400000)]
  0x000001f952900000 JavaThread "Unconstrained build operations Thread 15" [_thread_blocked, id=31540, stack(0x00000008c6400000,0x00000008c6500000)]
  0x000001f9528fd000 JavaThread "Unconstrained build operations Thread 16" [_thread_blocked, id=14020, stack(0x00000008c6500000,0x00000008c6600000)]
  0x000001f9528fb800 JavaThread "Unconstrained build operations Thread 17" [_thread_blocked, id=24064, stack(0x00000008c6600000,0x00000008c6700000)]
  0x000001f9528fe800 JavaThread "Unconstrained build operations Thread 18" [_thread_blocked, id=760, stack(0x00000008c6700000,0x00000008c6800000)]
  0x000001f9528fd800 JavaThread "Unconstrained build operations Thread 19" [_thread_blocked, id=11968, stack(0x00000008c6800000,0x00000008c6900000)]
  0x000001f9528fc000 JavaThread "Unconstrained build operations Thread 20" [_thread_blocked, id=20988, stack(0x00000008c6900000,0x00000008c6a00000)]
  0x000001f9528ff800 JavaThread "Unconstrained build operations Thread 21" [_thread_blocked, id=32632, stack(0x00000008c6a00000,0x00000008c6b00000)]
  0x000001f9528fa800 JavaThread "Unconstrained build operations Thread 22" [_thread_blocked, id=32256, stack(0x00000008c6b00000,0x00000008c6c00000)]
  0x000001f952901000 JavaThread "Unconstrained build operations Thread 23" [_thread_blocked, id=27068, stack(0x00000008c6c00000,0x00000008c6d00000)]
  0x000001f952902000 JavaThread "Unconstrained build operations Thread 24" [_thread_blocked, id=3480, stack(0x00000008c6d00000,0x00000008c6e00000)]
  0x000001f952902800 JavaThread "Unconstrained build operations Thread 25" [_thread_blocked, id=9264, stack(0x00000008c6e00000,0x00000008c6f00000)]
  0x000001f95242d000 JavaThread "Unconstrained build operations Thread 26" [_thread_blocked, id=20924, stack(0x00000008c6f00000,0x00000008c7000000)]
  0x000001f95242e000 JavaThread "Unconstrained build operations Thread 27" [_thread_blocked, id=33156, stack(0x00000008c7000000,0x00000008c7100000)]
  0x000001f95242c800 JavaThread "Unconstrained build operations Thread 28" [_thread_blocked, id=19152, stack(0x00000008c7100000,0x00000008c7200000)]
  0x000001f952430800 JavaThread "Unconstrained build operations Thread 29" [_thread_blocked, id=14916, stack(0x00000008c7200000,0x00000008c7300000)]
  0x000001f95242b000 JavaThread "Unconstrained build operations Thread 30" [_thread_blocked, id=9064, stack(0x00000008c7300000,0x00000008c7400000)]
  0x000001f95242b800 JavaThread "Unconstrained build operations Thread 31" [_thread_blocked, id=23576, stack(0x00000008c7400000,0x00000008c7500000)]
  0x000001f952434800 JavaThread "Unconstrained build operations Thread 32" [_thread_blocked, id=32592, stack(0x00000008c7500000,0x00000008c7600000)]
  0x000001f952431800 JavaThread "Unconstrained build operations Thread 33" [_thread_blocked, id=21372, stack(0x00000008c7600000,0x00000008c7700000)]
  0x000001f952435800 JavaThread "Unconstrained build operations Thread 34" [_thread_blocked, id=26080, stack(0x00000008c7700000,0x00000008c7800000)]
  0x000001f952433000 JavaThread "Unconstrained build operations Thread 35" [_thread_blocked, id=20500, stack(0x00000008c7800000,0x00000008c7900000)]
  0x000001f952436000 JavaThread "Unconstrained build operations Thread 36" [_thread_blocked, id=31968, stack(0x00000008c7900000,0x00000008c7a00000)]
  0x000001f952432000 JavaThread "Unconstrained build operations Thread 37" [_thread_blocked, id=26292, stack(0x00000008c7a00000,0x00000008c7b00000)]
  0x000001f952439800 JavaThread "Unconstrained build operations Thread 38" [_thread_blocked, id=22812, stack(0x00000008c7b00000,0x00000008c7c00000)]
  0x000001f952433800 JavaThread "Unconstrained build operations Thread 39" [_thread_blocked, id=32840, stack(0x00000008c7c00000,0x00000008c7d00000)]
  0x000001f952437000 JavaThread "Unconstrained build operations Thread 40" [_thread_blocked, id=24212, stack(0x00000008c7d00000,0x00000008c7e00000)]
  0x000001f952438000 JavaThread "Unconstrained build operations Thread 41" [_thread_blocked, id=7064, stack(0x00000008c7e00000,0x00000008c7f00000)]
  0x000001f952438800 JavaThread "Unconstrained build operations Thread 42" [_thread_blocked, id=16432, stack(0x00000008c7f00000,0x00000008c8000000)]
  0x000001f956dea000 JavaThread "Unconstrained build operations Thread 43" [_thread_blocked, id=11180, stack(0x00000008c8000000,0x00000008c8100000)]
  0x000001f956de7000 JavaThread "Unconstrained build operations Thread 44" [_thread_blocked, id=30000, stack(0x00000008c8100000,0x00000008c8200000)]
  0x000001f956de6000 JavaThread "Unconstrained build operations Thread 45" [_thread_blocked, id=3400, stack(0x00000008c8200000,0x00000008c8300000)]
  0x000001f956de4800 JavaThread "Unconstrained build operations Thread 46" [_thread_blocked, id=27152, stack(0x00000008c8300000,0x00000008c8400000)]
  0x000001f956dee000 JavaThread "Unconstrained build operations Thread 47" [_thread_blocked, id=4624, stack(0x00000008c8400000,0x00000008c8500000)]
  0x000001f956deb800 JavaThread "Unconstrained build operations Thread 48" [_thread_blocked, id=3780, stack(0x00000008c8500000,0x00000008c8600000)]
  0x000001f956df1800 JavaThread "Unconstrained build operations Thread 49" [_thread_blocked, id=332, stack(0x00000008c8600000,0x00000008c8700000)]
  0x000001f956dec800 JavaThread "Unconstrained build operations Thread 50" [_thread_blocked, id=29516, stack(0x00000008c8700000,0x00000008c8800000)]
  0x000001f956ded800 JavaThread "Unconstrained build operations Thread 51" [_thread_blocked, id=32820, stack(0x00000008c8800000,0x00000008c8900000)]
  0x000001f956df2000 JavaThread "Unconstrained build operations Thread 52" [_thread_blocked, id=9808, stack(0x00000008c8900000,0x00000008c8a00000)]
  0x000001f956def000 JavaThread "Unconstrained build operations Thread 53" [_thread_blocked, id=24752, stack(0x00000008c8a00000,0x00000008c8b00000)]
  0x000001f956def800 JavaThread "Unconstrained build operations Thread 54" [_thread_blocked, id=12204, stack(0x00000008c8b00000,0x00000008c8c00000)]
  0x000001f956df0800 JavaThread "Unconstrained build operations Thread 55" [_thread_blocked, id=6680, stack(0x00000008c8c00000,0x00000008c8d00000)]
  0x000001f956dd7000 JavaThread "Unconstrained build operations Thread 56" [_thread_blocked, id=21360, stack(0x00000008c8d00000,0x00000008c8e00000)]
  0x000001f956dd4800 JavaThread "Unconstrained build operations Thread 57" [_thread_blocked, id=30164, stack(0x00000008c8e00000,0x00000008c8f00000)]
  0x000001f956dd7800 JavaThread "Unconstrained build operations Thread 58" [_thread_blocked, id=23624, stack(0x00000008c8f00000,0x00000008c9000000)]
  0x000001f956dd5000 JavaThread "Unconstrained build operations Thread 59" [_thread_blocked, id=19756, stack(0x00000008c9000000,0x00000008c9100000)]
  0x000001f956dd6000 JavaThread "Unconstrained build operations Thread 60" [_thread_blocked, id=14632, stack(0x00000008c9100000,0x00000008c9200000)]
  0x000001f956dd8800 JavaThread "Unconstrained build operations Thread 61" [_thread_blocked, id=32408, stack(0x00000008c9200000,0x00000008c9300000)]
  0x000001f956dd9000 JavaThread "Unconstrained build operations Thread 62" [_thread_blocked, id=31404, stack(0x00000008c9300000,0x00000008c9400000)]
  0x000001f956dd3800 JavaThread "Unconstrained build operations Thread 63" [_thread_blocked, id=33208, stack(0x00000008c9400000,0x00000008c9500000)]
  0x000001f956dda000 JavaThread "Unconstrained build operations Thread 64" [_thread_blocked, id=14788, stack(0x00000008c9500000,0x00000008c9600000)]
  0x000001f956ddb000 JavaThread "Unconstrained build operations Thread 65" [_thread_blocked, id=16620, stack(0x00000008c9600000,0x00000008c9700000)]
  0x000001f956ddb800 JavaThread "Unconstrained build operations Thread 66" [_thread_blocked, id=26972, stack(0x00000008c9700000,0x00000008c9800000)]
  0x000001f956ddc800 JavaThread "Unconstrained build operations Thread 67" [_thread_blocked, id=30464, stack(0x00000008c9800000,0x00000008c9900000)]
  0x000001f951ea2000 JavaThread "Unconstrained build operations Thread 68" [_thread_blocked, id=32924, stack(0x00000008c9900000,0x00000008c9a00000)]
  0x000001f951e9f800 JavaThread "Unconstrained build operations Thread 69" [_thread_blocked, id=23652, stack(0x00000008c9a00000,0x00000008c9b00000)]
  0x000001f951e9e800 JavaThread "Unconstrained build operations Thread 70" [_thread_blocked, id=28064, stack(0x00000008c9b00000,0x00000008c9c00000)]
  0x000001f953fe7000 JavaThread "Unconstrained build operations Thread 71" [_thread_blocked, id=10256, stack(0x00000008c9c00000,0x00000008c9d00000)]
  0x000001f959398800 JavaThread "Unconstrained build operations Thread 72" [_thread_blocked, id=16756, stack(0x00000008c9d00000,0x00000008c9e00000)]
  0x000001f959399000 JavaThread "Unconstrained build operations Thread 73" [_thread_blocked, id=31776, stack(0x00000008c9e00000,0x00000008c9f00000)]
  0x000001f959393800 JavaThread "Unconstrained build operations Thread 74" [_thread_blocked, id=29448, stack(0x00000008c9f00000,0x00000008ca000000)]
  0x000001f95939a000 JavaThread "Unconstrained build operations Thread 75" [_thread_blocked, id=29172, stack(0x00000008ca000000,0x00000008ca100000)]
  0x000001f959394800 JavaThread "Unconstrained build operations Thread 76" [_thread_blocked, id=28092, stack(0x00000008ca100000,0x00000008ca200000)]
  0x000001f95939b000 JavaThread "Unconstrained build operations Thread 77" [_thread_blocked, id=23452, stack(0x00000008ca200000,0x00000008ca300000)]
  0x000001f959395000 JavaThread "Unconstrained build operations Thread 78" [_thread_blocked, id=30136, stack(0x00000008ca300000,0x00000008ca400000)]
  0x000001f95939b800 JavaThread "Unconstrained build operations Thread 79" [_thread_blocked, id=30588, stack(0x00000008ca400000,0x00000008ca500000)]
  0x000001f959396000 JavaThread "Unconstrained build operations Thread 80" [_thread_blocked, id=27508, stack(0x00000008ca500000,0x00000008ca600000)]
  0x000001f95939c800 JavaThread "Unconstrained build operations Thread 81" [_thread_blocked, id=32732, stack(0x00000008ca600000,0x00000008ca700000)]
  0x000001f959397000 JavaThread "Unconstrained build operations Thread 82" [_thread_blocked, id=29468, stack(0x00000008ca700000,0x00000008ca800000)]
  0x000001f95939d800 JavaThread "Unconstrained build operations Thread 83" [_thread_blocked, id=31908, stack(0x00000008ca800000,0x00000008ca900000)]
  0x000001f959397800 JavaThread "Unconstrained build operations Thread 84" [_thread_blocked, id=30392, stack(0x00000008ca900000,0x00000008caa00000)]
  0x000001f9593a0800 JavaThread "Unconstrained build operations Thread 85" [_thread_blocked, id=16812, stack(0x00000008caa00000,0x00000008cab00000)]
  0x000001f9593a2000 JavaThread "Unconstrained build operations Thread 86" [_thread_blocked, id=19168, stack(0x00000008cab00000,0x00000008cac00000)]
  0x000001f95939e000 JavaThread "Unconstrained build operations Thread 87" [_thread_blocked, id=28000, stack(0x00000008cac00000,0x00000008cad00000)]
  0x000001f9593a0000 JavaThread "Unconstrained build operations Thread 88" [_thread_blocked, id=26508, stack(0x00000008cad00000,0x00000008cae00000)]
  0x000001f9593a1800 JavaThread "Unconstrained build operations Thread 89" [_thread_blocked, id=19300, stack(0x00000008cae00000,0x00000008caf00000)]
  0x000001f95939f000 JavaThread "Unconstrained build operations Thread 90" [_thread_blocked, id=23648, stack(0x00000008caf00000,0x00000008cb000000)]
  0x000001f9637b7000 JavaThread "Unconstrained build operations Thread 91" [_thread_blocked, id=29116, stack(0x00000008cb000000,0x00000008cb100000)]
  0x000001f9637ba800 JavaThread "Unconstrained build operations Thread 92" [_thread_blocked, id=6932, stack(0x00000008cb100000,0x00000008cb200000)]
  0x000001f9637bb000 JavaThread "Unconstrained build operations Thread 93" [_thread_blocked, id=6328, stack(0x00000008cb200000,0x00000008cb300000)]
  0x000001f9637bc800 JavaThread "Unconstrained build operations Thread 94" [_thread_blocked, id=18204, stack(0x00000008cb300000,0x00000008cb400000)]
  0x000001f9637b8000 JavaThread "Unconstrained build operations Thread 95" [_thread_blocked, id=31532, stack(0x00000008cb400000,0x00000008cb500000)]
  0x000001f9637bd800 JavaThread "Unconstrained build operations Thread 96" [_thread_blocked, id=19624, stack(0x00000008cb500000,0x00000008cb600000)]
  0x000001f9637b8800 JavaThread "Unconstrained build operations Thread 97" [_thread_blocked, id=26836, stack(0x00000008cb600000,0x00000008cb700000)]
  0x000001f9637bc000 JavaThread "Unconstrained build operations Thread 98" [_thread_blocked, id=24904, stack(0x00000008cb700000,0x00000008cb800000)]
  0x000001f9637be800 JavaThread "Unconstrained build operations Thread 99" [_thread_blocked, id=33256, stack(0x00000008cb800000,0x00000008cb900000)]
  0x000001f9637bf000 JavaThread "Unconstrained build operations Thread 100" [_thread_blocked, id=33036, stack(0x00000008cb900000,0x00000008cba00000)]
  0x000001f9637b9800 JavaThread "Unconstrained build operations Thread 101" [_thread_blocked, id=4840, stack(0x00000008cba00000,0x00000008cbb00000)]
  0x000001f9637c1800 JavaThread "Unconstrained build operations Thread 102" [_thread_blocked, id=10444, stack(0x00000008cbb00000,0x00000008cbc00000)]
  0x000001f9637c5000 JavaThread "Unconstrained build operations Thread 103" [_thread_blocked, id=29256, stack(0x00000008cbc00000,0x00000008cbd00000)]
  0x000001f9637c5800 JavaThread "Unconstrained build operations Thread 104" [_thread_blocked, id=28948, stack(0x00000008cbd00000,0x00000008cbe00000)]
  0x000001f9637c0000 JavaThread "Unconstrained build operations Thread 105" [_thread_blocked, id=28652, stack(0x00000008cbe00000,0x00000008cbf00000)]
  0x000001f9637c1000 JavaThread "Unconstrained build operations Thread 106" [_thread_blocked, id=25356, stack(0x00000008cbf00000,0x00000008cc000000)]
  0x000001f9637c4000 JavaThread "Unconstrained build operations Thread 107" [_thread_blocked, id=33332, stack(0x00000008cc000000,0x00000008cc100000)]
  0x000001f9637c2800 JavaThread "Unconstrained build operations Thread 108" [_thread_blocked, id=7292, stack(0x00000008cc100000,0x00000008cc200000)]
  0x000001f9637c3000 JavaThread "Unconstrained build operations Thread 109" [_thread_blocked, id=9616, stack(0x00000008cc200000,0x00000008cc300000)]
  0x000001f95cf4d800 JavaThread "Unconstrained build operations Thread 110" [_thread_blocked, id=27292, stack(0x00000008cc300000,0x00000008cc400000)]
  0x000001f95cf4b000 JavaThread "Unconstrained build operations Thread 111" [_thread_blocked, id=9828, stack(0x00000008cc400000,0x00000008cc500000)]
  0x000001f95cf4e800 JavaThread "Unconstrained build operations Thread 112" [_thread_blocked, id=22824, stack(0x00000008cc500000,0x00000008cc600000)]
  0x000001f95cf49000 JavaThread "Unconstrained build operations Thread 113" [_thread_blocked, id=9672, stack(0x00000008cc600000,0x00000008cc700000)]
  0x000001f95cf4d000 JavaThread "Unconstrained build operations Thread 114" [_thread_blocked, id=26512, stack(0x00000008cc700000,0x00000008cc800000)]
  0x000001f95cf49800 JavaThread "Unconstrained build operations Thread 115" [_thread_blocked, id=24328, stack(0x00000008cc800000,0x00000008cc900000)]
  0x000001f95cf4f800 JavaThread "Unconstrained build operations Thread 116" [_thread_blocked, id=19200, stack(0x00000008cc900000,0x00000008cca00000)]
  0x000001f95cf4c000 JavaThread "Unconstrained build operations Thread 117" [_thread_blocked, id=20840, stack(0x00000008cca00000,0x00000008ccb00000)]
  0x000001f95cf50000 JavaThread "Unconstrained build operations Thread 118" [_thread_blocked, id=31424, stack(0x00000008ccb00000,0x00000008ccc00000)]
  0x000001f95cf4a800 JavaThread "Unconstrained build operations Thread 119" [_thread_blocked, id=21656, stack(0x00000008ccc00000,0x00000008ccd00000)]
  0x000001f95cf56800 JavaThread "Unconstrained build operations Thread 120" [_thread_blocked, id=30888, stack(0x00000008ccd00000,0x00000008cce00000)]
  0x000001f95cf54000 JavaThread "Unconstrained build operations Thread 121" [_thread_blocked, id=19832, stack(0x00000008cce00000,0x00000008ccf00000)]
  0x000001f95cf55000 JavaThread "Unconstrained build operations Thread 122" [_thread_blocked, id=10852, stack(0x00000008ccf00000,0x00000008cd000000)]
  0x000001f95cf56000 JavaThread "Unconstrained build operations Thread 123" [_thread_blocked, id=20320, stack(0x00000008cd000000,0x00000008cd100000)]
  0x000001f95cf51000 JavaThread "Unconstrained build operations Thread 124" [_thread_blocked, id=1128, stack(0x00000008cd100000,0x00000008cd200000)]
  0x000001f95cf57800 JavaThread "Unconstrained build operations Thread 125" [_thread_blocked, id=24872, stack(0x00000008cd200000,0x00000008cd300000)]
  0x000001f95cf53800 JavaThread "Unconstrained build operations Thread 126" [_thread_blocked, id=30476, stack(0x00000008cd300000,0x00000008cd400000)]
  0x000001f95cf51800 JavaThread "Unconstrained build operations Thread 127" [_thread_blocked, id=19500, stack(0x00000008cd400000,0x00000008cd500000)]
  0x000001f95cf52800 JavaThread "Unconstrained build operations Thread 128" [_thread_blocked, id=13148, stack(0x00000008cd500000,0x00000008cd600000)]
  0x000001f957c2e000 JavaThread "Unconstrained build operations Thread 129" [_thread_blocked, id=824, stack(0x00000008cd600000,0x00000008cd700000)]
  0x000001f957c2b000 JavaThread "Unconstrained build operations Thread 130" [_thread_blocked, id=29768, stack(0x00000008cd700000,0x00000008cd800000)]
  0x000001f957c31800 JavaThread "Unconstrained build operations Thread 131" [_thread_blocked, id=24496, stack(0x00000008cd800000,0x00000008cd900000)]
  0x000001f957c2f800 JavaThread "Unconstrained build operations Thread 132" [_thread_blocked, id=14144, stack(0x00000008ce400000,0x00000008ce500000)]
  0x000001f957c2f000 JavaThread "Unconstrained build operations Thread 133" [_thread_blocked, id=4040, stack(0x00000008ce600000,0x00000008ce700000)]
  0x000001f957c30800 JavaThread "Unconstrained build operations Thread 134" [_thread_blocked, id=32860, stack(0x00000008ce700000,0x00000008ce800000)]
  0x000001f957c2b800 JavaThread "Unconstrained build operations Thread 135" [_thread_blocked, id=27196, stack(0x00000008ce800000,0x00000008ce900000)]
  0x000001f957c2c800 JavaThread "Unconstrained build operations Thread 136" [_thread_blocked, id=22860, stack(0x00000008ce900000,0x00000008cea00000)]
  0x000001f957c32000 JavaThread "Unconstrained build operations Thread 137" [_thread_blocked, id=21220, stack(0x00000008cea00000,0x00000008ceb00000)]
  0x000001f957c2d800 JavaThread "Unconstrained build operations Thread 138" [_thread_blocked, id=20460, stack(0x00000008ceb00000,0x00000008cec00000)]
  0x000001f957c36800 JavaThread "Unconstrained build operations Thread 139" [_thread_blocked, id=20064, stack(0x00000008cec00000,0x00000008ced00000)]
  0x000001f957c34800 JavaThread "Unconstrained build operations Thread 140" [_thread_blocked, id=5644, stack(0x00000008ced00000,0x00000008cee00000)]
  0x000001f957c34000 JavaThread "Unconstrained build operations Thread 141" [_thread_blocked, id=27644, stack(0x00000008cee00000,0x00000008cef00000)]
  0x000001f957c37000 JavaThread "Unconstrained build operations Thread 142" [_thread_blocked, id=26200, stack(0x00000008cef00000,0x00000008cf000000)]
  0x000001f957c35800 JavaThread "Unconstrained build operations Thread 143" [_thread_blocked, id=5828, stack(0x00000008cf000000,0x00000008cf100000)]
  0x000001f957c38000 JavaThread "Unconstrained build operations Thread 144" [_thread_blocked, id=10780, stack(0x00000008cf100000,0x00000008cf200000)]
  0x000001f957c38800 JavaThread "Unconstrained build operations Thread 145" [_thread_blocked, id=6280, stack(0x00000008cf200000,0x00000008cf300000)]
  0x000001f957c33000 JavaThread "Unconstrained build operations Thread 146" [_thread_blocked, id=33232, stack(0x00000008cf300000,0x00000008cf400000)]
  0x000001f94fc96800 JavaThread "C2 CompilerThread3" daemon [_thread_blocked, id=7468, stack(0x00000008cf400000,0x00000008cf500000)]
  0x000001f957c3d800 JavaThread "build event listener" [_thread_blocked, id=9772, stack(0x00000008cf500000,0x00000008cf600000)]
  0x000001f94fc9a000 JavaThread "C2 CompilerThread4" daemon [_thread_blocked, id=13440, stack(0x00000008cf600000,0x00000008cf700000)]
  0x000001f94fc98000 JavaThread "C2 CompilerThread5" daemon [_thread_blocked, id=8460, stack(0x00000008cf700000,0x00000008cf800000)]
  0x000001f94fc95000 JavaThread "C1 CompilerThread1" daemon [_thread_blocked, id=18784, stack(0x00000008cf800000,0x00000008cf900000)]
  0x000001f94fc94000 JavaThread "C1 CompilerThread2" daemon [_thread_blocked, id=27012, stack(0x00000008cf900000,0x00000008cfa00000)]
  0x000001f94fc9e000 JavaThread "C1 CompilerThread3" daemon [_thread_blocked, id=33160, stack(0x00000008cfa00000,0x00000008cfb00000)]
  0x000001f957c3e800 JavaThread "included builds" [_thread_blocked, id=3756, stack(0x00000008cfb00000,0x00000008cfc00000)]
  0x000001f957c3a800 JavaThread "Execution worker" [_thread_blocked, id=30468, stack(0x00000008cfc00000,0x00000008cfd00000)]
  0x000001f957c3f800 JavaThread "Execution worker Thread 2" [_thread_blocked, id=18812, stack(0x00000008cfd00000,0x00000008cfe00000)]
  0x000001f957c39800 JavaThread "Execution worker Thread 3" [_thread_blocked, id=12900, stack(0x00000008cfe00000,0x00000008cff00000)]
  0x000001f957c40000 JavaThread "Execution worker Thread 4" [_thread_blocked, id=16288, stack(0x00000008cff00000,0x00000008d0000000)]
  0x000001f957c41000 JavaThread "Execution worker Thread 5" [_thread_blocked, id=30148, stack(0x00000008d0000000,0x00000008d0100000)]
  0x000001f957c3c000 JavaThread "Execution worker Thread 6" [_thread_blocked, id=16552, stack(0x00000008d0100000,0x00000008d0200000)]
  0x000001f957c3b000 JavaThread "Execution worker Thread 7" [_thread_blocked, id=8928, stack(0x00000008d0200000,0x00000008d0300000)]
  0x000001f957c41800 JavaThread "Execution worker Thread 8" [_thread_blocked, id=27868, stack(0x00000008d0300000,0x00000008d0400000)]
  0x000001f957c42800 JavaThread "Execution worker Thread 9" [_thread_blocked, id=17464, stack(0x00000008d0400000,0x00000008d0500000)]
  0x000001f957c3d000 JavaThread "Execution worker Thread 10" [_thread_blocked, id=33612, stack(0x00000008d0500000,0x00000008d0600000)]
  0x000001f957c49000 JavaThread "Execution worker Thread 11" [_thread_blocked, id=20512, stack(0x00000008d0600000,0x00000008d0700000)]
  0x000001f957c46000 JavaThread "Execution worker Thread 12" [_thread_blocked, id=31188, stack(0x00000008d0700000,0x00000008d0800000)]
  0x000001f957c47800 JavaThread "Execution worker Thread 13" [_thread_blocked, id=19516, stack(0x00000008d0800000,0x00000008d0900000)]
  0x000001f957c46800 JavaThread "Execution worker Thread 14" [_thread_blocked, id=29912, stack(0x00000008d0900000,0x00000008d0a00000)]
  0x000001f957c45000 JavaThread "Execution worker Thread 15" [_thread_blocked, id=14908, stack(0x00000008d0a00000,0x00000008d0b00000)]
  0x000001f957c48000 JavaThread "Cache worker for execution history cache (C:\Users\Saya\AndroidStudioProjects\BookApps\.gradle\7.5\executionHistory)" [_thread_blocked, id=30772, stack(0x00000008d0b00000,0x00000008d0c00000)]
  0x000001f957c43800 JavaThread "Unconstrained build operations Thread 147" [_thread_blocked, id=26396, stack(0x00000008d0c00000,0x00000008d0d00000)]
  0x000001f957c4a000 JavaThread "Unconstrained build operations Thread 148" [_thread_blocked, id=33000, stack(0x00000008d0d00000,0x00000008d0e00000)]
  0x000001f957c44000 JavaThread "Unconstrained build operations Thread 149" [_thread_blocked, id=14924, stack(0x00000008d0e00000,0x00000008d0f00000)]
  0x000001f95ddd0000 JavaThread "Unconstrained build operations Thread 150" [_thread_blocked, id=18188, stack(0x00000008d0f00000,0x00000008d1000000)]
  0x000001f95ddce800 JavaThread "Unconstrained build operations Thread 151" [_thread_blocked, id=30724, stack(0x00000008d1000000,0x00000008d1100000)]
  0x000001f95ddd1000 JavaThread "Unconstrained build operations Thread 152" [_thread_blocked, id=12820, stack(0x00000008d1100000,0x00000008d1200000)]
  0x000001f95ddcf800 JavaThread "Unconstrained build operations Thread 153" [_thread_blocked, id=31216, stack(0x00000008d1200000,0x00000008d1300000)]
  0x000001f95ddcb800 JavaThread "Unconstrained build operations Thread 154" [_thread_blocked, id=25388, stack(0x00000008d1300000,0x00000008d1400000)]
  0x000001f95ddd2000 JavaThread "Unconstrained build operations Thread 155" [_thread_blocked, id=32280, stack(0x00000008d1400000,0x00000008d1500000)]
  0x000001f95ddcc000 JavaThread "Unconstrained build operations Thread 156" [_thread_blocked, id=33236, stack(0x00000008d1500000,0x00000008d1600000)]
  0x000001f95ddd2800 JavaThread "Unconstrained build operations Thread 157" [_thread_blocked, id=12092, stack(0x00000008d1600000,0x00000008d1700000)]
  0x000001f95ddcd000 JavaThread "Unconstrained build operations Thread 158" [_thread_blocked, id=32552, stack(0x00000008d1700000,0x00000008d1800000)]
  0x000001f95ddd3800 JavaThread "Unconstrained build operations Thread 159" [_thread_blocked, id=21692, stack(0x00000008d1a00000,0x00000008d1b00000)]
  0x000001f95ddcd800 JavaThread "Unconstrained build operations Thread 160" [_thread_blocked, id=29244, stack(0x00000008d1b00000,0x00000008d1c00000)]
  0x000001f94fc9a800 JavaThread "C2 CompilerThread6" daemon [_thread_blocked, id=22988, stack(0x00000008d1c00000,0x00000008d1d00000)]
  0x000001f95ddd5000 JavaThread "WorkerExecutor Queue" [_thread_blocked, id=33352, stack(0x00000008d1e00000,0x00000008d1f00000)]
  0x000001f95ddd7800 JavaThread "WorkerExecutor Queue Thread 2" [_thread_blocked, id=7616, stack(0x00000008d1d00000,0x00000008d1e00000)]
  0x000001f95ddd6800 JavaThread "WorkerExecutor Queue Thread 3" [_thread_blocked, id=1704, stack(0x00000008d2200000,0x00000008d2300000)]
  0x000001f95ddd8800 JavaThread "WorkerExecutor Queue Thread 4" [_thread_blocked, id=33376, stack(0x00000008d2300000,0x00000008d2400000)]
  0x000001f95ddda000 JavaThread "WorkerExecutor Queue Thread 5" [_thread_blocked, id=25320, stack(0x00000008d2400000,0x00000008d2500000)]
  0x000001f95ddd4800 JavaThread "WorkerExecutor Queue Thread 6" [_thread_blocked, id=20176, stack(0x00000008d2600000,0x00000008d2700000)]
  0x000001f95ddd9000 JavaThread "WorkerExecutor Queue Thread 7" [_thread_blocked, id=28900, stack(0x00000008d2700000,0x00000008d2800000)]
  0x000001f95dddb000 JavaThread "WorkerExecutor Queue Thread 8" [_thread_blocked, id=29704, stack(0x00000008d2800000,0x00000008d2900000)]
  0x000001f95dddb800 JavaThread "WorkerExecutor Queue Thread 9" [_thread_blocked, id=26760, stack(0x00000008d2900000,0x00000008d2a00000)]
  0x000001f95ddd6000 JavaThread "WorkerExecutor Queue Thread 10" [_thread_blocked, id=13192, stack(0x00000008d2a00000,0x00000008d2b00000)]
  0x000001f95dde0800 JavaThread "WorkerExecutor Queue Thread 11" [_thread_blocked, id=30688, stack(0x00000008d2b00000,0x00000008d2c00000)]
  0x000001f95dde1800 JavaThread "WorkerExecutor Queue Thread 12" [_thread_blocked, id=23640, stack(0x00000008d2c00000,0x00000008d2d00000)]
  0x000001f95dddf800 JavaThread "WorkerExecutor Queue Thread 13" [_thread_blocked, id=31528, stack(0x00000008d2d00000,0x00000008d2e00000)]
  0x000001f95dddc800 JavaThread "WorkerExecutor Queue Thread 14" [_thread_blocked, id=29988, stack(0x00000008d2e00000,0x00000008d2f00000)]
  0x000001f95dde3000 JavaThread "WorkerExecutor Queue Thread 15" [_thread_blocked, id=5860, stack(0x00000008d2f00000,0x00000008d3000000)]
  0x000001f95dde2000 JavaThread "WorkerExecutor Queue Thread 16" [_thread_blocked, id=7792, stack(0x00000008d3000000,0x00000008d3100000)]

Other Threads:
=>0x000001f94f60d000 VMThread "VM Thread" [stack: 0x00000008c2200000,0x00000008c2300000] [id=16636]
  0x000001f94f835800 WatcherThread [stack: 0x00000008c2d00000,0x00000008c2e00000] [id=26500]
  0x000001f933d53000 GCTaskThread "GC Thread#0" [stack: 0x00000008c1d00000,0x00000008c1e00000] [id=24592]
  0x000001f9503bd000 GCTaskThread "GC Thread#1" [stack: 0x00000008c3000000,0x00000008c3100000] [id=24508]
  0x000001f95083f800 GCTaskThread "GC Thread#2" [stack: 0x00000008c3100000,0x00000008c3200000] [id=25592]
  0x000001f9507f1800 GCTaskThread "GC Thread#3" [stack: 0x00000008c3200000,0x00000008c3300000] [id=11184]
  0x000001f950ddc000 GCTaskThread "GC Thread#4" [stack: 0x00000008c3300000,0x00000008c3400000] [id=21912]
  0x000001f950be3000 GCTaskThread "GC Thread#5" [stack: 0x00000008c3400000,0x00000008c3500000] [id=12956]
  0x000001f950ab7800 GCTaskThread "GC Thread#6" [stack: 0x00000008c4200000,0x00000008c4300000] [id=24396]
  0x000001f95169f000 GCTaskThread "GC Thread#7" [stack: 0x00000008c4300000,0x00000008c4400000] [id=1280]
  0x000001f951eed800 GCTaskThread "GC Thread#8" [stack: 0x00000008c4400000,0x00000008c4500000] [id=13080]
  0x000001f95187a800 GCTaskThread "GC Thread#9" [stack: 0x00000008c4500000,0x00000008c4600000] [id=10468]
  0x000001f9500ec800 GCTaskThread "GC Thread#10" [stack: 0x00000008c4600000,0x00000008c4700000] [id=28872]
  0x000001f9529ed800 GCTaskThread "GC Thread#11" [stack: 0x00000008c4700000,0x00000008c4800000] [id=27936]
  0x000001f952a7a800 GCTaskThread "GC Thread#12" [stack: 0x00000008c4800000,0x00000008c4900000] [id=8948]
  0x000001f933d85000 ConcurrentGCThread "G1 Main Marker" [stack: 0x00000008c1e00000,0x00000008c1f00000] [id=30440]
  0x000001f933d87800 ConcurrentGCThread "G1 Conc#0" [stack: 0x00000008c1f00000,0x00000008c2000000] [id=28568]
  0x000001f9517c4800 ConcurrentGCThread "G1 Conc#1" [stack: 0x00000008c4900000,0x00000008c4a00000] [id=20952]
  0x000001f9519aa800 ConcurrentGCThread "G1 Conc#2" [stack: 0x00000008c4a00000,0x00000008c4b00000] [id=23112]
  0x000001f94ec5b800 ConcurrentGCThread "G1 Refine#0" [stack: 0x00000008c2000000,0x00000008c2100000] [id=20152]
  0x000001f953b1f000 ConcurrentGCThread "G1 Refine#1" [stack: 0x00000008d1f00000,0x00000008d2000000] [id=7908]
  0x000001f953b1c800 ConcurrentGCThread "G1 Refine#2" [stack: 0x00000008d2000000,0x00000008d2100000] [id=8828]
  0x000001f95772f800 ConcurrentGCThread "G1 Refine#3" [stack: 0x00000008d2100000,0x00000008d2200000] [id=16584]
  0x000001f94ec5c800 ConcurrentGCThread "G1 Young RemSet Sampling" [stack: 0x00000008c2100000,0x00000008c2200000] [id=9928]

Threads with active compile tasks:
C2 CompilerThread0  5688313 27216       4       com.android.tools.r8.internal.Ab::<init> (449 bytes)
C2 CompilerThread1  5688313 27215       4       com.android.tools.r8.graph.T0::<init> (60 bytes)
C2 CompilerThread2  5688313 27219       4       com.android.tools.r8.internal.Px::c (280 bytes)
C2 CompilerThread3  5688313 27129       4       com.android.tools.r8.graph.y2::a (145 bytes)
C2 CompilerThread4  5688313 27218       4       com.android.tools.r8.graph.T0::m0 (37 bytes)
C2 CompilerThread5  5688313 27221       4       com.android.tools.r8.graph.b1::m0 (37 bytes)
C1 CompilerThread1  5688313 27049       3       com.android.tools.r8.internal.Ab::a (4413 bytes)
C1 CompilerThread3  5688313 27224       3       com.android.tools.r8.graph.u2::a (50 bytes)
C2 CompilerThread6  5688313 27030       4       com.android.tools.r8.internal.ug::e (297 bytes)

VM state:at safepoint (normal execution)

VM Mutex/Monitor currently owned by a thread:  ([mutex/lock_event])
[0x000001f933d35420] Threads_lock - owner thread: 0x000001f94f60d000
[0x000001f933d363e0] Heap_lock - owner thread: 0x000001f95cf4c000

Heap address: 0x0000000080000000, size: 2048 MB, Compressed Oops mode: 32-bit
Narrow klass base: 0x0000000000000000, Narrow klass shift: 3
Compressed class space size: 1073741824 Address: 0x0000000100000000

Heap:
 garbage-first heap   total 536576K, used 264192K [0x0000000080000000, 0x0000000100000000)
  region size 1024K, 9 young (9216K), 9 survivors (9216K)
 Metaspace       used 165444K, capacity 169464K, committed 169520K, reserved 1196032K
  class space    used 20657K, capacity 22117K, committed 22144K, reserved 1048576K
Heap Regions: E=young(eden), S=young(survivor), O=old, HS=humongous(starts), HC=humongous(continues), CS=collection set, F=free, A=archive, TAMS=top-at-mark-start (previous, next)
|   0|0x0000000080000000, 0x0000000080100000, 0x0000000080100000|100%| O|  |TAMS 0x0000000080100000, 0x0000000080000000| Untracked 
|   1|0x0000000080100000, 0x0000000080200000, 0x0000000080200000|100%| O|  |TAMS 0x0000000080200000, 0x0000000080100000| Untracked 
|   2|0x0000000080200000, 0x0000000080300000, 0x0000000080300000|100%| O|  |TAMS 0x0000000080300000, 0x0000000080200000| Untracked 
|   3|0x0000000080300000, 0x0000000080400000, 0x0000000080400000|100%|HS|  |TAMS 0x0000000080400000, 0x0000000080300000| Complete 
|   4|0x0000000080400000, 0x0000000080500000, 0x0000000080500000|100%|HC|  |TAMS 0x0000000080500000, 0x0000000080400000| Complete 
|   5|0x0000000080500000, 0x0000000080600000, 0x0000000080600000|100%|HC|  |TAMS 0x0000000080600000, 0x0000000080500000| Complete 
|   6|0x0000000080600000, 0x0000000080700000, 0x0000000080700000|100%| O|  |TAMS 0x0000000080700000, 0x0000000080600000| Untracked 
|   7|0x0000000080700000, 0x0000000080800000, 0x0000000080800000|100%| O|  |TAMS 0x0000000080800000, 0x0000000080700000| Untracked 
|   8|0x0000000080800000, 0x0000000080900000, 0x0000000080900000|100%| O|  |TAMS 0x0000000080900000, 0x0000000080800000| Untracked 
|   9|0x0000000080900000, 0x0000000080a00000, 0x0000000080a00000|100%| O|  |TAMS 0x0000000080a00000, 0x0000000080900000| Untracked 
|  10|0x0000000080a00000, 0x0000000080b00000, 0x0000000080b00000|100%| O|  |TAMS 0x0000000080b00000, 0x0000000080a00000| Untracked 
|  11|0x0000000080b00000, 0x0000000080c00000, 0x0000000080c00000|100%| O|  |TAMS 0x0000000080c00000, 0x0000000080b00000| Untracked 
|  12|0x0000000080c00000, 0x0000000080d00000, 0x0000000080d00000|100%| O|  |TAMS 0x0000000080d00000, 0x0000000080c00000| Untracked 
|  13|0x0000000080d00000, 0x0000000080e00000, 0x0000000080e00000|100%| O|  |TAMS 0x0000000080e00000, 0x0000000080d00000| Untracked 
|  14|0x0000000080e00000, 0x0000000080f00000, 0x0000000080f00000|100%| O|  |TAMS 0x0000000080f00000, 0x0000000080e00000| Untracked 
|  15|0x0000000080f00000, 0x0000000081000000, 0x0000000081000000|100%| O|  |TAMS 0x0000000081000000, 0x0000000080f00000| Untracked 
|  16|0x0000000081000000, 0x0000000081100000, 0x0000000081100000|100%| O|  |TAMS 0x0000000081100000, 0x0000000081000000| Untracked 
|  17|0x0000000081100000, 0x0000000081200000, 0x0000000081200000|100%|HS|  |TAMS 0x0000000081200000, 0x0000000081100000| Complete 
|  18|0x0000000081200000, 0x0000000081300000, 0x0000000081300000|100%|HS|  |TAMS 0x0000000081300000, 0x0000000081200000| Complete 
|  19|0x0000000081300000, 0x0000000081400000, 0x0000000081400000|100%| O|  |TAMS 0x0000000081400000, 0x0000000081300000| Untracked 
|  20|0x0000000081400000, 0x0000000081500000, 0x0000000081500000|100%| O|  |TAMS 0x0000000081500000, 0x0000000081400000| Untracked 
|  21|0x0000000081500000, 0x0000000081600000, 0x0000000081600000|100%| O|  |TAMS 0x0000000081600000, 0x0000000081500000| Untracked 
|  22|0x0000000081600000, 0x0000000081700000, 0x0000000081700000|100%| O|  |TAMS 0x0000000081700000, 0x0000000081600000| Untracked 
|  23|0x0000000081700000, 0x0000000081800000, 0x0000000081800000|100%| O|  |TAMS 0x0000000081800000, 0x0000000081700000| Untracked 
|  24|0x0000000081800000, 0x0000000081900000, 0x0000000081900000|100%| O|  |TAMS 0x0000000081900000, 0x0000000081800000| Untracked 
|  25|0x0000000081900000, 0x0000000081a00000, 0x0000000081a00000|100%| O|  |TAMS 0x0000000081a00000, 0x0000000081900000| Untracked 
|  26|0x0000000081a00000, 0x0000000081b00000, 0x0000000081b00000|100%| O|  |TAMS 0x0000000081b00000, 0x0000000081a00000| Untracked 
|  27|0x0000000081b00000, 0x0000000081c00000, 0x0000000081c00000|100%| O|  |TAMS 0x0000000081c00000, 0x0000000081b00000| Untracked 
|  28|0x0000000081c00000, 0x0000000081d00000, 0x0000000081d00000|100%| O|  |TAMS 0x0000000081d00000, 0x0000000081c00000| Untracked 
|  29|0x0000000081d00000, 0x0000000081e00000, 0x0000000081e00000|100%| O|  |TAMS 0x0000000081e00000, 0x0000000081d00000| Untracked 
|  30|0x0000000081e00000, 0x0000000081f00000, 0x0000000081f00000|100%| O|  |TAMS 0x0000000081f00000, 0x0000000081e00000| Untracked 
|  31|0x0000000081f00000, 0x0000000082000000, 0x0000000082000000|100%| O|  |TAMS 0x0000000082000000, 0x0000000081f00000| Untracked 
|  32|0x0000000082000000, 0x0000000082100000, 0x0000000082100000|100%| O|  |TAMS 0x0000000082000000, 0x0000000082000000| Untracked 
|  33|0x0000000082100000, 0x0000000082200000, 0x0000000082200000|100%| O|  |TAMS 0x0000000082200000, 0x0000000082100000| Untracked 
|  34|0x0000000082200000, 0x0000000082300000, 0x0000000082300000|100%| O|  |TAMS 0x0000000082300000, 0x0000000082200000| Untracked 
|  35|0x0000000082300000, 0x0000000082400000, 0x0000000082400000|100%| O|  |TAMS 0x0000000082300000, 0x0000000082300000| Untracked 
|  36|0x0000000082400000, 0x0000000082500000, 0x0000000082500000|100%| O|  |TAMS 0x0000000082500000, 0x0000000082400000| Untracked 
|  37|0x0000000082500000, 0x0000000082600000, 0x0000000082600000|100%| O|  |TAMS 0x0000000082600000, 0x0000000082500000| Untracked 
|  38|0x0000000082600000, 0x0000000082700000, 0x0000000082700000|100%| O|  |TAMS 0x0000000082700000, 0x0000000082600000| Untracked 
|  39|0x0000000082700000, 0x0000000082800000, 0x0000000082800000|100%| O|  |TAMS 0x0000000082800000, 0x0000000082700000| Untracked 
|  40|0x0000000082800000, 0x0000000082900000, 0x0000000082900000|100%| O|  |TAMS 0x0000000082900000, 0x0000000082800000| Untracked 
|  41|0x0000000082900000, 0x0000000082a00000, 0x0000000082a00000|100%| O|  |TAMS 0x0000000082a00000, 0x0000000082900000| Untracked 
|  42|0x0000000082a00000, 0x0000000082b00000, 0x0000000082b00000|100%| O|  |TAMS 0x0000000082b00000, 0x0000000082a00000| Untracked 
|  43|0x0000000082b00000, 0x0000000082c00000, 0x0000000082c00000|100%| O|  |TAMS 0x0000000082b00000, 0x0000000082b00000| Untracked 
|  44|0x0000000082c00000, 0x0000000082d00000, 0x0000000082d00000|100%| O|  |TAMS 0x0000000082d00000, 0x0000000082c00000| Untracked 
|  45|0x0000000082d00000, 0x0000000082e00000, 0x0000000082e00000|100%| O|  |TAMS 0x0000000082e00000, 0x0000000082d00000| Untracked 
|  46|0x0000000082e00000, 0x0000000082f00000, 0x0000000082f00000|100%| O|  |TAMS 0x0000000082e00000, 0x0000000082e00000| Untracked 
|  47|0x0000000082f00000, 0x0000000083000000, 0x0000000083000000|100%| O|  |TAMS 0x0000000083000000, 0x0000000082f00000| Untracked 
|  48|0x0000000083000000, 0x0000000083100000, 0x0000000083100000|100%| O|  |TAMS 0x0000000083100000, 0x0000000083000000| Untracked 
|  49|0x0000000083100000, 0x0000000083200000, 0x0000000083200000|100%| O|  |TAMS 0x0000000083100000, 0x0000000083100000| Untracked 
|  50|0x0000000083200000, 0x0000000083300000, 0x0000000083300000|100%| O|  |TAMS 0x0000000083300000, 0x0000000083200000| Untracked 
|  51|0x0000000083300000, 0x0000000083400000, 0x0000000083400000|100%| O|  |TAMS 0x0000000083300000, 0x0000000083300000| Untracked 
|  52|0x0000000083400000, 0x0000000083500000, 0x0000000083500000|100%| O|  |TAMS 0x0000000083400000, 0x0000000083400000| Untracked 
|  53|0x0000000083500000, 0x0000000083600000, 0x0000000083600000|100%| O|  |TAMS 0x0000000083500000, 0x0000000083500000| Untracked 
|  54|0x0000000083600000, 0x0000000083700000, 0x0000000083700000|100%| O|  |TAMS 0x0000000083700000, 0x0000000083600000| Untracked 
|  55|0x0000000083700000, 0x0000000083800000, 0x0000000083800000|100%| O|  |TAMS 0x0000000083700000, 0x0000000083700000| Untracked 
|  56|0x0000000083800000, 0x0000000083900000, 0x0000000083900000|100%| O|  |TAMS 0x0000000083800000, 0x0000000083800000| Untracked 
|  57|0x0000000083900000, 0x0000000083a00000, 0x0000000083a00000|100%| O|  |TAMS 0x0000000083900000, 0x0000000083900000| Untracked 
|  58|0x0000000083a00000, 0x0000000083b00000, 0x0000000083b00000|100%|HS|  |TAMS 0x0000000083b00000, 0x0000000083a00000| Complete 
|  59|0x0000000083b00000, 0x0000000083c00000, 0x0000000083c00000|100%|HC|  |TAMS 0x0000000083c00000, 0x0000000083b00000| Complete 
|  60|0x0000000083c00000, 0x0000000083d00000, 0x0000000083d00000|100%|HS|  |TAMS 0x0000000083d00000, 0x0000000083c00000| Complete 
|  61|0x0000000083d00000, 0x0000000083e00000, 0x0000000083e00000|100%|HC|  |TAMS 0x0000000083e00000, 0x0000000083d00000| Complete 
|  62|0x0000000083e00000, 0x0000000083f00000, 0x0000000083f00000|100%|HC|  |TAMS 0x0000000083f00000, 0x0000000083e00000| Complete 
|  63|0x0000000083f00000, 0x0000000084000000, 0x0000000084000000|100%|HS|  |TAMS 0x0000000084000000, 0x0000000083f00000| Complete 
|  64|0x0000000084000000, 0x0000000084100000, 0x0000000084100000|100%|HC|  |TAMS 0x0000000084100000, 0x0000000084000000| Complete 
|  65|0x0000000084100000, 0x0000000084200000, 0x0000000084200000|100%|HC|  |TAMS 0x0000000084200000, 0x0000000084100000| Complete 
|  66|0x0000000084200000, 0x0000000084300000, 0x0000000084300000|100%|HS|  |TAMS 0x0000000084300000, 0x0000000084200000| Complete 
|  67|0x0000000084300000, 0x0000000084400000, 0x0000000084400000|100%|HC|  |TAMS 0x0000000084400000, 0x0000000084300000| Complete 
|  68|0x0000000084400000, 0x0000000084500000, 0x0000000084500000|100%|HS|  |TAMS 0x0000000084500000, 0x0000000084400000| Complete 
|  69|0x0000000084500000, 0x0000000084600000, 0x0000000084600000|100%|HC|  |TAMS 0x0000000084600000, 0x0000000084500000| Complete 
|  70|0x0000000084600000, 0x0000000084700000, 0x0000000084700000|100%|HC|  |TAMS 0x0000000084700000, 0x0000000084600000| Complete 
|  71|0x0000000084700000, 0x0000000084800000, 0x0000000084800000|100%|HC|  |TAMS 0x0000000084800000, 0x0000000084700000| Complete 
|  72|0x0000000084800000, 0x0000000084900000, 0x0000000084900000|100%|HC|  |TAMS 0x0000000084900000, 0x0000000084800000| Complete 
|  73|0x0000000084900000, 0x0000000084a00000, 0x0000000084a00000|100%|HC|  |TAMS 0x0000000084a00000, 0x0000000084900000| Complete 
|  74|0x0000000084a00000, 0x0000000084b00000, 0x0000000084b00000|100%|HC|  |TAMS 0x0000000084b00000, 0x0000000084a00000| Complete 
|  75|0x0000000084b00000, 0x0000000084c00000, 0x0000000084c00000|100%|HC|  |TAMS 0x0000000084c00000, 0x0000000084b00000| Complete 
|  76|0x0000000084c00000, 0x0000000084d00000, 0x0000000084d00000|100%|HC|  |TAMS 0x0000000084d00000, 0x0000000084c00000| Complete 
|  77|0x0000000084d00000, 0x0000000084e00000, 0x0000000084e00000|100%|HC|  |TAMS 0x0000000084e00000, 0x0000000084d00000| Complete 
|  78|0x0000000084e00000, 0x0000000084f00000, 0x0000000084f00000|100%|HS|  |TAMS 0x0000000084f00000, 0x0000000084e00000| Complete 
|  79|0x0000000084f00000, 0x0000000085000000, 0x0000000085000000|100%|HC|  |TAMS 0x0000000085000000, 0x0000000084f00000| Complete 
|  80|0x0000000085000000, 0x0000000085100000, 0x0000000085100000|100%|HS|  |TAMS 0x0000000085100000, 0x0000000085000000| Complete 
|  81|0x0000000085100000, 0x0000000085200000, 0x0000000085200000|100%|HC|  |TAMS 0x0000000085200000, 0x0000000085100000| Complete 
|  82|0x0000000085200000, 0x0000000085300000, 0x0000000085300000|100%|HC|  |TAMS 0x0000000085300000, 0x0000000085200000| Complete 
|  83|0x0000000085300000, 0x0000000085400000, 0x0000000085400000|100%|HC|  |TAMS 0x0000000085400000, 0x0000000085300000| Complete 
|  84|0x0000000085400000, 0x0000000085500000, 0x0000000085500000|100%|HC|  |TAMS 0x0000000085500000, 0x0000000085400000| Complete 
|  85|0x0000000085500000, 0x0000000085600000, 0x0000000085600000|100%|HS|  |TAMS 0x0000000085600000, 0x0000000085500000| Complete 
|  86|0x0000000085600000, 0x0000000085700000, 0x0000000085700000|100%|HC|  |TAMS 0x0000000085700000, 0x0000000085600000| Complete 
|  87|0x0000000085700000, 0x0000000085800000, 0x0000000085800000|100%|HC|  |TAMS 0x0000000085800000, 0x0000000085700000| Complete 
|  88|0x0000000085800000, 0x0000000085900000, 0x0000000085900000|100%|HC|  |TAMS 0x0000000085900000, 0x0000000085800000| Complete 
|  89|0x0000000085900000, 0x0000000085a00000, 0x0000000085a00000|100%|HC|  |TAMS 0x0000000085a00000, 0x0000000085900000| Complete 
|  90|0x0000000085a00000, 0x0000000085b00000, 0x0000000085b00000|100%|HC|  |TAMS 0x0000000085b00000, 0x0000000085a00000| Complete 
|  91|0x0000000085b00000, 0x0000000085c00000, 0x0000000085c00000|100%|HC|  |TAMS 0x0000000085c00000, 0x0000000085b00000| Complete 
|  92|0x0000000085c00000, 0x0000000085d00000, 0x0000000085d00000|100%|HC|  |TAMS 0x0000000085d00000, 0x0000000085c00000| Complete 
|  93|0x0000000085d00000, 0x0000000085e00000, 0x0000000085e00000|100%|HC|  |TAMS 0x0000000085e00000, 0x0000000085d00000| Complete 
|  94|0x0000000085e00000, 0x0000000085f00000, 0x0000000085f00000|100%|HC|  |TAMS 0x0000000085f00000, 0x0000000085e00000| Complete 
|  95|0x0000000085f00000, 0x0000000086000000, 0x0000000086000000|100%| O|  |TAMS 0x0000000086000000, 0x0000000085f00000| Untracked 
|  96|0x0000000086000000, 0x0000000086100000, 0x0000000086100000|100%| O|  |TAMS 0x0000000086000000, 0x0000000086000000| Untracked 
|  97|0x0000000086100000, 0x0000000086200000, 0x0000000086200000|100%|HS|  |TAMS 0x0000000086200000, 0x0000000086100000| Complete 
|  98|0x0000000086200000, 0x0000000086300000, 0x0000000086300000|100%|HC|  |TAMS 0x0000000086300000, 0x0000000086200000| Complete 
|  99|0x0000000086300000, 0x0000000086400000, 0x0000000086400000|100%| O|  |TAMS 0x0000000086300000, 0x0000000086300000| Untracked 
| 100|0x0000000086400000, 0x0000000086500000, 0x0000000086500000|100%| O|  |TAMS 0x0000000086500000, 0x0000000086400000| Untracked 
| 101|0x0000000086500000, 0x0000000086600000, 0x0000000086600000|100%| O|  |TAMS 0x0000000086600000, 0x0000000086500000| Untracked 
| 102|0x0000000086600000, 0x0000000086700000, 0x0000000086700000|100%| O|  |TAMS 0x0000000086600000, 0x0000000086600000| Untracked 
| 103|0x0000000086700000, 0x0000000086800000, 0x0000000086800000|100%| O|  |TAMS 0x0000000086800000, 0x0000000086700000| Untracked 
| 104|0x0000000086800000, 0x0000000086900000, 0x0000000086900000|100%| O|  |TAMS 0x0000000086900000, 0x0000000086800000| Untracked 
| 105|0x0000000086900000, 0x0000000086a00000, 0x0000000086a00000|100%| O|  |TAMS 0x0000000086900000, 0x0000000086900000| Untracked 
| 106|0x0000000086a00000, 0x0000000086b00000, 0x0000000086b00000|100%| O|  |TAMS 0x0000000086b00000, 0x0000000086a00000| Untracked 
| 107|0x0000000086b00000, 0x0000000086c00000, 0x0000000086c00000|100%| O|  |TAMS 0x0000000086c00000, 0x0000000086b00000| Untracked 
| 108|0x0000000086c00000, 0x0000000086d00000, 0x0000000086d00000|100%| O|  |TAMS 0x0000000086d00000, 0x0000000086c00000| Untracked 
| 109|0x0000000086d00000, 0x0000000086e00000, 0x0000000086e00000|100%| O|  |TAMS 0x0000000086d00000, 0x0000000086d00000| Untracked 
| 110|0x0000000086e00000, 0x0000000086f00000, 0x0000000086f00000|100%| O|  |TAMS 0x0000000086f00000, 0x0000000086e00000| Untracked 
| 111|0x0000000086f00000, 0x0000000087000000, 0x0000000087000000|100%|HS|  |TAMS 0x0000000087000000, 0x0000000086f00000| Complete 
| 112|0x0000000087000000, 0x0000000087100000, 0x0000000087100000|100%|HC|  |TAMS 0x0000000087100000, 0x0000000087000000| Complete 
| 113|0x0000000087100000, 0x0000000087200000, 0x0000000087200000|100%|HC|  |TAMS 0x0000000087200000, 0x0000000087100000| Complete 
| 114|0x0000000087200000, 0x0000000087300000, 0x0000000087300000|100%|HS|  |TAMS 0x0000000087300000, 0x0000000087200000| Complete 
| 115|0x0000000087300000, 0x0000000087400000, 0x0000000087400000|100%|HC|  |TAMS 0x0000000087400000, 0x0000000087300000| Complete 
| 116|0x0000000087400000, 0x0000000087500000, 0x0000000087500000|100%|HS|  |TAMS 0x0000000087500000, 0x0000000087400000| Complete 
| 117|0x0000000087500000, 0x0000000087600000, 0x0000000087600000|100%|HC|  |TAMS 0x0000000087600000, 0x0000000087500000| Complete 
| 118|0x0000000087600000, 0x0000000087700000, 0x0000000087700000|100%|HC|  |TAMS 0x0000000087700000, 0x0000000087600000| Complete 
| 119|0x0000000087700000, 0x0000000087800000, 0x0000000087800000|100%| O|  |TAMS 0x0000000087800000, 0x0000000087700000| Untracked 
| 120|0x0000000087800000, 0x0000000087900000, 0x0000000087900000|100%|HS|  |TAMS 0x0000000087900000, 0x0000000087800000| Complete 
| 121|0x0000000087900000, 0x0000000087a00000, 0x0000000087a00000|100%|HC|  |TAMS 0x0000000087a00000, 0x0000000087900000| Complete 
| 122|0x0000000087a00000, 0x0000000087b00000, 0x0000000087b00000|100%| O|  |TAMS 0x0000000087b00000, 0x0000000087a00000| Untracked 
| 123|0x0000000087b00000, 0x0000000087c00000, 0x0000000087c00000|100%| O|  |TAMS 0x0000000087c00000, 0x0000000087b00000| Untracked 
| 124|0x0000000087c00000, 0x0000000087d00000, 0x0000000087d00000|100%| O|  |TAMS 0x0000000087d00000, 0x0000000087c00000| Untracked 
| 125|0x0000000087d00000, 0x0000000087e00000, 0x0000000087e00000|100%| O|  |TAMS 0x0000000087e00000, 0x0000000087d00000| Untracked 
| 126|0x0000000087e00000, 0x0000000087f00000, 0x0000000087f00000|100%|HS|  |TAMS 0x0000000087f00000, 0x0000000087e00000| Complete 
| 127|0x0000000087f00000, 0x0000000088000000, 0x0000000088000000|100%|HC|  |TAMS 0x0000000088000000, 0x0000000087f00000| Complete 
| 128|0x0000000088000000, 0x0000000088100000, 0x0000000088100000|100%|HC|  |TAMS 0x0000000088100000, 0x0000000088000000| Complete 
| 129|0x0000000088100000, 0x0000000088200000, 0x0000000088200000|100%|HC|  |TAMS 0x0000000088200000, 0x0000000088100000| Complete 
| 130|0x0000000088200000, 0x0000000088300000, 0x0000000088300000|100%|HC|  |TAMS 0x0000000088300000, 0x0000000088200000| Complete 
| 131|0x0000000088300000, 0x0000000088400000, 0x0000000088400000|100%|HS|  |TAMS 0x0000000088400000, 0x0000000088300000| Complete 
| 132|0x0000000088400000, 0x0000000088500000, 0x0000000088500000|100%|HC|  |TAMS 0x0000000088500000, 0x0000000088400000| Complete 
| 133|0x0000000088500000, 0x0000000088600000, 0x0000000088600000|100%|HC|  |TAMS 0x0000000088600000, 0x0000000088500000| Complete 
| 134|0x0000000088600000, 0x0000000088700000, 0x0000000088700000|100%|HC|  |TAMS 0x0000000088700000, 0x0000000088600000| Complete 
| 135|0x0000000088700000, 0x0000000088800000, 0x0000000088800000|100%| O|  |TAMS 0x0000000088800000, 0x0000000088700000| Untracked 
| 136|0x0000000088800000, 0x0000000088900000, 0x0000000088900000|100%| O|  |TAMS 0x0000000088800000, 0x0000000088800000| Untracked 
| 137|0x0000000088900000, 0x0000000088a00000, 0x0000000088a00000|100%| O|  |TAMS 0x0000000088900000, 0x0000000088900000| Untracked 
| 138|0x0000000088a00000, 0x0000000088b00000, 0x0000000088b00000|100%| O|  |TAMS 0x0000000088a00000, 0x0000000088a00000| Untracked 
| 139|0x0000000088b00000, 0x0000000088c00000, 0x0000000088c00000|100%| O|  |TAMS 0x0000000088c00000, 0x0000000088b00000| Untracked 
| 140|0x0000000088c00000, 0x0000000088d00000, 0x0000000088d00000|100%| O|  |TAMS 0x0000000088c00000, 0x0000000088c00000| Untracked 
| 141|0x0000000088d00000, 0x0000000088e00000, 0x0000000088e00000|100%| O|  |TAMS 0x0000000088e00000, 0x0000000088d00000| Untracked 
| 142|0x0000000088e00000, 0x0000000088f00000, 0x0000000088f00000|100%| O|  |TAMS 0x0000000088f00000, 0x0000000088e00000| Untracked 
| 143|0x0000000088f00000, 0x0000000089000000, 0x0000000089000000|100%| O|  |TAMS 0x0000000088f00000, 0x0000000088f00000| Untracked 
| 144|0x0000000089000000, 0x0000000089100000, 0x0000000089100000|100%| O|  |TAMS 0x0000000089000000, 0x0000000089000000| Untracked 
| 145|0x0000000089100000, 0x0000000089200000, 0x0000000089200000|100%| O|  |TAMS 0x0000000089100000, 0x0000000089100000| Untracked 
| 146|0x0000000089200000, 0x0000000089300000, 0x0000000089300000|100%| O|  |TAMS 0x0000000089300000, 0x0000000089200000| Untracked 
| 147|0x0000000089300000, 0x0000000089400000, 0x0000000089400000|100%|HS|  |TAMS 0x0000000089400000, 0x0000000089300000| Complete 
| 148|0x0000000089400000, 0x0000000089500000, 0x0000000089500000|100%|HC|  |TAMS 0x0000000089500000, 0x0000000089400000| Complete 
| 149|0x0000000089500000, 0x0000000089600000, 0x0000000089600000|100%|HS|  |TAMS 0x0000000089600000, 0x0000000089500000| Complete 
| 150|0x0000000089600000, 0x0000000089700000, 0x0000000089700000|100%|HC|  |TAMS 0x0000000089700000, 0x0000000089600000| Complete 
| 151|0x0000000089700000, 0x0000000089800000, 0x0000000089800000|100%|HC|  |TAMS 0x0000000089800000, 0x0000000089700000| Complete 
| 152|0x0000000089800000, 0x0000000089900000, 0x0000000089900000|100%|HS|  |TAMS 0x0000000089900000, 0x0000000089800000| Complete 
| 153|0x0000000089900000, 0x0000000089a00000, 0x0000000089a00000|100%|HC|  |TAMS 0x0000000089a00000, 0x0000000089900000| Complete 
| 154|0x0000000089a00000, 0x0000000089b00000, 0x0000000089b00000|100%|HC|  |TAMS 0x0000000089b00000, 0x0000000089a00000| Complete 
| 155|0x0000000089b00000, 0x0000000089c00000, 0x0000000089c00000|100%|HS|  |TAMS 0x0000000089c00000, 0x0000000089b00000| Complete 
| 156|0x0000000089c00000, 0x0000000089d00000, 0x0000000089d00000|100%|HC|  |TAMS 0x0000000089d00000, 0x0000000089c00000| Complete 
| 157|0x0000000089d00000, 0x0000000089e00000, 0x0000000089e00000|100%|HS|  |TAMS 0x0000000089e00000, 0x0000000089d00000| Complete 
| 158|0x0000000089e00000, 0x0000000089f00000, 0x0000000089f00000|100%|HC|  |TAMS 0x0000000089f00000, 0x0000000089e00000| Complete 
| 159|0x0000000089f00000, 0x000000008a000000, 0x000000008a000000|100%|HC|  |TAMS 0x000000008a000000, 0x0000000089f00000| Complete 
| 160|0x000000008a000000, 0x000000008a100000, 0x000000008a100000|100%|HC|  |TAMS 0x000000008a100000, 0x000000008a000000| Complete 
| 161|0x000000008a100000, 0x000000008a200000, 0x000000008a200000|100%|HC|  |TAMS 0x000000008a200000, 0x000000008a100000| Complete 
| 162|0x000000008a200000, 0x000000008a300000, 0x000000008a300000|100%|HC|  |TAMS 0x000000008a300000, 0x000000008a200000| Complete 
| 163|0x000000008a300000, 0x000000008a400000, 0x000000008a400000|100%|HC|  |TAMS 0x000000008a400000, 0x000000008a300000| Complete 
| 164|0x000000008a400000, 0x000000008a500000, 0x000000008a500000|100%|HC|  |TAMS 0x000000008a500000, 0x000000008a400000| Complete 
| 165|0x000000008a500000, 0x000000008a600000, 0x000000008a600000|100%|HC|  |TAMS 0x000000008a600000, 0x000000008a500000| Complete 
| 166|0x000000008a600000, 0x000000008a700000, 0x000000008a700000|100%|HC|  |TAMS 0x000000008a700000, 0x000000008a600000| Complete 
| 167|0x000000008a700000, 0x000000008a800000, 0x000000008a800000|100%|HS|  |TAMS 0x000000008a800000, 0x000000008a700000| Complete 
| 168|0x000000008a800000, 0x000000008a900000, 0x000000008a900000|100%|HC|  |TAMS 0x000000008a900000, 0x000000008a800000| Complete 
| 169|0x000000008a900000, 0x000000008aa00000, 0x000000008aa00000|100%|HS|  |TAMS 0x000000008aa00000, 0x000000008a900000| Complete 
| 170|0x000000008aa00000, 0x000000008ab00000, 0x000000008ab00000|100%|HC|  |TAMS 0x000000008ab00000, 0x000000008aa00000| Complete 
| 171|0x000000008ab00000, 0x000000008ac00000, 0x000000008ac00000|100%|HC|  |TAMS 0x000000008ac00000, 0x000000008ab00000| Complete 
| 172|0x000000008ac00000, 0x000000008ad00000, 0x000000008ad00000|100%|HC|  |TAMS 0x000000008ad00000, 0x000000008ac00000| Complete 
| 173|0x000000008ad00000, 0x000000008ae00000, 0x000000008ae00000|100%|HC|  |TAMS 0x000000008ae00000, 0x000000008ad00000| Complete 
| 174|0x000000008ae00000, 0x000000008af00000, 0x000000008af00000|100%| O|  |TAMS 0x000000008af00000, 0x000000008ae00000| Untracked 
| 175|0x000000008af00000, 0x000000008b000000, 0x000000008b000000|100%| O|  |TAMS 0x000000008b000000, 0x000000008af00000| Untracked 
| 176|0x000000008b000000, 0x000000008b100000, 0x000000008b100000|100%| O|  |TAMS 0x000000008b100000, 0x000000008b000000| Untracked 
| 177|0x000000008b100000, 0x000000008b200000, 0x000000008b200000|100%| O|  |TAMS 0x000000008b200000, 0x000000008b100000| Untracked 
| 178|0x000000008b200000, 0x000000008b300000, 0x000000008b300000|100%| O|  |TAMS 0x000000008b300000, 0x000000008b200000| Untracked 
| 179|0x000000008b300000, 0x000000008b400000, 0x000000008b400000|100%| O|  |TAMS 0x000000008b400000, 0x000000008b300000| Untracked 
| 180|0x000000008b400000, 0x000000008b500000, 0x000000008b500000|100%| O|  |TAMS 0x000000008b500000, 0x000000008b400000| Untracked 
| 181|0x000000008b500000, 0x000000008b600000, 0x000000008b600000|100%| O|  |TAMS 0x000000008b600000, 0x000000008b500000| Untracked 
| 182|0x000000008b600000, 0x000000008b700000, 0x000000008b700000|100%| O|  |TAMS 0x000000008b700000, 0x000000008b600000| Untracked 
| 183|0x000000008b700000, 0x000000008b800000, 0x000000008b800000|100%| O|  |TAMS 0x000000008b800000, 0x000000008b700000| Untracked 
| 184|0x000000008b800000, 0x000000008b900000, 0x000000008b900000|100%| O|  |TAMS 0x000000008b900000, 0x000000008b800000| Untracked 
| 185|0x000000008b900000, 0x000000008ba00000, 0x000000008ba00000|100%| O|  |TAMS 0x000000008ba00000, 0x000000008b900000| Untracked 
| 186|0x000000008ba00000, 0x000000008bb00000, 0x000000008bb00000|100%| O|  |TAMS 0x000000008bb00000, 0x000000008ba00000| Untracked 
| 187|0x000000008bb00000, 0x000000008bc00000, 0x000000008bc00000|100%| O|  |TAMS 0x000000008bc00000, 0x000000008bb00000| Untracked 
| 188|0x000000008bc00000, 0x000000008bd00000, 0x000000008bd00000|100%| O|  |TAMS 0x000000008bd00000, 0x000000008bc00000| Untracked 
| 189|0x000000008bd00000, 0x000000008be00000, 0x000000008be00000|100%| O|  |TAMS 0x000000008be00000, 0x000000008bd00000| Untracked 
| 190|0x000000008be00000, 0x000000008bf00000, 0x000000008bf00000|100%| O|  |TAMS 0x000000008bf00000, 0x000000008be00000| Untracked 
| 191|0x000000008bf00000, 0x000000008c000000, 0x000000008c000000|100%| O|  |TAMS 0x000000008c000000, 0x000000008bf00000| Untracked 
| 192|0x000000008c000000, 0x000000008c100000, 0x000000008c100000|100%| O|  |TAMS 0x000000008c000000, 0x000000008c000000| Untracked 
| 193|0x000000008c100000, 0x000000008c200000, 0x000000008c200000|100%| O|  |TAMS 0x000000008c200000, 0x000000008c100000| Untracked 
| 194|0x000000008c200000, 0x000000008c300000, 0x000000008c300000|100%| O|  |TAMS 0x000000008c300000, 0x000000008c200000| Untracked 
| 195|0x000000008c300000, 0x000000008c400000, 0x000000008c400000|100%| O|  |TAMS 0x000000008c400000, 0x000000008c300000| Untracked 
| 196|0x000000008c400000, 0x000000008c500000, 0x000000008c500000|100%| O|  |TAMS 0x000000008c500000, 0x000000008c400000| Untracked 
| 197|0x000000008c500000, 0x000000008c600000, 0x000000008c600000|100%| O|  |TAMS 0x000000008c600000, 0x000000008c500000| Untracked 
| 198|0x000000008c600000, 0x000000008c700000, 0x000000008c700000|100%| O|  |TAMS 0x000000008c700000, 0x000000008c600000| Untracked 
| 199|0x000000008c700000, 0x000000008c800000, 0x000000008c800000|100%| O|  |TAMS 0x000000008c700000, 0x000000008c700000| Untracked 
| 200|0x000000008c800000, 0x000000008c900000, 0x000000008c900000|100%| O|  |TAMS 0x000000008c800000, 0x000000008c800000| Untracked 
| 201|0x000000008c900000, 0x000000008ca00000, 0x000000008ca00000|100%| O|  |TAMS 0x000000008ca00000, 0x000000008c900000| Untracked 
| 202|0x000000008ca00000, 0x000000008cb00000, 0x000000008cb00000|100%| O|  |TAMS 0x000000008cb00000, 0x000000008ca00000| Untracked 
| 203|0x000000008cb00000, 0x000000008cc00000, 0x000000008cc00000|100%| O|  |TAMS 0x000000008cc00000, 0x000000008cb00000| Untracked 
| 204|0x000000008cc00000, 0x000000008cd00000, 0x000000008cd00000|100%| O|  |TAMS 0x000000008cc00000, 0x000000008cc00000| Untracked 
| 205|0x000000008cd00000, 0x000000008cd00000, 0x000000008ce00000|  0%| F|  |TAMS 0x000000008cd00000, 0x000000008cd00000| Untracked 
| 206|0x000000008ce00000, 0x000000008cf00000, 0x000000008cf00000|100%| O|  |TAMS 0x000000008cf00000, 0x000000008ce00000| Untracked 
| 207|0x000000008cf00000, 0x000000008d000000, 0x000000008d000000|100%| O|  |TAMS 0x000000008d000000, 0x000000008cf00000| Untracked 
| 208|0x000000008d000000, 0x000000008d100000, 0x000000008d100000|100%| O|  |TAMS 0x000000008d100000, 0x000000008d000000| Untracked 
| 209|0x000000008d100000, 0x000000008d200000, 0x000000008d200000|100%| O|  |TAMS 0x000000008d200000, 0x000000008d100000| Untracked 
| 210|0x000000008d200000, 0x000000008d300000, 0x000000008d300000|100%| O|  |TAMS 0x000000008d300000, 0x000000008d200000| Untracked 
| 211|0x000000008d300000, 0x000000008d400000, 0x000000008d400000|100%| O|  |TAMS 0x000000008d400000, 0x000000008d300000| Untracked 
| 212|0x000000008d400000, 0x000000008d400000, 0x000000008d500000|  0%| F|  |TAMS 0x000000008d400000, 0x000000008d400000| Untracked 
| 213|0x000000008d500000, 0x000000008d600000, 0x000000008d600000|100%| O|  |TAMS 0x000000008d600000, 0x000000008d500000| Untracked 
| 214|0x000000008d600000, 0x000000008d700000, 0x000000008d700000|100%| O|  |TAMS 0x000000008d700000, 0x000000008d600000| Untracked 
| 215|0x000000008d700000, 0x000000008d800000, 0x000000008d800000|100%| O|  |TAMS 0x000000008d800000, 0x000000008d700000| Untracked 
| 216|0x000000008d800000, 0x000000008d900000, 0x000000008d900000|100%| O|  |TAMS 0x000000008d900000, 0x000000008d800000| Untracked 
| 217|0x000000008d900000, 0x000000008da00000, 0x000000008da00000|100%| O|  |TAMS 0x000000008da00000, 0x000000008d900000| Untracked 
| 218|0x000000008da00000, 0x000000008db00000, 0x000000008db00000|100%| O|  |TAMS 0x000000008db00000, 0x000000008da00000| Untracked 
| 219|0x000000008db00000, 0x000000008dc00000, 0x000000008dc00000|100%| O|  |TAMS 0x000000008dc00000, 0x000000008db00000| Untracked 
| 220|0x000000008dc00000, 0x000000008dd00000, 0x000000008dd00000|100%| O|  |TAMS 0x000000008dd00000, 0x000000008dc00000| Untracked 
| 221|0x000000008dd00000, 0x000000008de00000, 0x000000008de00000|100%| O|  |TAMS 0x000000008de00000, 0x000000008dd00000| Untracked 
| 222|0x000000008de00000, 0x000000008df00000, 0x000000008df00000|100%| O|  |TAMS 0x000000008df00000, 0x000000008de00000| Untracked 
| 223|0x000000008df00000, 0x000000008e000000, 0x000000008e000000|100%| O|  |TAMS 0x000000008e000000, 0x000000008df00000| Untracked 
| 224|0x000000008e000000, 0x000000008e100000, 0x000000008e100000|100%| O|  |TAMS 0x000000008e100000, 0x000000008e000000| Untracked 
| 225|0x000000008e100000, 0x000000008e200000, 0x000000008e200000|100%| O|  |TAMS 0x000000008e200000, 0x000000008e100000| Untracked 
| 226|0x000000008e200000, 0x000000008e300000, 0x000000008e300000|100%| O|  |TAMS 0x000000008e300000, 0x000000008e200000| Untracked 
| 227|0x000000008e300000, 0x000000008e400000, 0x000000008e400000|100%| O|  |TAMS 0x000000008e400000, 0x000000008e300000| Untracked 
| 228|0x000000008e400000, 0x000000008e400000, 0x000000008e500000|  0%| F|  |TAMS 0x000000008e400000, 0x000000008e400000| Untracked 
| 229|0x000000008e500000, 0x000000008e500000, 0x000000008e600000|  0%| F|  |TAMS 0x000000008e500000, 0x000000008e500000| Untracked 
| 230|0x000000008e600000, 0x000000008e700000, 0x000000008e700000|100%| O|  |TAMS 0x000000008e700000, 0x000000008e600000| Untracked 
| 231|0x000000008e700000, 0x000000008e800000, 0x000000008e800000|100%| O|  |TAMS 0x000000008e800000, 0x000000008e700000| Untracked 
| 232|0x000000008e800000, 0x000000008e900000, 0x000000008e900000|100%| O|  |TAMS 0x000000008e800000, 0x000000008e800000| Untracked 
| 233|0x000000008e900000, 0x000000008ea00000, 0x000000008ea00000|100%| O|  |TAMS 0x000000008ea00000, 0x000000008e900000| Untracked 
| 234|0x000000008ea00000, 0x000000008eb00000, 0x000000008eb00000|100%| O|  |TAMS 0x000000008eb00000, 0x000000008ea00000| Untracked 
| 235|0x000000008eb00000, 0x000000008ec00000, 0x000000008ec00000|100%| O|  |TAMS 0x000000008ec00000, 0x000000008eb00000| Untracked 
| 236|0x000000008ec00000, 0x000000008ed00000, 0x000000008ed00000|100%| O|  |TAMS 0x000000008ed00000, 0x000000008ec00000| Untracked 
| 237|0x000000008ed00000, 0x000000008ee00000, 0x000000008ee00000|100%| O|  |TAMS 0x000000008ee00000, 0x000000008ed00000| Untracked 
| 238|0x000000008ee00000, 0x000000008ee00000, 0x000000008ef00000|  0%| F|  |TAMS 0x000000008ee00000, 0x000000008ee00000| Untracked 
| 239|0x000000008ef00000, 0x000000008f000000, 0x000000008f000000|100%| O|  |TAMS 0x000000008f000000, 0x000000008ef00000| Untracked 
| 240|0x000000008f000000, 0x000000008f100000, 0x000000008f100000|100%| O|  |TAMS 0x000000008f000000, 0x000000008f000000| Untracked 
| 241|0x000000008f100000, 0x000000008f200000, 0x000000008f200000|100%| O|  |TAMS 0x000000008f200000, 0x000000008f100000| Untracked 
| 242|0x000000008f200000, 0x000000008f300000, 0x000000008f300000|100%| O|  |TAMS 0x000000008f200000, 0x000000008f200000| Untracked 
| 243|0x000000008f300000, 0x000000008f400000, 0x000000008f400000|100%| O|  |TAMS 0x000000008f300000, 0x000000008f300000| Untracked 
| 244|0x000000008f400000, 0x000000008f500000, 0x000000008f500000|100%| O|  |TAMS 0x000000008f400000, 0x000000008f400000| Untracked 
| 245|0x000000008f500000, 0x000000008f600000, 0x000000008f600000|100%| O|  |TAMS 0x000000008f500000, 0x000000008f500000| Untracked 
| 246|0x000000008f600000, 0x000000008f600000, 0x000000008f700000|  0%| F|  |TAMS 0x000000008f600000, 0x000000008f600000| Untracked 
| 247|0x000000008f700000, 0x000000008f700000, 0x000000008f800000|  0%| F|  |TAMS 0x000000008f700000, 0x000000008f700000| Untracked 
| 248|0x000000008f800000, 0x000000008f800000, 0x000000008f900000|  0%| F|  |TAMS 0x000000008f800000, 0x000000008f800000| Untracked 
| 249|0x000000008f900000, 0x000000008f900000, 0x000000008fa00000|  0%| F|  |TAMS 0x000000008f900000, 0x000000008f900000| Untracked 
| 250|0x000000008fa00000, 0x000000008fa00000, 0x000000008fb00000|  0%| F|  |TAMS 0x000000008fa00000, 0x000000008fa00000| Untracked 
| 251|0x000000008fb00000, 0x000000008fb00000, 0x000000008fc00000|  0%| F|  |TAMS 0x000000008fb00000, 0x000000008fb00000| Untracked 
| 252|0x000000008fc00000, 0x000000008fc00000, 0x000000008fd00000|  0%| F|  |TAMS 0x000000008fc00000, 0x000000008fc00000| Untracked 
| 253|0x000000008fd00000, 0x000000008fd00000, 0x000000008fe00000|  0%| F|  |TAMS 0x000000008fd00000, 0x000000008fd00000| Untracked 
| 254|0x000000008fe00000, 0x000000008fe00000, 0x000000008ff00000|  0%| F|  |TAMS 0x000000008fe00000, 0x000000008fe00000| Untracked 
| 255|0x000000008ff00000, 0x000000008ff00000, 0x0000000090000000|  0%| F|  |TAMS 0x000000008ff00000, 0x000000008ff00000| Untracked 
| 256|0x0000000090000000, 0x0000000090000000, 0x0000000090100000|  0%| F|  |TAMS 0x0000000090000000, 0x0000000090000000| Untracked 
| 257|0x0000000090100000, 0x0000000090100000, 0x0000000090200000|  0%| F|  |TAMS 0x0000000090100000, 0x0000000090100000| Untracked 
| 258|0x0000000090200000, 0x0000000090200000, 0x0000000090300000|  0%| F|  |TAMS 0x0000000090200000, 0x0000000090200000| Untracked 
| 259|0x0000000090300000, 0x0000000090300000, 0x0000000090400000|  0%| F|  |TAMS 0x0000000090300000, 0x0000000090300000| Untracked 
| 260|0x0000000090400000, 0x0000000090400000, 0x0000000090500000|  0%| F|  |TAMS 0x0000000090400000, 0x0000000090400000| Untracked 
| 261|0x0000000090500000, 0x0000000090500000, 0x0000000090600000|  0%| F|  |TAMS 0x0000000090500000, 0x0000000090500000| Untracked 
| 262|0x0000000090600000, 0x0000000090700000, 0x0000000090700000|100%| O|  |TAMS 0x0000000090700000, 0x0000000090600000| Untracked 
| 263|0x0000000090700000, 0x0000000090800000, 0x0000000090800000|100%| O|  |TAMS 0x0000000090800000, 0x0000000090700000| Untracked 
| 264|0x0000000090800000, 0x0000000090900000, 0x0000000090900000|100%| O|  |TAMS 0x0000000090900000, 0x0000000090800000| Untracked 
| 265|0x0000000090900000, 0x0000000090a00000, 0x0000000090a00000|100%| O|  |TAMS 0x0000000090a00000, 0x0000000090900000| Untracked 
| 266|0x0000000090a00000, 0x0000000090b00000, 0x0000000090b00000|100%| O|  |TAMS 0x0000000090b00000, 0x0000000090a00000| Untracked 
| 267|0x0000000090b00000, 0x0000000090c00000, 0x0000000090c00000|100%| O|  |TAMS 0x0000000090c00000, 0x0000000090b00000| Untracked 
| 268|0x0000000090c00000, 0x0000000090d00000, 0x0000000090d00000|100%| O|  |TAMS 0x0000000090d00000, 0x0000000090c00000| Untracked 
| 269|0x0000000090d00000, 0x0000000090e00000, 0x0000000090e00000|100%| O|  |TAMS 0x0000000090e00000, 0x0000000090d00000| Untracked 
| 270|0x0000000090e00000, 0x0000000090e00000, 0x0000000090f00000|  0%| F|  |TAMS 0x0000000090e00000, 0x0000000090e00000| Untracked 
| 271|0x0000000090f00000, 0x0000000090f00000, 0x0000000091000000|  0%| F|  |TAMS 0x0000000090f00000, 0x0000000090f00000| Untracked 
| 272|0x0000000091000000, 0x0000000091000000, 0x0000000091100000|  0%| F|  |TAMS 0x0000000091000000, 0x0000000091000000| Untracked 
| 273|0x0000000091100000, 0x0000000091100000, 0x0000000091200000|  0%| F|  |TAMS 0x0000000091100000, 0x0000000091100000| Untracked 
| 274|0x0000000091200000, 0x0000000091200000, 0x0000000091300000|  0%| F|  |TAMS 0x0000000091200000, 0x0000000091200000| Untracked 
| 275|0x0000000091300000, 0x0000000091300000, 0x0000000091400000|  0%| F|  |TAMS 0x0000000091300000, 0x0000000091300000| Untracked 
| 276|0x0000000091400000, 0x0000000091400000, 0x0000000091500000|  0%| F|  |TAMS 0x0000000091400000, 0x0000000091400000| Untracked 
| 277|0x0000000091500000, 0x0000000091500000, 0x0000000091600000|  0%| F|  |TAMS 0x0000000091500000, 0x0000000091500000| Untracked 
| 278|0x0000000091600000, 0x0000000091600000, 0x0000000091700000|  0%| F|  |TAMS 0x0000000091600000, 0x0000000091600000| Untracked 
| 279|0x0000000091700000, 0x0000000091700000, 0x0000000091800000|  0%| F|  |TAMS 0x0000000091700000, 0x0000000091700000| Untracked 
| 280|0x0000000091800000, 0x0000000091800000, 0x0000000091900000|  0%| F|  |TAMS 0x0000000091800000, 0x0000000091800000| Untracked 
| 281|0x0000000091900000, 0x0000000091900000, 0x0000000091a00000|  0%| F|  |TAMS 0x0000000091900000, 0x0000000091900000| Untracked 
| 282|0x0000000091a00000, 0x0000000091a00000, 0x0000000091b00000|  0%| F|  |TAMS 0x0000000091a00000, 0x0000000091a00000| Untracked 
| 283|0x0000000091b00000, 0x0000000091b00000, 0x0000000091c00000|  0%| F|  |TAMS 0x0000000091b00000, 0x0000000091b00000| Untracked 
| 284|0x0000000091c00000, 0x0000000091c00000, 0x0000000091d00000|  0%| F|  |TAMS 0x0000000091c00000, 0x0000000091c00000| Untracked 
| 285|0x0000000091d00000, 0x0000000091d00000, 0x0000000091e00000|  0%| F|  |TAMS 0x0000000091d00000, 0x0000000091d00000| Untracked 
| 286|0x0000000091e00000, 0x0000000091e00000, 0x0000000091f00000|  0%| F|  |TAMS 0x0000000091e00000, 0x0000000091e00000| Untracked 
| 287|0x0000000091f00000, 0x0000000091f00000, 0x0000000092000000|  0%| F|  |TAMS 0x0000000091f00000, 0x0000000091f00000| Untracked 
| 288|0x0000000092000000, 0x0000000092000000, 0x0000000092100000|  0%| F|  |TAMS 0x0000000092000000, 0x0000000092000000| Untracked 
| 289|0x0000000092100000, 0x0000000092100000, 0x0000000092200000|  0%| F|  |TAMS 0x0000000092100000, 0x0000000092100000| Untracked 
| 290|0x0000000092200000, 0x0000000092200000, 0x0000000092300000|  0%| F|  |TAMS 0x0000000092200000, 0x0000000092200000| Untracked 
| 291|0x0000000092300000, 0x0000000092300000, 0x0000000092400000|  0%| F|  |TAMS 0x0000000092300000, 0x0000000092300000| Untracked 
| 292|0x0000000092400000, 0x0000000092400000, 0x0000000092500000|  0%| F|  |TAMS 0x0000000092400000, 0x0000000092400000| Untracked 
| 293|0x0000000092500000, 0x0000000092500000, 0x0000000092600000|  0%| F|  |TAMS 0x0000000092500000, 0x0000000092500000| Untracked 
| 294|0x0000000092600000, 0x0000000092600000, 0x0000000092700000|  0%| F|  |TAMS 0x0000000092600000, 0x0000000092600000| Untracked 
| 295|0x0000000092700000, 0x0000000092700000, 0x0000000092800000|  0%| F|  |TAMS 0x0000000092700000, 0x0000000092700000| Untracked 
| 296|0x0000000092800000, 0x0000000092800000, 0x0000000092900000|  0%| F|  |TAMS 0x0000000092800000, 0x0000000092800000| Untracked 
| 297|0x0000000092900000, 0x0000000092900000, 0x0000000092a00000|  0%| F|  |TAMS 0x0000000092900000, 0x0000000092900000| Untracked 
| 298|0x0000000092a00000, 0x0000000092a00000, 0x0000000092b00000|  0%| F|  |TAMS 0x0000000092a00000, 0x0000000092a00000| Untracked 
| 299|0x0000000092b00000, 0x0000000092b00000, 0x0000000092c00000|  0%| F|  |TAMS 0x0000000092b00000, 0x0000000092b00000| Untracked 
| 300|0x0000000092c00000, 0x0000000092c00000, 0x0000000092d00000|  0%| F|  |TAMS 0x0000000092c00000, 0x0000000092c00000| Untracked 
| 301|0x0000000092d00000, 0x0000000092d00000, 0x0000000092e00000|  0%| F|  |TAMS 0x0000000092d00000, 0x0000000092d00000| Untracked 
| 302|0x0000000092e00000, 0x0000000092e00000, 0x0000000092f00000|  0%| F|  |TAMS 0x0000000092e00000, 0x0000000092e00000| Untracked 
| 303|0x0000000092f00000, 0x0000000092f00000, 0x0000000093000000|  0%| F|  |TAMS 0x0000000092f00000, 0x0000000092f00000| Untracked 
| 304|0x0000000093000000, 0x0000000093000000, 0x0000000093100000|  0%| F|  |TAMS 0x0000000093000000, 0x0000000093000000| Untracked 
| 305|0x0000000093100000, 0x0000000093100000, 0x0000000093200000|  0%| F|  |TAMS 0x0000000093100000, 0x0000000093100000| Untracked 
| 306|0x0000000093200000, 0x0000000093200000, 0x0000000093300000|  0%| F|  |TAMS 0x0000000093200000, 0x0000000093200000| Untracked 
| 307|0x0000000093300000, 0x0000000093300000, 0x0000000093400000|  0%| F|  |TAMS 0x0000000093300000, 0x0000000093300000| Untracked 
| 308|0x0000000093400000, 0x0000000093400000, 0x0000000093500000|  0%| F|  |TAMS 0x0000000093400000, 0x0000000093400000| Untracked 
| 309|0x0000000093500000, 0x0000000093500000, 0x0000000093600000|  0%| F|  |TAMS 0x0000000093500000, 0x0000000093500000| Untracked 
| 310|0x0000000093600000, 0x0000000093600000, 0x0000000093700000|  0%| F|  |TAMS 0x0000000093600000, 0x0000000093600000| Untracked 
| 311|0x0000000093700000, 0x0000000093700000, 0x0000000093800000|  0%| F|  |TAMS 0x0000000093700000, 0x0000000093700000| Untracked 
| 312|0x0000000093800000, 0x0000000093800000, 0x0000000093900000|  0%| F|  |TAMS 0x0000000093800000, 0x0000000093800000| Untracked 
| 313|0x0000000093900000, 0x0000000093900000, 0x0000000093a00000|  0%| F|  |TAMS 0x0000000093900000, 0x0000000093900000| Untracked 
| 314|0x0000000093a00000, 0x0000000093a00000, 0x0000000093b00000|  0%| F|  |TAMS 0x0000000093a00000, 0x0000000093a00000| Untracked 
| 315|0x0000000093b00000, 0x0000000093b00000, 0x0000000093c00000|  0%| F|  |TAMS 0x0000000093b00000, 0x0000000093b00000| Untracked 
| 316|0x0000000093c00000, 0x0000000093c00000, 0x0000000093d00000|  0%| F|  |TAMS 0x0000000093c00000, 0x0000000093c00000| Untracked 
| 317|0x0000000093d00000, 0x0000000093e00000, 0x0000000093e00000|100%| S|CS|TAMS 0x0000000093d00000, 0x0000000093d00000| Complete 
| 318|0x0000000093e00000, 0x0000000093f00000, 0x0000000093f00000|100%| S|CS|TAMS 0x0000000093e00000, 0x0000000093e00000| Complete 
| 319|0x0000000093f00000, 0x0000000093f00000, 0x0000000094000000|  0%| F|  |TAMS 0x0000000093f00000, 0x0000000093f00000| Untracked 
| 320|0x0000000094000000, 0x0000000094000000, 0x0000000094100000|  0%| F|  |TAMS 0x0000000094000000, 0x0000000094000000| Untracked 
| 321|0x0000000094100000, 0x0000000094200000, 0x0000000094200000|100%| S|CS|TAMS 0x0000000094100000, 0x0000000094100000| Complete 
| 322|0x0000000094200000, 0x0000000094300000, 0x0000000094300000|100%| S|CS|TAMS 0x0000000094200000, 0x0000000094200000| Complete 
| 323|0x0000000094300000, 0x0000000094400000, 0x0000000094400000|100%| S|CS|TAMS 0x0000000094300000, 0x0000000094300000| Complete 
| 324|0x0000000094400000, 0x0000000094500000, 0x0000000094500000|100%| S|CS|TAMS 0x0000000094400000, 0x0000000094400000| Complete 
| 325|0x0000000094500000, 0x0000000094600000, 0x0000000094600000|100%| S|CS|TAMS 0x0000000094500000, 0x0000000094500000| Complete 
| 326|0x0000000094600000, 0x0000000094700000, 0x0000000094700000|100%| S|CS|TAMS 0x0000000094600000, 0x0000000094600000| Complete 
| 327|0x0000000094700000, 0x0000000094800000, 0x0000000094800000|100%| S|CS|TAMS 0x0000000094700000, 0x0000000094700000| Complete 
| 328|0x0000000094800000, 0x0000000094800000, 0x0000000094900000|  0%| F|  |TAMS 0x0000000094800000, 0x0000000094800000| Untracked 
| 329|0x0000000094900000, 0x0000000094900000, 0x0000000094a00000|  0%| F|  |TAMS 0x0000000094900000, 0x0000000094900000| Untracked 
| 330|0x0000000094a00000, 0x0000000094a00000, 0x0000000094b00000|  0%| F|  |TAMS 0x0000000094a00000, 0x0000000094a00000| Untracked 
| 331|0x0000000094b00000, 0x0000000094b00000, 0x0000000094c00000|  0%| F|  |TAMS 0x0000000094b00000, 0x0000000094b00000| Untracked 
| 332|0x0000000094c00000, 0x0000000094c00000, 0x0000000094d00000|  0%| F|  |TAMS 0x0000000094c00000, 0x0000000094c00000| Untracked 
| 333|0x0000000094d00000, 0x0000000094d00000, 0x0000000094e00000|  0%| F|  |TAMS 0x0000000094d00000, 0x0000000094d00000| Untracked 
| 334|0x0000000094e00000, 0x0000000094e00000, 0x0000000094f00000|  0%| F|  |TAMS 0x0000000094e00000, 0x0000000094e00000| Untracked 
| 335|0x0000000094f00000, 0x0000000094f00000, 0x0000000095000000|  0%| F|  |TAMS 0x0000000094f00000, 0x0000000094f00000| Untracked 
| 336|0x0000000095000000, 0x0000000095000000, 0x0000000095100000|  0%| F|  |TAMS 0x0000000095000000, 0x0000000095000000| Untracked 
| 337|0x0000000095100000, 0x0000000095100000, 0x0000000095200000|  0%| F|  |TAMS 0x0000000095100000, 0x0000000095100000| Untracked 
| 338|0x0000000095200000, 0x0000000095200000, 0x0000000095300000|  0%| F|  |TAMS 0x0000000095200000, 0x0000000095200000| Untracked 
| 339|0x0000000095300000, 0x0000000095300000, 0x0000000095400000|  0%| F|  |TAMS 0x0000000095300000, 0x0000000095300000| Untracked 
| 340|0x0000000095400000, 0x0000000095400000, 0x0000000095500000|  0%| F|  |TAMS 0x0000000095400000, 0x0000000095400000| Untracked 
| 341|0x0000000095500000, 0x0000000095500000, 0x0000000095600000|  0%| F|  |TAMS 0x0000000095500000, 0x0000000095500000| Untracked 
| 342|0x0000000095600000, 0x0000000095600000, 0x0000000095700000|  0%| F|  |TAMS 0x0000000095600000, 0x0000000095600000| Untracked 
| 343|0x0000000095700000, 0x0000000095700000, 0x0000000095800000|  0%| F|  |TAMS 0x0000000095700000, 0x0000000095700000| Untracked 
| 344|0x0000000095800000, 0x0000000095800000, 0x0000000095900000|  0%| F|  |TAMS 0x0000000095800000, 0x0000000095800000| Untracked 
| 345|0x0000000095900000, 0x0000000095900000, 0x0000000095a00000|  0%| F|  |TAMS 0x0000000095900000, 0x0000000095900000| Untracked 
| 346|0x0000000095a00000, 0x0000000095a00000, 0x0000000095b00000|  0%| F|  |TAMS 0x0000000095a00000, 0x0000000095a00000| Untracked 
| 347|0x0000000095b00000, 0x0000000095b00000, 0x0000000095c00000|  0%| F|  |TAMS 0x0000000095b00000, 0x0000000095b00000| Untracked 
| 348|0x0000000095c00000, 0x0000000095c00000, 0x0000000095d00000|  0%| F|  |TAMS 0x0000000095c00000, 0x0000000095c00000| Untracked 
| 349|0x0000000095d00000, 0x0000000095d00000, 0x0000000095e00000|  0%| F|  |TAMS 0x0000000095d00000, 0x0000000095d00000| Untracked 
| 350|0x0000000095e00000, 0x0000000095e00000, 0x0000000095f00000|  0%| F|  |TAMS 0x0000000095e00000, 0x0000000095e00000| Untracked 
| 351|0x0000000095f00000, 0x0000000095f00000, 0x0000000096000000|  0%| F|  |TAMS 0x0000000095f00000, 0x0000000095f00000| Untracked 
| 352|0x0000000096000000, 0x0000000096000000, 0x0000000096100000|  0%| F|  |TAMS 0x0000000096000000, 0x0000000096000000| Untracked 
| 353|0x0000000096100000, 0x0000000096100000, 0x0000000096200000|  0%| F|  |TAMS 0x0000000096100000, 0x0000000096100000| Untracked 
| 354|0x0000000096200000, 0x0000000096200000, 0x0000000096300000|  0%| F|  |TAMS 0x0000000096200000, 0x0000000096200000| Untracked 
| 355|0x0000000096300000, 0x0000000096300000, 0x0000000096400000|  0%| F|  |TAMS 0x0000000096300000, 0x0000000096300000| Untracked 
| 356|0x0000000096400000, 0x0000000096400000, 0x0000000096500000|  0%| F|  |TAMS 0x0000000096400000, 0x0000000096400000| Untracked 
| 357|0x0000000096500000, 0x0000000096500000, 0x0000000096600000|  0%| F|  |TAMS 0x0000000096500000, 0x0000000096500000| Untracked 
| 358|0x0000000096600000, 0x0000000096600000, 0x0000000096700000|  0%| F|  |TAMS 0x0000000096600000, 0x0000000096600000| Untracked 
| 359|0x0000000096700000, 0x0000000096700000, 0x0000000096800000|  0%| F|  |TAMS 0x0000000096700000, 0x0000000096700000| Untracked 
| 360|0x0000000096800000, 0x0000000096800000, 0x0000000096900000|  0%| F|  |TAMS 0x0000000096800000, 0x0000000096800000| Untracked 
| 361|0x0000000096900000, 0x0000000096900000, 0x0000000096a00000|  0%| F|  |TAMS 0x0000000096900000, 0x0000000096900000| Untracked 
| 362|0x0000000096a00000, 0x0000000096a00000, 0x0000000096b00000|  0%| F|  |TAMS 0x0000000096a00000, 0x0000000096a00000| Untracked 
| 363|0x0000000096b00000, 0x0000000096b00000, 0x0000000096c00000|  0%| F|  |TAMS 0x0000000096b00000, 0x0000000096b00000| Untracked 
| 364|0x0000000096c00000, 0x0000000096c00000, 0x0000000096d00000|  0%| F|  |TAMS 0x0000000096c00000, 0x0000000096c00000| Untracked 
| 365|0x0000000096d00000, 0x0000000096d00000, 0x0000000096e00000|  0%| F|  |TAMS 0x0000000096d00000, 0x0000000096d00000| Untracked 
| 366|0x0000000096e00000, 0x0000000096e00000, 0x0000000096f00000|  0%| F|  |TAMS 0x0000000096e00000, 0x0000000096e00000| Untracked 
| 367|0x0000000096f00000, 0x0000000096f00000, 0x0000000097000000|  0%| F|  |TAMS 0x0000000096f00000, 0x0000000096f00000| Untracked 
| 368|0x0000000097000000, 0x0000000097000000, 0x0000000097100000|  0%| F|  |TAMS 0x0000000097000000, 0x0000000097000000| Untracked 
| 369|0x0000000097100000, 0x0000000097100000, 0x0000000097200000|  0%| F|  |TAMS 0x0000000097100000, 0x0000000097100000| Untracked 
| 370|0x0000000097200000, 0x0000000097200000, 0x0000000097300000|  0%| F|  |TAMS 0x0000000097200000, 0x0000000097200000| Untracked 
| 371|0x0000000097300000, 0x0000000097300000, 0x0000000097400000|  0%| F|  |TAMS 0x0000000097300000, 0x0000000097300000| Untracked 
| 372|0x0000000097400000, 0x0000000097400000, 0x0000000097500000|  0%| F|  |TAMS 0x0000000097400000, 0x0000000097400000| Untracked 
| 373|0x0000000097500000, 0x0000000097500000, 0x0000000097600000|  0%| F|  |TAMS 0x0000000097500000, 0x0000000097500000| Untracked 
| 374|0x0000000097600000, 0x0000000097600000, 0x0000000097700000|  0%| F|  |TAMS 0x0000000097600000, 0x0000000097600000| Untracked 
| 375|0x0000000097700000, 0x0000000097700000, 0x0000000097800000|  0%| F|  |TAMS 0x0000000097700000, 0x0000000097700000| Untracked 
| 376|0x0000000097800000, 0x0000000097800000, 0x0000000097900000|  0%| F|  |TAMS 0x0000000097800000, 0x0000000097800000| Untracked 
| 377|0x0000000097900000, 0x0000000097900000, 0x0000000097a00000|  0%| F|  |TAMS 0x0000000097900000, 0x0000000097900000| Untracked 
| 378|0x0000000097a00000, 0x0000000097a00000, 0x0000000097b00000|  0%| F|  |TAMS 0x0000000097a00000, 0x0000000097a00000| Untracked 
| 379|0x0000000097b00000, 0x0000000097b00000, 0x0000000097c00000|  0%| F|  |TAMS 0x0000000097b00000, 0x0000000097b00000| Untracked 
| 380|0x0000000097c00000, 0x0000000097c00000, 0x0000000097d00000|  0%| F|  |TAMS 0x0000000097c00000, 0x0000000097c00000| Untracked 
| 381|0x0000000097d00000, 0x0000000097d00000, 0x0000000097e00000|  0%| F|  |TAMS 0x0000000097d00000, 0x0000000097d00000| Untracked 
| 382|0x0000000097e00000, 0x0000000097e00000, 0x0000000097f00000|  0%| F|  |TAMS 0x0000000097e00000, 0x0000000097e00000| Untracked 
| 383|0x0000000097f00000, 0x0000000097f00000, 0x0000000098000000|  0%| F|  |TAMS 0x0000000097f00000, 0x0000000097f00000| Untracked 
| 384|0x0000000098000000, 0x0000000098000000, 0x0000000098100000|  0%| F|  |TAMS 0x0000000098000000, 0x0000000098000000| Untracked 
| 385|0x0000000098100000, 0x0000000098100000, 0x0000000098200000|  0%| F|  |TAMS 0x0000000098100000, 0x0000000098100000| Untracked 
| 386|0x0000000098200000, 0x0000000098200000, 0x0000000098300000|  0%| F|  |TAMS 0x0000000098200000, 0x0000000098200000| Untracked 
| 387|0x0000000098300000, 0x0000000098300000, 0x0000000098400000|  0%| F|  |TAMS 0x0000000098300000, 0x0000000098300000| Untracked 
| 388|0x0000000098400000, 0x0000000098400000, 0x0000000098500000|  0%| F|  |TAMS 0x0000000098400000, 0x0000000098400000| Untracked 
| 389|0x0000000098500000, 0x0000000098500000, 0x0000000098600000|  0%| F|  |TAMS 0x0000000098500000, 0x0000000098500000| Untracked 
| 390|0x0000000098600000, 0x0000000098600000, 0x0000000098700000|  0%| F|  |TAMS 0x0000000098600000, 0x0000000098600000| Untracked 
| 391|0x0000000098700000, 0x0000000098700000, 0x0000000098800000|  0%| F|  |TAMS 0x0000000098700000, 0x0000000098700000| Untracked 
| 392|0x0000000098800000, 0x0000000098800000, 0x0000000098900000|  0%| F|  |TAMS 0x0000000098800000, 0x0000000098800000| Untracked 
| 393|0x0000000098900000, 0x0000000098900000, 0x0000000098a00000|  0%| F|  |TAMS 0x0000000098900000, 0x0000000098900000| Untracked 
| 394|0x0000000098a00000, 0x0000000098a00000, 0x0000000098b00000|  0%| F|  |TAMS 0x0000000098a00000, 0x0000000098a00000| Untracked 
| 395|0x0000000098b00000, 0x0000000098b00000, 0x0000000098c00000|  0%| F|  |TAMS 0x0000000098b00000, 0x0000000098b00000| Untracked 

Card table byte_map: [0x000001f947500000,0x000001f947900000] _byte_map_base: 0x000001f947100000

Marking Bits (Prev, Next): (CMBitMap*) 0x000001f933d7c5c0, (CMBitMap*) 0x000001f933d7c588
 Prev Bits: [0x000001f949d00000, 0x000001f94bd00000)
 Next Bits: [0x000001f947d00000, 0x000001f949d00000)

Polling page: 0x000001f933510000

Metaspace:

Usage:
  Non-class:    143.89 MB capacity,   141.39 MB ( 98%) used,     2.02 MB (  1%) free+waste,   494.81 KB ( <1%) overhead. 
      Class:     21.60 MB capacity,    20.17 MB ( 93%) used,     1.22 MB (  6%) free+waste,   214.06 KB ( <1%) overhead. 
       Both:    165.49 MB capacity,   161.57 MB ( 98%) used,     3.23 MB (  2%) free+waste,   708.88 KB ( <1%) overhead. 

Virtual space:
  Non-class space:      144.00 MB reserved,     143.92 MB (>99%) committed 
      Class space:        1.00 GB reserved,      21.62 MB (  2%) committed 
             Both:        1.14 GB reserved,     165.55 MB ( 14%) committed 

Chunk freelists:
   Non-Class:  29.00 KB
       Class:  27.00 KB
        Both:  56.00 KB

MaxMetaspaceSize: 17179869184.00 GB
CompressedClassSpaceSize: 1.00 GB
Initial GC threshold: 20.80 MB
Current GC threshold: 261.54 MB
CDS: off

CodeHeap 'non-profiled nmethods': size=119168Kb used=19832Kb max_used=20436Kb free=99335Kb
 bounds [0x000001f93f400000, 0x000001f940800000, 0x000001f946860000]
CodeHeap 'profiled nmethods': size=119168Kb used=53886Kb max_used=55274Kb free=65281Kb
 bounds [0x000001f937fa0000, 0x000001f93b5b0000, 0x000001f93f400000]
CodeHeap 'non-nmethods': size=7424Kb used=4213Kb max_used=4285Kb free=3210Kb
 bounds [0x000001f937860000, 0x000001f937ca0000, 0x000001f937fa0000]
 total_blobs=25177 nmethods=24105 adapters=979
 compilation: enabled
              stopped_count=0, restarted_count=0
 full_count=0

Compilation events (20 events):
Event: 5688.255 Thread 0x000001f94fc94000 nmethod 27210 0x000001f938b51610 code [0x000001f938b517c0, 0x000001f938b51998]
Event: 5688.255 Thread 0x000001f94f677800 nmethod 27214 0x000001f938de1790 code [0x000001f938de1940, 0x000001f938de1a98]
Event: 5688.255 Thread 0x000001f94fc99000 27215       4       com.android.tools.r8.graph.T0::<init> (60 bytes)
Event: 5688.255 Thread 0x000001f94f673800 27216       4       com.android.tools.r8.internal.Ab::<init> (449 bytes)
Event: 5688.255 Thread 0x000001f94fc9e000 nmethod 27206 0x000001f939430810 code [0x000001f939430a60, 0x000001f939431248]
Event: 5688.256 Thread 0x000001f94fc95800 27217       4       java.lang.invoke.MemberName$Factory::resolveOrFail (53 bytes)
Event: 5688.257 Thread 0x000001f94fc94000 27220       3       com.android.tools.r8.graph.v2::a (58 bytes)
Event: 5688.258 Thread 0x000001f94f677800 27222       3       com.android.tools.r8.graph.s::a (49 bytes)
Event: 5688.258 Thread 0x000001f94fc9e000 27223       3       com.android.tools.r8.graph.y2$$Lambda$2033/0x000000010153b440::<init> (20 bytes)
Event: 5688.258 Thread 0x000001f94fc98000 nmethod 27212 0x000001f93faedf90 code [0x000001f93faee160, 0x000001f93faee478]
Event: 5688.259 Thread 0x000001f94fc95800 nmethod 27217 0x000001f93faeda90 code [0x000001f93faedc40, 0x000001f93faedce8]
Event: 5688.259 Thread 0x000001f94fc95800 27219       4       com.android.tools.r8.internal.Px::c (280 bytes)
Event: 5688.259 Thread 0x000001f94fc9e000 nmethod 27223 0x000001f938f8cf10 code [0x000001f938f8d0c0, 0x000001f938f8d338]
Event: 5688.259 Thread 0x000001f94fc98000 27221       4       com.android.tools.r8.graph.b1::m0 (37 bytes)
Event: 5688.259 Thread 0x000001f94fc9e000 27224       3       com.android.tools.r8.graph.u2::a (50 bytes)
Event: 5688.259 Thread 0x000001f94fc94000 nmethod 27220 0x000001f938a2ab10 code [0x000001f938a2ad40, 0x000001f938a2b598]
Event: 5688.259 Thread 0x000001f94f677800 nmethod 27222 0x000001f93968f390 code [0x000001f93968f540, 0x000001f93968f7e8]
Event: 5688.261 Thread 0x000001f94fc9a000 nmethod 27156 0x000001f93f9afd10 code [0x000001f93f9aff20, 0x000001f93f9b0948]
Event: 5688.262 Thread 0x000001f94fc9e000 nmethod 27224 0x000001f93888bf10 code [0x000001f93888c240, 0x000001f93888d878]
Event: 5688.262 Thread 0x000001f94fc9a000 27218       4       com.android.tools.r8.graph.T0::m0 (37 bytes)

GC Heap History (20 events):
Event: 5686.175 GC heap after
{Heap after GC invocations=81 (full 0):
 garbage-first heap   total 337920K, used 266155K [0x0000000080000000, 0x0000000100000000)
  region size 1024K, 4 young (4096K), 4 survivors (4096K)
 Metaspace       used 154519K, capacity 157923K, committed 158768K, reserved 1187840K
  class space    used 19357K, capacity 20628K, committed 20864K, reserved 1048576K
}
Event: 5686.244 GC heap before
{Heap before GC invocations=81 (full 0):
 garbage-first heap   total 337920K, used 278443K [0x0000000080000000, 0x0000000100000000)
  region size 1024K, 16 young (16384K), 4 survivors (4096K)
 Metaspace       used 155739K, capacity 159107K, committed 160176K, reserved 1187840K
  class space    used 19470K, capacity 20724K, committed 20992K, reserved 1048576K
}
Event: 5686.252 GC heap after
{Heap after GC invocations=82 (full 0):
 garbage-first heap   total 337920K, used 265442K [0x0000000080000000, 0x0000000100000000)
  region size 1024K, 2 young (2048K), 2 survivors (2048K)
 Metaspace       used 155739K, capacity 159107K, committed 160176K, reserved 1187840K
  class space    used 19470K, capacity 20724K, committed 20992K, reserved 1048576K
}
Event: 5686.313 GC heap before
{Heap before GC invocations=82 (full 0):
 garbage-first heap   total 337920K, used 287970K [0x0000000080000000, 0x0000000100000000)
  region size 1024K, 24 young (24576K), 2 survivors (2048K)
 Metaspace       used 155832K, capacity 159235K, committed 160176K, reserved 1187840K
  class space    used 19470K, capacity 20724K, committed 20992K, reserved 1048576K
}
Event: 5686.321 GC heap after
{Heap after GC invocations=83 (full 0):
 garbage-first heap   total 337920K, used 267557K [0x0000000080000000, 0x0000000100000000)
  region size 1024K, 3 young (3072K), 3 survivors (3072K)
 Metaspace       used 155832K, capacity 159235K, committed 160176K, reserved 1187840K
  class space    used 19470K, capacity 20724K, committed 20992K, reserved 1048576K
}
Event: 5686.378 GC heap before
{Heap before GC invocations=83 (full 0):
 garbage-first heap   total 337920K, used 289061K [0x0000000080000000, 0x0000000100000000)
  region size 1024K, 25 young (25600K), 3 survivors (3072K)
 Metaspace       used 155908K, capacity 159247K, committed 160176K, reserved 1187840K
  class space    used 19473K, capacity 20724K, committed 20992K, reserved 1048576K
}
Event: 5686.381 GC heap after
{Heap after GC invocations=84 (full 0):
 garbage-first heap   total 337920K, used 267581K [0x0000000080000000, 0x0000000100000000)
  region size 1024K, 2 young (2048K), 2 survivors (2048K)
 Metaspace       used 155908K, capacity 159247K, committed 160176K, reserved 1187840K
  class space    used 19473K, capacity 20724K, committed 20992K, reserved 1048576K
}
Event: 5686.495 GC heap before
{Heap before GC invocations=84 (full 0):
 garbage-first heap   total 337920K, used 279869K [0x0000000080000000, 0x0000000100000000)
  region size 1024K, 25 young (25600K), 2 survivors (2048K)
 Metaspace       used 156398K, capacity 159781K, committed 160688K, reserved 1189888K
  class space    used 19505K, capacity 20752K, committed 20992K, reserved 1048576K
}
Event: 5686.498 GC heap after
{Heap after GC invocations=85 (full 0):
 garbage-first heap   total 337920K, used 257529K [0x0000000080000000, 0x0000000100000000)
  region size 1024K, 2 young (2048K), 2 survivors (2048K)
 Metaspace       used 156398K, capacity 159781K, committed 160688K, reserved 1189888K
  class space    used 19505K, capacity 20752K, committed 20992K, reserved 1048576K
}
Event: 5686.620 GC heap before
{Heap before GC invocations=86 (full 0):
 garbage-first heap   total 337920K, used 285177K [0x0000000080000000, 0x0000000100000000)
  region size 1024K, 30 young (30720K), 2 survivors (2048K)
 Metaspace       used 156893K, capacity 160297K, committed 161328K, reserved 1189888K
  class space    used 19542K, capacity 20816K, committed 21120K, reserved 1048576K
}
Event: 5686.625 GC heap after
{Heap after GC invocations=87 (full 0):
 garbage-first heap   total 337920K, used 262429K [0x0000000080000000, 0x0000000100000000)
  region size 1024K, 4 young (4096K), 4 survivors (4096K)
 Metaspace       used 156893K, capacity 160297K, committed 161328K, reserved 1189888K
  class space    used 19542K, capacity 20816K, committed 21120K, reserved 1048576K
}
Event: 5686.674 GC heap before
{Heap before GC invocations=87 (full 0):
 garbage-first heap   total 337920K, used 273693K [0x0000000080000000, 0x0000000100000000)
  region size 1024K, 16 young (16384K), 4 survivors (4096K)
 Metaspace       used 157358K, capacity 160752K, committed 161584K, reserved 1189888K
  class space    used 19591K, capacity 20860K, committed 21120K, reserved 1048576K
}
Event: 5686.687 GC heap after
{Heap after GC invocations=88 (full 0):
 garbage-first heap   total 405504K, used 238296K [0x0000000080000000, 0x0000000100000000)
  region size 1024K, 2 young (2048K), 2 survivors (2048K)
 Metaspace       used 157358K, capacity 160752K, committed 161584K, reserved 1189888K
  class space    used 19591K, capacity 20860K, committed 21120K, reserved 1048576K
}
Event: 5687.125 GC heap before
{Heap before GC invocations=88 (full 0):
 garbage-first heap   total 405504K, used 296664K [0x0000000080000000, 0x0000000100000000)
  region size 1024K, 60 young (61440K), 2 survivors (2048K)
 Metaspace       used 158850K, capacity 162410K, committed 162992K, reserved 1191936K
  class space    used 19775K, capacity 21085K, committed 21248K, reserved 1048576K
}
Event: 5687.131 GC heap after
{Heap after GC invocations=89 (full 0):
 garbage-first heap   total 405504K, used 240916K [0x0000000080000000, 0x0000000100000000)
  region size 1024K, 5 young (5120K), 5 survivors (5120K)
 Metaspace       used 158850K, capacity 162410K, committed 162992K, reserved 1191936K
  class space    used 19775K, capacity 21085K, committed 21248K, reserved 1048576K
}
Event: 5687.696 GC heap before
{Heap before GC invocations=89 (full 0):
 garbage-first heap   total 405504K, used 302356K [0x0000000080000000, 0x0000000100000000)
  region size 1024K, 66 young (67584K), 5 survivors (5120K)
 Metaspace       used 160551K, capacity 164201K, committed 164400K, reserved 1191936K
  class space    used 19968K, capacity 21289K, committed 21376K, reserved 1048576K
}
Event: 5687.702 GC heap after
{Heap after GC invocations=90 (full 0):
 garbage-first heap   total 405504K, used 246850K [0x0000000080000000, 0x0000000100000000)
  region size 1024K, 9 young (9216K), 9 survivors (9216K)
 Metaspace       used 160551K, capacity 164201K, committed 164400K, reserved 1191936K
  class space    used 19968K, capacity 21289K, committed 21376K, reserved 1048576K
}
Event: 5687.932 GC heap before
{Heap before GC invocations=90 (full 0):
 garbage-first heap   total 405504K, used 309314K [0x0000000080000000, 0x0000000100000000)
  region size 1024K, 71 young (72704K), 9 survivors (9216K)
 Metaspace       used 161189K, capacity 164925K, committed 165040K, reserved 1193984K
  class space    used 20060K, capacity 21419K, committed 21504K, reserved 1048576K
}
Event: 5687.944 GC heap after
{Heap after GC invocations=91 (full 0):
 garbage-first heap   total 405504K, used 251934K [0x0000000080000000, 0x0000000100000000)
  region size 1024K, 6 young (6144K), 6 survivors (6144K)
 Metaspace       used 161189K, capacity 164925K, committed 165040K, reserved 1193984K
  class space    used 20060K, capacity 21419K, committed 21504K, reserved 1048576K
}
Event: 5688.262 GC heap before
{Heap before GC invocations=91 (full 0):
 garbage-first heap   total 405504K, used 316446K [0x0000000080000000, 0x0000000100000000)
  region size 1024K, 70 young (71680K), 6 survivors (6144K)
 Metaspace       used 165444K, capacity 169464K, committed 169520K, reserved 1196032K
  class space    used 20657K, capacity 22117K, committed 22144K, reserved 1048576K
}

Deoptimization events (20 events):
Event: 5688.220 Thread 0x000001f956df1800 DEOPT PACKING pc=0x000001f9403b7af8 sp=0x00000008c86fdfb0
Event: 5688.220 Thread 0x000001f956df1800 DEOPT UNPACKING pc=0x000001f9378aa1af sp=0x00000008c86fde18 mode 2
Event: 5688.226 Thread 0x000001f95cf52800 Uncommon trap: trap_request=0xfffffff6 fr.pc=0x000001f93f85f28c relative=0x000000000000022c
Event: 5688.226 Thread 0x000001f95cf52800 Uncommon trap: reason=null_check action=maybe_recompile pc=0x000001f93f85f28c method=com.android.tools.r8.graph.e1.<init>(Ljava/lang/String;)V @ 8 c2
Event: 5688.226 Thread 0x000001f95cf52800 DEOPT PACKING pc=0x000001f93f85f28c sp=0x00000008cd5fa370
Event: 5688.226 Thread 0x000001f956de7000 Uncommon trap: trap_request=0xfffffff6 fr.pc=0x000001f93f85f28c relative=0x000000000000022c
Event: 5688.226 Thread 0x000001f95cf52800 DEOPT UNPACKING pc=0x000001f9378aa1af sp=0x00000008cd5fa2a0 mode 2
Event: 5688.226 Thread 0x000001f956de7000 Uncommon trap: reason=null_check action=maybe_recompile pc=0x000001f93f85f28c method=com.android.tools.r8.graph.e1.<init>(Ljava/lang/String;)V @ 8 c2
Event: 5688.226 Thread 0x000001f956de7000 DEOPT PACKING pc=0x000001f93f85f28c sp=0x00000008c81fa810
Event: 5688.226 Thread 0x000001f956de7000 DEOPT UNPACKING pc=0x000001f9378aa1af sp=0x00000008c81fa740 mode 2
Event: 5688.226 Thread 0x000001f95cf4c000 Uncommon trap: trap_request=0xfffffff6 fr.pc=0x000001f93f85f28c relative=0x000000000000022c
Event: 5688.226 Thread 0x000001f95cf4c000 Uncommon trap: reason=null_check action=maybe_recompile pc=0x000001f93f85f28c method=com.android.tools.r8.graph.e1.<init>(Ljava/lang/String;)V @ 8 c2
Event: 5688.226 Thread 0x000001f95cf4c000 DEOPT PACKING pc=0x000001f93f85f28c sp=0x00000008ccafa960
Event: 5688.226 Thread 0x000001f95cf4c000 DEOPT UNPACKING pc=0x000001f9378aa1af sp=0x00000008ccafa890 mode 2
Event: 5688.248 Thread 0x000001f956de7000 DEOPT PACKING pc=0x000001f938781513 sp=0x00000008c81faa90
Event: 5688.248 Thread 0x000001f956de7000 DEOPT UNPACKING pc=0x000001f9378aa95e sp=0x00000008c81f9fc0 mode 0
Event: 5688.255 Thread 0x000001f956de7000 DEOPT PACKING pc=0x000001f938781513 sp=0x00000008c81fa9b0
Event: 5688.255 Thread 0x000001f95cf4c000 DEOPT PACKING pc=0x000001f938781513 sp=0x00000008ccafab00
Event: 5688.255 Thread 0x000001f956de7000 DEOPT UNPACKING pc=0x000001f9378aa95e sp=0x00000008c81f9ee0 mode 0
Event: 5688.255 Thread 0x000001f95cf4c000 DEOPT UNPACKING pc=0x000001f9378aa95e sp=0x00000008ccafa030 mode 0

Classes redefined (0 events):
No events

Internal exceptions (20 events):
Event: 5688.254 Thread 0x000001f95cf52800 Implicit null exception at 0x000001f93b56fa59 to 0x000001f93b56fc12
Event: 5688.254 Thread 0x000001f95cf4c000 Implicit null exception at 0x000001f93b56fa59 to 0x000001f93b56fc12
Event: 5688.254 Thread 0x000001f95cf52800 Exception <a 'java/lang/NullPointerException'{0x000000009496a418}> (0x000000009496a418) thrown at [src/hotspot/share/runtime/sharedRuntime.cpp, line 606]
Event: 5688.254 Thread 0x000001f95cf4c000 Exception <a 'java/lang/NullPointerException'{0x000000009496ddd0}> (0x000000009496ddd0) thrown at [src/hotspot/share/runtime/sharedRuntime.cpp, line 606]
Event: 5688.254 Thread 0x000001f956de7000 Implicit null exception at 0x000001f93b56fa59 to 0x000001f93b56fc12
Event: 5688.254 Thread 0x000001f956de7000 Exception <a 'java/lang/NullPointerException'{0x000000009497d5b0}> (0x000000009497d5b0) thrown at [src/hotspot/share/runtime/sharedRuntime.cpp, line 606]
Event: 5688.254 Thread 0x000001f95cf4c000 Implicit null exception at 0x000001f93b56fa59 to 0x000001f93b56fc12
Event: 5688.255 Thread 0x000001f95cf4c000 Exception <a 'java/lang/NullPointerException'{0x0000000094989628}> (0x0000000094989628) thrown at [src/hotspot/share/runtime/sharedRuntime.cpp, line 606]
Event: 5688.255 Thread 0x000001f956de7000 Implicit null exception at 0x000001f93b56fa59 to 0x000001f93b56fc12
Event: 5688.255 Thread 0x000001f95cf4c000 Implicit null exception at 0x000001f93b56fa59 to 0x000001f93b56fc12
Event: 5688.255 Thread 0x000001f956de7000 Exception <a 'java/lang/NullPointerException'{0x000000009499a700}> (0x000000009499a700) thrown at [src/hotspot/share/runtime/sharedRuntime.cpp, line 606]
Event: 5688.255 Thread 0x000001f95cf4c000 Exception <a 'java/lang/NullPointerException'{0x000000009499deb0}> (0x000000009499deb0) thrown at [src/hotspot/share/runtime/sharedRuntime.cpp, line 606]
Event: 5688.255 Thread 0x000001f95cf4c000 Implicit null exception at 0x000001f93b56fa59 to 0x000001f93b56fc12
Event: 5688.255 Thread 0x000001f95cf4c000 Exception <a 'java/lang/NullPointerException'{0x00000000949bb1b0}> (0x00000000949bb1b0) thrown at [src/hotspot/share/runtime/sharedRuntime.cpp, line 606]
Event: 5688.255 Thread 0x000001f95cf52800 Implicit null exception at 0x000001f93b56fa59 to 0x000001f93b56fc12
Event: 5688.255 Thread 0x000001f95cf52800 Exception <a 'java/lang/NullPointerException'{0x00000000949c5080}> (0x00000000949c5080) thrown at [src/hotspot/share/runtime/sharedRuntime.cpp, line 606]
Event: 5688.256 Thread 0x000001f95cf4c000 Implicit null exception at 0x000001f93b56fa59 to 0x000001f93b56fc12
Event: 5688.256 Thread 0x000001f95cf52800 Implicit null exception at 0x000001f93b56fa59 to 0x000001f93b56fc12
Event: 5688.256 Thread 0x000001f95cf4c000 Exception <a 'java/lang/NullPointerException'{0x00000000949d1f78}> (0x00000000949d1f78) thrown at [src/hotspot/share/runtime/sharedRuntime.cpp, line 606]
Event: 5688.256 Thread 0x000001f95cf52800 Exception <a 'java/lang/NullPointerException'{0x00000000949d6148}> (0x00000000949d6148) thrown at [src/hotspot/share/runtime/sharedRuntime.cpp, line 606]

Events (20 events):
Event: 5688.254 loading class com/android/tools/r8/internal/aj done
Event: 5688.255 loading class com/android/tools/r8/internal/r20
Event: 5688.255 loading class com/android/tools/r8/internal/r20 done
Event: 5688.255 loading class com/android/tools/r8/internal/r20
Event: 5688.255 loading class com/android/tools/r8/internal/r20 done
Event: 5688.256 loading class com/android/tools/r8/internal/r20
Event: 5688.256 loading class com/android/tools/r8/internal/r20 done
Event: 5688.256 loading class com/android/tools/r8/internal/x20
Event: 5688.256 loading class com/android/tools/r8/internal/x20 done
Event: 5688.257 loading class com/android/tools/r8/internal/mD
Event: 5688.257 loading class com/android/tools/r8/internal/mD done
Event: 5688.257 loading class com/android/tools/r8/internal/mD
Event: 5688.257 loading class com/android/tools/r8/internal/mD done
Event: 5688.259 loading class com/android/tools/r8/internal/mD
Event: 5688.259 loading class com/android/tools/r8/internal/mD done
Event: 5688.259 loading class com/android/tools/r8/graph/g
Event: 5688.259 loading class com/android/tools/r8/graph/g done
Event: 5688.261 loading class com/android/tools/r8/graph/H2
Event: 5688.261 loading class com/android/tools/r8/graph/H2 done
Event: 5688.261 Executing VM operation: G1CollectForAllocation


Dynamic libraries:
0x00007ff7f0b20000 - 0x00007ff7f0b2a000 	C:\Program Files\Android\Android Studio\jbr\bin\java.exe
0x00007ff8a1f10000 - 0x00007ff8a2108000 	C:\WINDOWS\SYSTEM32\ntdll.dll
0x00007ff8a0380000 - 0x00007ff8a0442000 	C:\WINDOWS\System32\KERNEL32.DLL
0x00007ff89fab0000 - 0x00007ff89fdaf000 	C:\WINDOWS\System32\KERNELBASE.dll
0x00007ff89f820000 - 0x00007ff89f920000 	C:\WINDOWS\System32\ucrtbase.dll
0x00007ff89a870000 - 0x00007ff89a887000 	C:\Program Files\Android\Android Studio\jbr\bin\jli.dll
0x00007ff89b2d0000 - 0x00007ff89b2eb000 	C:\Program Files\Android\Android Studio\jbr\bin\VCRUNTIME140.dll
0x00007ff8a0950000 - 0x00007ff8a0aed000 	C:\WINDOWS\System32\USER32.dll
0x00007ff89f950000 - 0x00007ff89f972000 	C:\WINDOWS\System32\win32u.dll
0x00007ff88c120000 - 0x00007ff88c3ba000 	C:\WINDOWS\WinSxS\amd64_microsoft.windows.common-controls_6595b64144ccf1df_6.0.19041.4355_none_60b8b9eb71f62e16\COMCTL32.dll
0x00007ff8a1460000 - 0x00007ff8a148b000 	C:\WINDOWS\System32\GDI32.dll
0x00007ff89ffa0000 - 0x00007ff8a003e000 	C:\WINDOWS\System32\msvcrt.dll
0x00007ff89fdb0000 - 0x00007ff89fec7000 	C:\WINDOWS\System32\gdi32full.dll
0x00007ff89fa10000 - 0x00007ff89faad000 	C:\WINDOWS\System32\msvcp_win.dll
0x00007ff8a1490000 - 0x00007ff8a14bf000 	C:\WINDOWS\System32\IMM32.DLL
0x00007ff89bcb0000 - 0x00007ff89bcbc000 	C:\Program Files\Android\Android Studio\jbr\bin\vcruntime140_1.dll
0x00007ff890860000 - 0x00007ff8908ed000 	C:\Program Files\Android\Android Studio\jbr\bin\msvcp140.dll
0x00007ff80be30000 - 0x00007ff80c9ec000 	C:\Program Files\Android\Android Studio\jbr\bin\server\jvm.dll
0x00007ff8a15c0000 - 0x00007ff8a1671000 	C:\WINDOWS\System32\ADVAPI32.dll
0x00007ff8a14c0000 - 0x00007ff8a155f000 	C:\WINDOWS\System32\sechost.dll
0x00007ff8a0250000 - 0x00007ff8a0373000 	C:\WINDOWS\System32\RPCRT4.dll
0x00007ff89f920000 - 0x00007ff89f947000 	C:\WINDOWS\System32\bcrypt.dll
0x00007ff8a13f0000 - 0x00007ff8a13f8000 	C:\WINDOWS\System32\PSAPI.DLL
0x00007ff8986c0000 - 0x00007ff8986c9000 	C:\WINDOWS\SYSTEM32\WSOCK32.dll
0x00007ff8965d0000 - 0x00007ff8965f7000 	C:\WINDOWS\SYSTEM32\WINMM.dll
0x00007ff8a1690000 - 0x00007ff8a16fb000 	C:\WINDOWS\System32\WS2_32.dll
0x00007ff8996b0000 - 0x00007ff8996ba000 	C:\WINDOWS\SYSTEM32\VERSION.dll
0x00007ff89d440000 - 0x00007ff89d452000 	C:\WINDOWS\SYSTEM32\kernel.appcore.dll
0x00007ff89ca70000 - 0x00007ff89ca80000 	C:\Program Files\Android\Android Studio\jbr\bin\verify.dll
0x00007ff895c90000 - 0x00007ff895e74000 	C:\WINDOWS\SYSTEM32\DBGHELP.DLL
0x00007ff881e60000 - 0x00007ff881e94000 	C:\WINDOWS\SYSTEM32\dbgcore.DLL
0x00007ff89f980000 - 0x00007ff89fa02000 	C:\WINDOWS\System32\bcryptPrimitives.dll
0x00007ff893000000 - 0x00007ff893028000 	C:\Program Files\Android\Android Studio\jbr\bin\java.dll
0x00007ff89b300000 - 0x00007ff89b30a000 	C:\Program Files\Android\Android Studio\jbr\bin\jimage.dll
0x00007ff892fe0000 - 0x00007ff892ff8000 	C:\Program Files\Android\Android Studio\jbr\bin\zip.dll
0x00007ff8a0af0000 - 0x00007ff8a125e000 	C:\WINDOWS\System32\SHELL32.dll
0x00007ff89d640000 - 0x00007ff89dde4000 	C:\WINDOWS\SYSTEM32\windows.storage.dll
0x00007ff8a05f0000 - 0x00007ff8a0945000 	C:\WINDOWS\System32\combase.dll
0x00007ff89efd0000 - 0x00007ff89efff000 	C:\WINDOWS\SYSTEM32\Wldp.dll
0x00007ff8a1260000 - 0x00007ff8a132d000 	C:\WINDOWS\System32\OLEAUT32.dll
0x00007ff8a1330000 - 0x00007ff8a13dd000 	C:\WINDOWS\System32\SHCORE.dll
0x00007ff8a1400000 - 0x00007ff8a1455000 	C:\WINDOWS\System32\shlwapi.dll
0x00007ff89f4d0000 - 0x00007ff89f4f4000 	C:\WINDOWS\SYSTEM32\profapi.dll
0x00007ff8903e0000 - 0x00007ff8903f9000 	C:\Program Files\Android\Android Studio\jbr\bin\net.dll
0x00007ff899810000 - 0x00007ff89991d000 	C:\WINDOWS\SYSTEM32\WINHTTP.dll
0x00007ff89ed30000 - 0x00007ff89ed9a000 	C:\WINDOWS\system32\mswsock.dll
0x00007ff8903c0000 - 0x00007ff8903d3000 	C:\Program Files\Android\Android Studio\jbr\bin\nio.dll
0x00007ff890960000 - 0x00007ff890987000 	C:\Users\Saya\.gradle\native\e1d6ef7f7dcc3fd88c89a11ec53ec762bb8ba0a96d01ffa2cd45eb1d1d8dd5c5\windows-amd64\native-platform.dll
0x00007ff886420000 - 0x00007ff886564000 	C:\Users\Saya\.gradle\native\0d407fdbe67a94daf76414ababcb853783967236a71b16ec16e742cd7a986fd3\windows-amd64\native-platform-file-events.dll
0x00007ff89a860000 - 0x00007ff89a86a000 	C:\Program Files\Android\Android Studio\jbr\bin\management.dll
0x00007ff89a290000 - 0x00007ff89a29b000 	C:\Program Files\Android\Android Studio\jbr\bin\management_ext.dll
0x00007ff89ef20000 - 0x00007ff89ef38000 	C:\WINDOWS\SYSTEM32\CRYPTSP.dll
0x00007ff89e5e0000 - 0x00007ff89e614000 	C:\WINDOWS\system32\rsaenh.dll
0x00007ff89f450000 - 0x00007ff89f47e000 	C:\WINDOWS\SYSTEM32\USERENV.dll
0x00007ff89ef40000 - 0x00007ff89ef4c000 	C:\WINDOWS\SYSTEM32\CRYPTBASE.dll
0x00007ff89e9c0000 - 0x00007ff89e9fb000 	C:\WINDOWS\SYSTEM32\IPHLPAPI.DLL
0x00007ff8a1680000 - 0x00007ff8a1688000 	C:\WINDOWS\System32\NSI.dll
0x00007ff89a2c0000 - 0x00007ff89a2d7000 	C:\WINDOWS\SYSTEM32\dhcpcsvc6.DLL
0x00007ff89a1f0000 - 0x00007ff89a20d000 	C:\WINDOWS\SYSTEM32\dhcpcsvc.DLL
0x00007ff89ea10000 - 0x00007ff89eada000 	C:\WINDOWS\SYSTEM32\DNSAPI.dll
0x00007ff87f4f0000 - 0x00007ff87f507000 	C:\WINDOWS\system32\napinsp.dll
0x00007ff87f4d0000 - 0x00007ff87f4eb000 	C:\WINDOWS\system32\pnrpnsp.dll
0x00007ff8817e0000 - 0x00007ff8817f5000 	C:\WINDOWS\system32\wshbth.dll
0x00007ff89c060000 - 0x00007ff89c07d000 	C:\WINDOWS\system32\NLAapi.dll
0x00007ff87f4b0000 - 0x00007ff87f4c2000 	C:\WINDOWS\System32\winrnr.dll
0x00007ff897180000 - 0x00007ff89718a000 	C:\Windows\System32\rasadhlp.dll
0x00007ff895730000 - 0x00007ff8957b0000 	C:\WINDOWS\System32\fwpuclnt.dll
0x00007ff88d0f0000 - 0x00007ff88d117000 	C:\Program Files\Android\Android Studio\jbr\bin\sunec.dll
0x00007ff89e830000 - 0x00007ff89e863000 	C:\WINDOWS\SYSTEM32\ntmarta.dll

dbghelp: loaded successfully - version: 4.0.5 - missing functions: none
symbol engine: initialized successfully - sym options: 0x614 - pdb path: .;C:\Program Files\Android\Android Studio\jbr\bin;C:\WINDOWS\SYSTEM32;C:\WINDOWS\WinSxS\amd64_microsoft.windows.common-controls_6595b64144ccf1df_6.0.19041.4355_none_60b8b9eb71f62e16;C:\Program Files\Android\Android Studio\jbr\bin\server;C:\Users\Saya\.gradle\native\e1d6ef7f7dcc3fd88c89a11ec53ec762bb8ba0a96d01ffa2cd45eb1d1d8dd5c5\windows-amd64;C:\Users\Saya\.gradle\native\0d407fdbe67a94daf76414ababcb853783967236a71b16ec16e742cd7a986fd3\windows-amd64

VM Arguments:
jvm_args: --add-opens=java.base/java.util=ALL-UNNAMED --add-opens=java.base/java.lang=ALL-UNNAMED --add-opens=java.base/java.lang.invoke=ALL-UNNAMED --add-opens=java.base/java.util=ALL-UNNAMED --add-opens=java.prefs/java.util.prefs=ALL-UNNAMED --add-opens=java.prefs/java.util.prefs=ALL-UNNAMED --add-opens=java.base/java.nio.charset=ALL-UNNAMED --add-opens=java.base/java.net=ALL-UNNAMED --add-opens=java.base/java.util.concurrent.atomic=ALL-UNNAMED -Xmx2048m -Dfile.encoding=UTF-8 -Duser.country=ID -Duser.language=en -Duser.variant 
java_command: org.gradle.launcher.daemon.bootstrap.GradleDaemon 7.5
java_class_path (initial): C:\Users\Saya\.gradle\wrapper\dists\gradle-7.5-bin\f1w0cc9nuo0eivz97x2xlu9sv\gradle-7.5\lib\gradle-launcher-7.5.jar
Launcher Type: SUN_STANDARD

[Global flags]
     intx CICompilerCount                          = 12                                        {product} {ergonomic}
     uint ConcGCThreads                            = 3                                         {product} {ergonomic}
     uint G1ConcRefinementThreads                  = 13                                        {product} {ergonomic}
   size_t G1HeapRegionSize                         = 1048576                                   {product} {ergonomic}
    uintx GCDrainStackTargetSize                   = 64                                        {product} {ergonomic}
   size_t InitialHeapSize                          = 266338304                                 {product} {ergonomic}
   size_t MarkStackSize                            = 4194304                                   {product} {ergonomic}
   size_t MaxHeapSize                              = 2147483648                                {product} {command line}
   size_t MaxNewSize                               = 1287651328                                {product} {ergonomic}
   size_t MinHeapDeltaBytes                        = 1048576                                   {product} {ergonomic}
    uintx NonNMethodCodeHeapSize                   = 7594288                                {pd product} {ergonomic}
    uintx NonProfiledCodeHeapSize                  = 122031976                              {pd product} {ergonomic}
    uintx ProfiledCodeHeapSize                     = 122031976                              {pd product} {ergonomic}
    uintx ReservedCodeCacheSize                    = 251658240                              {pd product} {ergonomic}
     bool SegmentedCodeCache                       = true                                      {product} {ergonomic}
     bool UseCompressedClassPointers               = true                                 {lp64_product} {ergonomic}
     bool UseCompressedOops                        = true                                 {lp64_product} {ergonomic}
     bool UseG1GC                                  = true                                      {product} {ergonomic}
     bool UseLargePagesIndividualAllocation        = false                                  {pd product} {ergonomic}

Logging:
Log output configuration:
 #0: stdout all=warning uptime,level,tags
 #1: stderr all=off uptime,level,tags

Environment Variables:
PATH=C:\Program Files\Common Files\Oracle\Java\javapath;C:\Program Files (x86)\VMware\VMware Workstation\bin\;C:\WINDOWS\system32;C:\WINDOWS;C:\WINDOWS\System32\Wbem;C:\WINDOWS\System32\WindowsPowerShell\v1.0\;C:\WINDOWS\System32\OpenSSH\;C:\Program Files\Microsoft SQL Server\150\Tools\Binn\;C:\Program Files\Microsoft SQL Server\Client SDK\ODBC\170\Tools\Binn\;C:\Program Files\dotnet\;C:\Program Files (x86)\Microsoft SQL Server\160\Tools\Binn\;C:\Program Files\Microsoft SQL Server\160\Tools\Binn\;C:\Program Files\Microsoft SQL Server\160\DTS\Binn\;C:\Program Files (x86)\Microsoft SQL Server\160\DTS\Binn\;C:\Program Files\Azure Data Studio\bin;C:\Program Files\nodejs\;C:\Program Files\Git\cmd;C:\Users\Saya\AppData\Local\Microsoft\WindowsApps;C:\Users\Saya\.dotnet\tools;C:\Program Files\Azure Data Studio\bin;C:\Users\Saya\AppData\Local\Programs\Microsoft VS Code\bin;C:\Program Files\JetBrains\IntelliJ IDEA Community Edition 2023.2.3\bin;;C:\Users\Saya\AppData\Roaming\npm;C:\Users\Saya\AppData\Local\GitHubDesktop\bin
USERNAME=Saya
OS=Windows_NT
PROCESSOR_IDENTIFIER=Intel64 Family 6 Model 165 Stepping 5, GenuineIntel



---------------  S Y S T E M  ---------------

OS: Windows 10 , 64 bit Build 19041 (10.0.19041.5198)
OS uptime: 0 days 20:58 hours

CPU:total 16 (initial active 16) (8 cores per cpu, 2 threads per core) family 6 model 165 stepping 5 microcode 0xe2, cmov, cx8, fxsr, mmx, sse, sse2, sse3, ssse3, sse4.1, sse4.2, popcnt, avx, avx2, aes, clmul, erms, 3dnowpref, lzcnt, ht, tsc, tscinvbit, bmi1, bmi2, adx, fma

Memory: 4k page, system-wide physical 16244M (2766M free)
TotalPageFile size 24244M (AvailPageFile size 9M)
current process WorkingSet (physical memory assigned to process): 786M, peak: 813M
current process commit charge ("private bytes"): 1112M, peak: 1112M

vm_info: OpenJDK 64-Bit Server VM (11.0.15+0-b2043.56-9505619) for windows-amd64 JRE (11.0.15+0-b2043.56-9505619), built on Jan 19 2023 02:48:00 by "builduser" with unknown MS VC++:1929

END.
