#
# There is insufficient memory for the Java Runtime Environment to continue.
# Native memory allocation (malloc) failed to allocate 1080176 bytes for Chunk::new
# Possible reasons:
#   The system is out of physical RAM or swap space
#   The process is running with CompressedOops enabled, and the Java Heap may be blocking the growth of the native heap
# Possible solutions:
#   Reduce memory load on the system
#   Increase physical memory or swap space
#   Check if swap backing store is full
#   Decrease Java heap size (-Xmx/-Xms)
#   Decrease number of Java threads
#   Decrease Java thread stack sizes (-Xss)
#   Set larger code cache with -XX:ReservedCodeCacheSize=
#   JVM is running with Unscaled Compressed Oops mode in which the Java heap is
#     placed in the first 4GB address space. The Java Heap base address is the
#     maximum limit for the native heap growth. Please use -XX:HeapBaseMinAddress
#     to set the Java Heap base and to place the Java Heap above 4GB virtual address.
# This output file may be truncated or incomplete.
#
#  Out of Memory Error (src/hotspot/share/memory/arena.cpp:197), pid=27772, tid=30448
#
# JRE version: OpenJDK Runtime Environment (11.0.15) (build 11.0.15+0-b2043.56-9505619)
# Java VM: OpenJDK 64-Bit Server VM (11.0.15+0-b2043.56-9505619, mixed mode, tiered, compressed oops, g1 gc, windows-amd64)
# No core dump will be written. Minidumps are not enabled by default on client versions of Windows
#

---------------  S U M M A R Y ------------

Command Line: --add-opens=java.base/java.util=ALL-UNNAMED --add-opens=java.base/java.lang=ALL-UNNAMED --add-opens=java.base/java.lang.invoke=ALL-UNNAMED --add-opens=java.base/java.util=ALL-UNNAMED --add-opens=java.prefs/java.util.prefs=ALL-UNNAMED --add-opens=java.prefs/java.util.prefs=ALL-UNNAMED --add-opens=java.base/java.nio.charset=ALL-UNNAMED --add-opens=java.base/java.net=ALL-UNNAMED --add-opens=java.base/java.util.concurrent.atomic=ALL-UNNAMED -Xmx2048m -Dfile.encoding=UTF-8 -Duser.country=ID -Duser.language=en -Duser.variant org.gradle.launcher.daemon.bootstrap.GradleDaemon 7.5

Host: Intel(R) Core(TM) i7-10700F CPU @ 2.90GHz, 16 cores, 15G,  Windows 10 , 64 bit Build 19041 (10.0.19041.5198)
Time: Wed Feb 12 12:40:17 2025 SE Asia Standard Time elapsed time: 6.066557 seconds (0d 0h 0m 6s)

---------------  T H R E A D  ---------------

Current thread (0x000001b825ef8000):  JavaThread "C2 CompilerThread3" daemon [_thread_in_native, id=30448, stack(0x00000016d2a00000,0x00000016d2b00000)]


Current CompileTask:
C2:   6066 9028       4       java.beans.Introspector::addMethod (196 bytes)

Stack: [0x00000016d2a00000,0x00000016d2b00000]
Native frames: (J=compiled Java code, j=interpreted, Vv=VM code, C=native code)
V  [jvm.dll+0x64135a]
V  [jvm.dll+0x7d39f9]
V  [jvm.dll+0x7d51b9]
V  [jvm.dll+0x7d58a3]
V  [jvm.dll+0x2691c5]
V  [jvm.dll+0xc1a5c]
V  [jvm.dll+0xc200c]
V  [jvm.dll+0x2da2c2]
V  [jvm.dll+0x54cad9]
V  [jvm.dll+0x22a011]
V  [jvm.dll+0x223809]
V  [jvm.dll+0x220384]
V  [jvm.dll+0x19e851]
V  [jvm.dll+0x230479]
V  [jvm.dll+0x22e5ef]
V  [jvm.dll+0x794de1]
V  [jvm.dll+0x78dc24]
V  [jvm.dll+0x6400f6]
C  [ucrtbase.dll+0x21bb2]
C  [KERNEL32.DLL+0x17374]
C  [ntdll.dll+0x4cc91]


---------------  P R O C E S S  ---------------

Threads class SMR info:
_java_thread_list=0x000001b8267dd720, length=202, elements={
0x000001b87fa0c800, 0x000001b81bf39800, 0x000001b81bf42800, 0x000001b81bf92800,
0x000001b81bf94000, 0x000001b81bf96000, 0x000001b81bf97000, 0x000001b81bfa0800,
0x000001b81bfa1800, 0x000001b81b6d6000, 0x000001b81c12e800, 0x000001b81d506000,
0x000001b81dbaf800, 0x000001b81e96f800, 0x000001b81c266800, 0x000001b81dfac000,
0x000001b81e38f800, 0x000001b81db11800, 0x000001b81ed16800, 0x000001b81e31b000,
0x000001b81def7000, 0x000001b81f953800, 0x000001b81e2cf000, 0x000001b81c852000,
0x000001b81e49d800, 0x000001b81e4a0800, 0x000001b81e49b000, 0x000001b81c9fb000,
0x000001b81e49e000, 0x000001b81e49b800, 0x000001b81e49c800, 0x000001b81e49f000,
0x000001b81e4a1800, 0x000001b81e4a0000, 0x000001b81ea48800, 0x000001b81ea4a000,
0x000001b81ea4b000, 0x000001b81ea47000, 0x000001b81ea47800, 0x000001b81ea49800,
0x000001b81ea4b800, 0x000001b81ea46000, 0x000001b81ea4d800, 0x000001b81ea4f000,
0x000001b81ea50000, 0x000001b81ea4e000, 0x000001b81ea4c800, 0x000001b81ea52000,
0x000001b81ea53000, 0x000001b81ea50800, 0x000001b81ea51800, 0x000001b81ea54800,
0x000001b821229800, 0x000001b82122a800, 0x000001b82122c000, 0x000001b82122b800,
0x000001b82122d000, 0x000001b821227000, 0x000001b82122d800, 0x000001b821228000,
0x000001b82122e800, 0x000001b821229000, 0x000001b821231000, 0x000001b821233800,
0x000001b821232000, 0x000001b821235000, 0x000001b821232800, 0x000001b82122f800,
0x000001b821234800, 0x000001b821236000, 0x000001b821230000, 0x000001b82441e800,
0x000001b824419800, 0x000001b824420000, 0x000001b82441d000, 0x000001b82441a800,
0x000001b82441c000, 0x000001b82441d800, 0x000001b824421000, 0x000001b82441b800,
0x000001b824423800, 0x000001b824422000, 0x000001b824424800, 0x000001b824422800,
0x000001b824425000, 0x000001b82441f800, 0x000001b824426000, 0x000001b824426800,
0x000001b824427800, 0x000001b824428800, 0x000001b822bb5800, 0x000001b822bb3800,
0x000001b822bb3000, 0x000001b822bb4800, 0x000001b822bb6000, 0x000001b822bb1000,
0x000001b822bb0800, 0x000001b822bb8000, 0x000001b822bb7000, 0x000001b822bb2000,
0x000001b822bba000, 0x000001b822bbb000, 0x000001b822bb9800, 0x000001b822bbc000,
0x000001b822bbc800, 0x000001b822bbd800, 0x000001b822bb8800, 0x000001b822bbe800,
0x000001b822bbf000, 0x000001b822dab800, 0x000001b822dad000, 0x000001b822da9800,
0x000001b822dac000, 0x000001b822da9000, 0x000001b822daa800, 0x000001b822da7800,
0x000001b822dae000, 0x000001b822da8000, 0x000001b822db4800, 0x000001b822daf800,
0x000001b822db0800, 0x000001b822dae800, 0x000001b822db3800, 0x000001b822db2800,
0x000001b822db5000, 0x000001b822db6000, 0x000001b822db2000, 0x000001b822db1000,
0x000001b823831800, 0x000001b823830000, 0x000001b82382f000, 0x000001b823830800,
0x000001b823832800, 0x000001b823837000, 0x000001b823834000, 0x000001b823835000,
0x000001b823838000, 0x000001b823839000, 0x000001b823836800, 0x000001b823833000,
0x000001b823839800, 0x000001b82383a800, 0x000001b82383b800, 0x000001b823835800,
0x000001b82383e000, 0x000001b82383c000, 0x000001b82383d000, 0x000001b81f014800,
0x000001b81f015000, 0x000001b81f019000, 0x000001b81f01b800, 0x000001b81f01b000,
0x000001b81f016000, 0x000001b81f01a000, 0x000001b81f018800, 0x000001b81f01c800,
0x000001b81f017000, 0x000001b81f01d800, 0x000001b81f017800, 0x000001b81f01e000,
0x000001b81f01f000, 0x000001b81f01f800, 0x000001b81f020800, 0x000001b81f022000,
0x000001b81f021800, 0x000001b81f023000, 0x000001b8235f3000, 0x000001b8235f0800,
0x000001b8235f2800, 0x000001b8235f1800, 0x000001b8235f4000, 0x000001b8235f5800,
0x000001b8235f5000, 0x000001b8235f0000, 0x000001b8235fc000, 0x000001b8235f6800,
0x000001b8235fd000, 0x000001b8235f8000, 0x000001b8235f7000, 0x000001b8235fe000,
0x000001b8235fe800, 0x000001b8235f9000, 0x000001b8235fb800, 0x000001b8235f9800,
0x000001b8235fa800, 0x000001b823243800, 0x000001b823247800, 0x000001b823247000,
0x000001b823245000, 0x000001b823246000, 0x000001b823248800, 0x000001b823249800,
0x000001b82324a000, 0x000001b823244800, 0x000001b82324d800, 0x000001b82324f000,
0x000001b82324c800, 0x000001b82324e000, 0x000001b823250800, 0x000001b823250000,
0x000001b825ef8000, 0x000001b82324b800
}

Java Threads: ( => current thread )
  0x000001b87fa0c800 JavaThread "main" [_thread_blocked, id=824, stack(0x00000016ce100000,0x00000016ce200000)]
  0x000001b81bf39800 JavaThread "Reference Handler" daemon [_thread_blocked, id=28296, stack(0x00000016ce800000,0x00000016ce900000)]
  0x000001b81bf42800 JavaThread "Finalizer" daemon [_thread_blocked, id=17816, stack(0x00000016ce900000,0x00000016cea00000)]
  0x000001b81bf92800 JavaThread "Signal Dispatcher" daemon [_thread_blocked, id=31544, stack(0x00000016cea00000,0x00000016ceb00000)]
  0x000001b81bf94000 JavaThread "Attach Listener" daemon [_thread_blocked, id=4840, stack(0x00000016ceb00000,0x00000016cec00000)]
  0x000001b81bf96000 JavaThread "Service Thread" daemon [_thread_blocked, id=27808, stack(0x00000016cec00000,0x00000016ced00000)]
  0x000001b81bf97000 JavaThread "C2 CompilerThread0" daemon [_thread_in_native, id=22108, stack(0x00000016ced00000,0x00000016cee00000)]
  0x000001b81bfa0800 JavaThread "C1 CompilerThread0" daemon [_thread_blocked, id=32408, stack(0x00000016cee00000,0x00000016cef00000)]
  0x000001b81bfa1800 JavaThread "Sweeper thread" daemon [_thread_blocked, id=32, stack(0x00000016cef00000,0x00000016cf000000)]
  0x000001b81b6d6000 JavaThread "C1 CompilerThread1" daemon [_thread_blocked, id=30788, stack(0x00000016cf000000,0x00000016cf100000)]
  0x000001b81c12e800 JavaThread "Common-Cleaner" daemon [_thread_blocked, id=13608, stack(0x00000016cf100000,0x00000016cf200000)]
  0x000001b81d506000 JavaThread "C1 CompilerThread2" daemon [_thread_blocked, id=25876, stack(0x00000016cfa00000,0x00000016cfb00000)]
  0x000001b81dbaf800 JavaThread "C1 CompilerThread3" daemon [_thread_blocked, id=17176, stack(0x00000016cfb00000,0x00000016cfc00000)]
  0x000001b81e96f800 JavaThread "Daemon health stats" [_thread_blocked, id=8748, stack(0x00000016cfc00000,0x00000016cfd00000)]
  0x000001b81c266800 JavaThread "Incoming local TCP Connector on port 64931" [_thread_in_native, id=15024, stack(0x00000016cf300000,0x00000016cf400000)]
  0x000001b81dfac000 JavaThread "Daemon periodic checks" [_thread_blocked, id=16556, stack(0x00000016cf400000,0x00000016cf500000)]
  0x000001b81e38f800 JavaThread "Daemon" [_thread_blocked, id=26056, stack(0x00000016cfd00000,0x00000016cfe00000)]
  0x000001b81db11800 JavaThread "Handler for socket connection from /127.0.0.1:64931 to /127.0.0.1:64932" [_thread_in_native, id=7152, stack(0x00000016cfe00000,0x00000016cff00000)]
  0x000001b81ed16800 JavaThread "Cancel handler" [_thread_blocked, id=5836, stack(0x00000016cff00000,0x00000016d0000000)]
  0x000001b81e31b000 JavaThread "Daemon worker" [_thread_in_vm, id=17320, stack(0x00000016d0000000,0x00000016d0100000)]
  0x000001b81def7000 JavaThread "Asynchronous log dispatcher for DefaultDaemonConnection: socket connection from /127.0.0.1:64931 to /127.0.0.1:64932" [_thread_blocked, id=7636, stack(0x00000016d0100000,0x00000016d0200000)]
  0x000001b81f953800 JavaThread "Stdin handler" [_thread_blocked, id=28596, stack(0x00000016d0200000,0x00000016d0300000)]
  0x000001b81e2cf000 JavaThread "Daemon client event forwarder" [_thread_blocked, id=19180, stack(0x00000016d0300000,0x00000016d0400000)]
  0x000001b81c852000 JavaThread "C2 CompilerThread1" daemon [_thread_in_native, id=19168, stack(0x00000016d0400000,0x00000016d0500000)]
  0x000001b81e49d800 JavaThread "Cache worker for journal cache (C:\Users\Saya\.gradle\caches\journal-1)" [_thread_blocked, id=27976, stack(0x00000016d0500000,0x00000016d0600000)]
  0x000001b81e4a0800 JavaThread "File lock request listener" [_thread_in_native, id=30552, stack(0x00000016d0600000,0x00000016d0700000)]
  0x000001b81e49b000 JavaThread "Cache worker for file hash cache (C:\Users\Saya\.gradle\caches\7.5\fileHashes)" [_thread_blocked, id=24940, stack(0x00000016d1000000,0x00000016d1100000)]
  0x000001b81c9fb000 JavaThread "C2 CompilerThread2" daemon [_thread_in_native, id=30228, stack(0x00000016d1100000,0x00000016d1200000)]
  0x000001b81e49e000 JavaThread "File watcher server" daemon [_thread_in_native, id=19816, stack(0x00000016d1200000,0x00000016d1300000)]
  0x000001b81e49b800 JavaThread "File watcher consumer" daemon [_thread_blocked, id=13196, stack(0x00000016d1300000,0x00000016d1400000)]
  0x000001b81e49c800 JavaThread "jar transforms" [_thread_blocked, id=33476, stack(0x00000016d1400000,0x00000016d1500000)]
  0x000001b81e49f000 JavaThread "jar transforms Thread 2" [_thread_blocked, id=14128, stack(0x00000016d1500000,0x00000016d1600000)]
  0x000001b81e4a1800 JavaThread "jar transforms Thread 3" [_thread_blocked, id=24424, stack(0x00000016d1600000,0x00000016d1700000)]
  0x000001b81e4a0000 JavaThread "jar transforms Thread 4" [_thread_blocked, id=30824, stack(0x00000016d1700000,0x00000016d1800000)]
  0x000001b81ea48800 JavaThread "jar transforms Thread 5" [_thread_blocked, id=24080, stack(0x00000016d1800000,0x00000016d1900000)]
  0x000001b81ea4a000 JavaThread "jar transforms Thread 6" [_thread_blocked, id=27540, stack(0x00000016d1900000,0x00000016d1a00000)]
  0x000001b81ea4b000 JavaThread "jar transforms Thread 7" [_thread_blocked, id=14188, stack(0x00000016d1a00000,0x00000016d1b00000)]
  0x000001b81ea47000 JavaThread "jar transforms Thread 8" [_thread_blocked, id=12740, stack(0x00000016d1b00000,0x00000016d1c00000)]
  0x000001b81ea47800 JavaThread "jar transforms Thread 9" [_thread_blocked, id=11860, stack(0x00000016d1c00000,0x00000016d1d00000)]
  0x000001b81ea49800 JavaThread "jar transforms Thread 10" [_thread_blocked, id=13072, stack(0x00000016d1d00000,0x00000016d1e00000)]
  0x000001b81ea4b800 JavaThread "jar transforms Thread 11" [_thread_blocked, id=33080, stack(0x00000016d1e00000,0x00000016d1f00000)]
  0x000001b81ea46000 JavaThread "jar transforms Thread 12" [_thread_blocked, id=23532, stack(0x00000016d1f00000,0x00000016d2000000)]
  0x000001b81ea4d800 JavaThread "jar transforms Thread 13" [_thread_blocked, id=30288, stack(0x00000016d2000000,0x00000016d2100000)]
  0x000001b81ea4f000 JavaThread "jar transforms Thread 14" [_thread_blocked, id=9836, stack(0x00000016d2100000,0x00000016d2200000)]
  0x000001b81ea50000 JavaThread "jar transforms Thread 15" [_thread_blocked, id=29172, stack(0x00000016d2200000,0x00000016d2300000)]
  0x000001b81ea4e000 JavaThread "jar transforms Thread 16" [_thread_blocked, id=20644, stack(0x00000016d2300000,0x00000016d2400000)]
  0x000001b81ea4c800 JavaThread "Cache worker for checksums cache (C:\Users\Saya\AndroidStudioProjects\BookApps\.gradle\7.5\checksums)" [_thread_blocked, id=4512, stack(0x00000016d2400000,0x00000016d2500000)]
  0x000001b81ea52000 JavaThread "Cache worker for cache directory md-rule (C:\Users\Saya\.gradle\caches\7.5\md-rule)" [_thread_blocked, id=23940, stack(0x00000016d2500000,0x00000016d2600000)]
  0x000001b81ea53000 JavaThread "Cache worker for file content cache (C:\Users\Saya\.gradle\caches\7.5\fileContent)" [_thread_blocked, id=21028, stack(0x00000016d2600000,0x00000016d2700000)]
  0x000001b81ea50800 JavaThread "Cache worker for file hash cache (C:\Users\Saya\AndroidStudioProjects\BookApps\.gradle\7.5\fileHashes)" [_thread_blocked, id=31576, stack(0x00000016d2700000,0x00000016d2800000)]
  0x000001b81ea51800 JavaThread "Cache worker for cache directory md-supplier (C:\Users\Saya\.gradle\caches\7.5\md-supplier)" [_thread_blocked, id=29064, stack(0x00000016d2800000,0x00000016d2900000)]
  0x000001b81ea54800 JavaThread "Cache worker for execution history cache (C:\Users\Saya\.gradle\caches\7.5\executionHistory)" [_thread_blocked, id=33044, stack(0x00000016d2900000,0x00000016d2a00000)]
  0x000001b821229800 JavaThread "Cache worker for dependencies-accessors (C:\Users\Saya\AndroidStudioProjects\BookApps\.gradle\7.5\dependencies-accessors)" [_thread_blocked, id=20788, stack(0x00000016d3000000,0x00000016d3100000)]
  0x000001b82122a800 JavaThread "Cache worker for Build Output Cleanup Cache (C:\Users\Saya\AndroidStudioProjects\BookApps\.gradle\buildOutputCleanup)" [_thread_blocked, id=27068, stack(0x00000016d3100000,0x00000016d3200000)]
  0x000001b82122c000 JavaThread "Unconstrained build operations" [_thread_blocked, id=28216, stack(0x00000016d3200000,0x00000016d3300000)]
  0x000001b82122b800 JavaThread "Unconstrained build operations Thread 2" [_thread_blocked, id=14296, stack(0x00000016d3300000,0x00000016d3400000)]
  0x000001b82122d000 JavaThread "Unconstrained build operations Thread 3" [_thread_blocked, id=33460, stack(0x00000016d3400000,0x00000016d3500000)]
  0x000001b821227000 JavaThread "Unconstrained build operations Thread 4" [_thread_blocked, id=29832, stack(0x00000016d3500000,0x00000016d3600000)]
  0x000001b82122d800 JavaThread "Unconstrained build operations Thread 5" [_thread_blocked, id=29504, stack(0x00000016d3600000,0x00000016d3700000)]
  0x000001b821228000 JavaThread "Unconstrained build operations Thread 6" [_thread_blocked, id=1072, stack(0x00000016d3700000,0x00000016d3800000)]
  0x000001b82122e800 JavaThread "Unconstrained build operations Thread 7" [_thread_blocked, id=24620, stack(0x00000016d3800000,0x00000016d3900000)]
  0x000001b821229000 JavaThread "Unconstrained build operations Thread 8" [_thread_blocked, id=8048, stack(0x00000016d3900000,0x00000016d3a00000)]
  0x000001b821231000 JavaThread "Unconstrained build operations Thread 9" [_thread_blocked, id=27136, stack(0x00000016d3a00000,0x00000016d3b00000)]
  0x000001b821233800 JavaThread "Unconstrained build operations Thread 10" [_thread_blocked, id=34236, stack(0x00000016d3b00000,0x00000016d3c00000)]
  0x000001b821232000 JavaThread "Unconstrained build operations Thread 11" [_thread_blocked, id=20080, stack(0x00000016d3c00000,0x00000016d3d00000)]
  0x000001b821235000 JavaThread "Unconstrained build operations Thread 12" [_thread_blocked, id=34444, stack(0x00000016d3d00000,0x00000016d3e00000)]
  0x000001b821232800 JavaThread "Unconstrained build operations Thread 13" [_thread_blocked, id=7784, stack(0x00000016d3e00000,0x00000016d3f00000)]
  0x000001b82122f800 JavaThread "Unconstrained build operations Thread 14" [_thread_blocked, id=30612, stack(0x00000016d3f00000,0x00000016d4000000)]
  0x000001b821234800 JavaThread "Unconstrained build operations Thread 15" [_thread_blocked, id=9828, stack(0x00000016d4000000,0x00000016d4100000)]
  0x000001b821236000 JavaThread "Unconstrained build operations Thread 16" [_thread_blocked, id=27872, stack(0x00000016d4100000,0x00000016d4200000)]
  0x000001b821230000 JavaThread "Unconstrained build operations Thread 17" [_thread_blocked, id=21540, stack(0x00000016d4200000,0x00000016d4300000)]
  0x000001b82441e800 JavaThread "Unconstrained build operations Thread 18" [_thread_blocked, id=17496, stack(0x00000016d4300000,0x00000016d4400000)]
  0x000001b824419800 JavaThread "Unconstrained build operations Thread 19" [_thread_blocked, id=7336, stack(0x00000016d4400000,0x00000016d4500000)]
  0x000001b824420000 JavaThread "Unconstrained build operations Thread 20" [_thread_blocked, id=29004, stack(0x00000016d4500000,0x00000016d4600000)]
  0x000001b82441d000 JavaThread "Unconstrained build operations Thread 21" [_thread_blocked, id=32380, stack(0x00000016d4600000,0x00000016d4700000)]
  0x000001b82441a800 JavaThread "Unconstrained build operations Thread 22" [_thread_blocked, id=7316, stack(0x00000016d4700000,0x00000016d4800000)]
  0x000001b82441c000 JavaThread "Unconstrained build operations Thread 23" [_thread_blocked, id=10704, stack(0x00000016d4800000,0x00000016d4900000)]
  0x000001b82441d800 JavaThread "Unconstrained build operations Thread 24" [_thread_blocked, id=33928, stack(0x00000016d4900000,0x00000016d4a00000)]
  0x000001b824421000 JavaThread "Unconstrained build operations Thread 25" [_thread_blocked, id=34280, stack(0x00000016d4a00000,0x00000016d4b00000)]
  0x000001b82441b800 JavaThread "Unconstrained build operations Thread 26" [_thread_blocked, id=9500, stack(0x00000016d4b00000,0x00000016d4c00000)]
  0x000001b824423800 JavaThread "Unconstrained build operations Thread 27" [_thread_blocked, id=32356, stack(0x00000016d4c00000,0x00000016d4d00000)]
  0x000001b824422000 JavaThread "Unconstrained build operations Thread 28" [_thread_blocked, id=24688, stack(0x00000016d4d00000,0x00000016d4e00000)]
  0x000001b824424800 JavaThread "Unconstrained build operations Thread 29" [_thread_blocked, id=25992, stack(0x00000016d4e00000,0x00000016d4f00000)]
  0x000001b824422800 JavaThread "Unconstrained build operations Thread 30" [_thread_blocked, id=29024, stack(0x00000016d4f00000,0x00000016d5000000)]
  0x000001b824425000 JavaThread "Unconstrained build operations Thread 31" [_thread_blocked, id=32716, stack(0x00000016d5000000,0x00000016d5100000)]
  0x000001b82441f800 JavaThread "Unconstrained build operations Thread 32" [_thread_blocked, id=12704, stack(0x00000016d5100000,0x00000016d5200000)]
  0x000001b824426000 JavaThread "Unconstrained build operations Thread 33" [_thread_blocked, id=18596, stack(0x00000016d5200000,0x00000016d5300000)]
  0x000001b824426800 JavaThread "Unconstrained build operations Thread 34" [_thread_blocked, id=20948, stack(0x00000016d5300000,0x00000016d5400000)]
  0x000001b824427800 JavaThread "Unconstrained build operations Thread 35" [_thread_blocked, id=8944, stack(0x00000016d5400000,0x00000016d5500000)]
  0x000001b824428800 JavaThread "Unconstrained build operations Thread 36" [_thread_blocked, id=31796, stack(0x00000016d5500000,0x00000016d5600000)]
  0x000001b822bb5800 JavaThread "Unconstrained build operations Thread 37" [_thread_blocked, id=29644, stack(0x00000016d5600000,0x00000016d5700000)]
  0x000001b822bb3800 JavaThread "Unconstrained build operations Thread 38" [_thread_blocked, id=32332, stack(0x00000016d5700000,0x00000016d5800000)]
  0x000001b822bb3000 JavaThread "Unconstrained build operations Thread 39" [_thread_blocked, id=32596, stack(0x00000016d5800000,0x00000016d5900000)]
  0x000001b822bb4800 JavaThread "Unconstrained build operations Thread 40" [_thread_blocked, id=27216, stack(0x00000016d5900000,0x00000016d5a00000)]
  0x000001b822bb6000 JavaThread "Unconstrained build operations Thread 41" [_thread_blocked, id=31612, stack(0x00000016d5a00000,0x00000016d5b00000)]
  0x000001b822bb1000 JavaThread "Unconstrained build operations Thread 42" [_thread_blocked, id=27988, stack(0x00000016d5b00000,0x00000016d5c00000)]
  0x000001b822bb0800 JavaThread "Unconstrained build operations Thread 43" [_thread_blocked, id=26996, stack(0x00000016d5c00000,0x00000016d5d00000)]
  0x000001b822bb8000 JavaThread "Unconstrained build operations Thread 44" [_thread_blocked, id=29276, stack(0x00000016d5d00000,0x00000016d5e00000)]
  0x000001b822bb7000 JavaThread "Unconstrained build operations Thread 45" [_thread_blocked, id=10644, stack(0x00000016d5e00000,0x00000016d5f00000)]
  0x000001b822bb2000 JavaThread "Unconstrained build operations Thread 46" [_thread_blocked, id=28988, stack(0x00000016d5f00000,0x00000016d6000000)]
  0x000001b822bba000 JavaThread "Unconstrained build operations Thread 47" [_thread_blocked, id=7044, stack(0x00000016d6000000,0x00000016d6100000)]
  0x000001b822bbb000 JavaThread "Unconstrained build operations Thread 48" [_thread_blocked, id=22820, stack(0x00000016d6100000,0x00000016d6200000)]
  0x000001b822bb9800 JavaThread "Unconstrained build operations Thread 49" [_thread_blocked, id=19648, stack(0x00000016d6200000,0x00000016d6300000)]
  0x000001b822bbc000 JavaThread "Unconstrained build operations Thread 50" [_thread_blocked, id=24668, stack(0x00000016d6300000,0x00000016d6400000)]
  0x000001b822bbc800 JavaThread "Unconstrained build operations Thread 51" [_thread_blocked, id=1420, stack(0x00000016d6400000,0x00000016d6500000)]
  0x000001b822bbd800 JavaThread "Unconstrained build operations Thread 52" [_thread_blocked, id=1812, stack(0x00000016d6500000,0x00000016d6600000)]
  0x000001b822bb8800 JavaThread "Unconstrained build operations Thread 53" [_thread_blocked, id=33216, stack(0x00000016d6600000,0x00000016d6700000)]
  0x000001b822bbe800 JavaThread "Unconstrained build operations Thread 54" [_thread_blocked, id=30000, stack(0x00000016d6700000,0x00000016d6800000)]
  0x000001b822bbf000 JavaThread "Unconstrained build operations Thread 55" [_thread_blocked, id=31572, stack(0x00000016d6800000,0x00000016d6900000)]
  0x000001b822dab800 JavaThread "Unconstrained build operations Thread 56" [_thread_blocked, id=11296, stack(0x00000016d6900000,0x00000016d6a00000)]
  0x000001b822dad000 JavaThread "Unconstrained build operations Thread 57" [_thread_blocked, id=27168, stack(0x00000016d6a00000,0x00000016d6b00000)]
  0x000001b822da9800 JavaThread "Unconstrained build operations Thread 58" [_thread_blocked, id=34452, stack(0x00000016d6b00000,0x00000016d6c00000)]
  0x000001b822dac000 JavaThread "Unconstrained build operations Thread 59" [_thread_blocked, id=21376, stack(0x00000016d6c00000,0x00000016d6d00000)]
  0x000001b822da9000 JavaThread "Unconstrained build operations Thread 60" [_thread_blocked, id=19704, stack(0x00000016d6d00000,0x00000016d6e00000)]
  0x000001b822daa800 JavaThread "Unconstrained build operations Thread 61" [_thread_blocked, id=32432, stack(0x00000016d6e00000,0x00000016d6f00000)]
  0x000001b822da7800 JavaThread "Unconstrained build operations Thread 62" [_thread_blocked, id=6388, stack(0x00000016d6f00000,0x00000016d7000000)]
  0x000001b822dae000 JavaThread "Unconstrained build operations Thread 63" [_thread_blocked, id=11232, stack(0x00000016d7000000,0x00000016d7100000)]
  0x000001b822da8000 JavaThread "Unconstrained build operations Thread 64" [_thread_blocked, id=15956, stack(0x00000016d7100000,0x00000016d7200000)]
  0x000001b822db4800 JavaThread "Unconstrained build operations Thread 65" [_thread_blocked, id=26204, stack(0x00000016d7200000,0x00000016d7300000)]
  0x000001b822daf800 JavaThread "Unconstrained build operations Thread 66" [_thread_blocked, id=16264, stack(0x00000016d7300000,0x00000016d7400000)]
  0x000001b822db0800 JavaThread "Unconstrained build operations Thread 67" [_thread_blocked, id=10720, stack(0x00000016d7400000,0x00000016d7500000)]
  0x000001b822dae800 JavaThread "Unconstrained build operations Thread 68" [_thread_blocked, id=16940, stack(0x00000016d7500000,0x00000016d7600000)]
  0x000001b822db3800 JavaThread "Unconstrained build operations Thread 69" [_thread_blocked, id=11716, stack(0x00000016d7600000,0x00000016d7700000)]
  0x000001b822db2800 JavaThread "Unconstrained build operations Thread 70" [_thread_blocked, id=27816, stack(0x00000016d7700000,0x00000016d7800000)]
  0x000001b822db5000 JavaThread "Unconstrained build operations Thread 71" [_thread_blocked, id=20032, stack(0x00000016d7800000,0x00000016d7900000)]
  0x000001b822db6000 JavaThread "Unconstrained build operations Thread 72" [_thread_blocked, id=12908, stack(0x00000016d7900000,0x00000016d7a00000)]
  0x000001b822db2000 JavaThread "Unconstrained build operations Thread 73" [_thread_blocked, id=21852, stack(0x00000016d7a00000,0x00000016d7b00000)]
  0x000001b822db1000 JavaThread "Unconstrained build operations Thread 74" [_thread_blocked, id=10680, stack(0x00000016d7b00000,0x00000016d7c00000)]
  0x000001b823831800 JavaThread "Unconstrained build operations Thread 75" [_thread_blocked, id=31812, stack(0x00000016d7c00000,0x00000016d7d00000)]
  0x000001b823830000 JavaThread "Unconstrained build operations Thread 76" [_thread_blocked, id=8348, stack(0x00000016d7d00000,0x00000016d7e00000)]
  0x000001b82382f000 JavaThread "Unconstrained build operations Thread 77" [_thread_blocked, id=7788, stack(0x00000016d7e00000,0x00000016d7f00000)]
  0x000001b823830800 JavaThread "Unconstrained build operations Thread 78" [_thread_blocked, id=16412, stack(0x00000016d7f00000,0x00000016d8000000)]
  0x000001b823832800 JavaThread "Unconstrained build operations Thread 79" [_thread_blocked, id=20460, stack(0x00000016d8000000,0x00000016d8100000)]
  0x000001b823837000 JavaThread "Unconstrained build operations Thread 80" [_thread_blocked, id=23492, stack(0x00000016d8100000,0x00000016d8200000)]
  0x000001b823834000 JavaThread "Unconstrained build operations Thread 81" [_thread_blocked, id=21416, stack(0x00000016d8200000,0x00000016d8300000)]
  0x000001b823835000 JavaThread "Unconstrained build operations Thread 82" [_thread_blocked, id=30764, stack(0x00000016d8300000,0x00000016d8400000)]
  0x000001b823838000 JavaThread "Unconstrained build operations Thread 83" [_thread_blocked, id=21724, stack(0x00000016d8400000,0x00000016d8500000)]
  0x000001b823839000 JavaThread "Unconstrained build operations Thread 84" [_thread_blocked, id=33128, stack(0x00000016d8500000,0x00000016d8600000)]
  0x000001b823836800 JavaThread "Unconstrained build operations Thread 85" [_thread_blocked, id=11112, stack(0x00000016d8600000,0x00000016d8700000)]
  0x000001b823833000 JavaThread "Unconstrained build operations Thread 86" [_thread_blocked, id=29976, stack(0x00000016d8700000,0x00000016d8800000)]
  0x000001b823839800 JavaThread "Unconstrained build operations Thread 87" [_thread_blocked, id=10496, stack(0x00000016d8800000,0x00000016d8900000)]
  0x000001b82383a800 JavaThread "Unconstrained build operations Thread 88" [_thread_blocked, id=23404, stack(0x00000016d8900000,0x00000016d8a00000)]
  0x000001b82383b800 JavaThread "Unconstrained build operations Thread 89" [_thread_blocked, id=23624, stack(0x00000016d8a00000,0x00000016d8b00000)]
  0x000001b823835800 JavaThread "Unconstrained build operations Thread 90" [_thread_blocked, id=32540, stack(0x00000016d8b00000,0x00000016d8c00000)]
  0x000001b82383e000 JavaThread "Unconstrained build operations Thread 91" [_thread_blocked, id=31316, stack(0x00000016d8c00000,0x00000016d8d00000)]
  0x000001b82383c000 JavaThread "Unconstrained build operations Thread 92" [_thread_blocked, id=8332, stack(0x00000016d8d00000,0x00000016d8e00000)]
  0x000001b82383d000 JavaThread "Unconstrained build operations Thread 93" [_thread_blocked, id=31964, stack(0x00000016d8e00000,0x00000016d8f00000)]
  0x000001b81f014800 JavaThread "Unconstrained build operations Thread 94" [_thread_blocked, id=33036, stack(0x00000016d8f00000,0x00000016d9000000)]
  0x000001b81f015000 JavaThread "Unconstrained build operations Thread 95" [_thread_blocked, id=9168, stack(0x00000016d9000000,0x00000016d9100000)]
  0x000001b81f019000 JavaThread "Unconstrained build operations Thread 96" [_thread_blocked, id=18784, stack(0x00000016d9100000,0x00000016d9200000)]
  0x000001b81f01b800 JavaThread "Unconstrained build operations Thread 97" [_thread_blocked, id=24892, stack(0x00000016d9200000,0x00000016d9300000)]
  0x000001b81f01b000 JavaThread "Unconstrained build operations Thread 98" [_thread_blocked, id=28008, stack(0x00000016d9300000,0x00000016d9400000)]
  0x000001b81f016000 JavaThread "Unconstrained build operations Thread 99" [_thread_blocked, id=27248, stack(0x00000016d9400000,0x00000016d9500000)]
  0x000001b81f01a000 JavaThread "Unconstrained build operations Thread 100" [_thread_blocked, id=5880, stack(0x00000016d9500000,0x00000016d9600000)]
  0x000001b81f018800 JavaThread "Unconstrained build operations Thread 101" [_thread_blocked, id=12756, stack(0x00000016d9600000,0x00000016d9700000)]
  0x000001b81f01c800 JavaThread "Unconstrained build operations Thread 102" [_thread_blocked, id=20372, stack(0x00000016d9700000,0x00000016d9800000)]
  0x000001b81f017000 JavaThread "Unconstrained build operations Thread 103" [_thread_blocked, id=25696, stack(0x00000016d9800000,0x00000016d9900000)]
  0x000001b81f01d800 JavaThread "Unconstrained build operations Thread 104" [_thread_blocked, id=14592, stack(0x00000016d9900000,0x00000016d9a00000)]
  0x000001b81f017800 JavaThread "Unconstrained build operations Thread 105" [_thread_blocked, id=1016, stack(0x00000016d9a00000,0x00000016d9b00000)]
  0x000001b81f01e000 JavaThread "Unconstrained build operations Thread 106" [_thread_blocked, id=3920, stack(0x00000016d9b00000,0x00000016d9c00000)]
  0x000001b81f01f000 JavaThread "Unconstrained build operations Thread 107" [_thread_blocked, id=20648, stack(0x00000016d9c00000,0x00000016d9d00000)]
  0x000001b81f01f800 JavaThread "Unconstrained build operations Thread 108" [_thread_blocked, id=33192, stack(0x00000016d9d00000,0x00000016d9e00000)]
  0x000001b81f020800 JavaThread "Unconstrained build operations Thread 109" [_thread_blocked, id=14124, stack(0x00000016d9e00000,0x00000016d9f00000)]
  0x000001b81f022000 JavaThread "Unconstrained build operations Thread 110" [_thread_blocked, id=31648, stack(0x00000016d9f00000,0x00000016da000000)]
  0x000001b81f021800 JavaThread "Unconstrained build operations Thread 111" [_thread_blocked, id=24580, stack(0x00000016da000000,0x00000016da100000)]
  0x000001b81f023000 JavaThread "Unconstrained build operations Thread 112" [_thread_blocked, id=25188, stack(0x00000016da100000,0x00000016da200000)]
  0x000001b8235f3000 JavaThread "Unconstrained build operations Thread 113" [_thread_blocked, id=25780, stack(0x00000016da200000,0x00000016da300000)]
  0x000001b8235f0800 JavaThread "Unconstrained build operations Thread 114" [_thread_blocked, id=27280, stack(0x00000016da300000,0x00000016da400000)]
  0x000001b8235f2800 JavaThread "Unconstrained build operations Thread 115" [_thread_blocked, id=20412, stack(0x00000016da400000,0x00000016da500000)]
  0x000001b8235f1800 JavaThread "Unconstrained build operations Thread 116" [_thread_blocked, id=28928, stack(0x00000016da500000,0x00000016da600000)]
  0x000001b8235f4000 JavaThread "Unconstrained build operations Thread 117" [_thread_blocked, id=32172, stack(0x00000016da600000,0x00000016da700000)]
  0x000001b8235f5800 JavaThread "Unconstrained build operations Thread 118" [_thread_blocked, id=13108, stack(0x00000016da700000,0x00000016da800000)]
  0x000001b8235f5000 JavaThread "Unconstrained build operations Thread 119" [_thread_blocked, id=10652, stack(0x00000016da800000,0x00000016da900000)]
  0x000001b8235f0000 JavaThread "Unconstrained build operations Thread 120" [_thread_blocked, id=6516, stack(0x00000016da900000,0x00000016daa00000)]
  0x000001b8235fc000 JavaThread "Unconstrained build operations Thread 121" [_thread_blocked, id=8100, stack(0x00000016daa00000,0x00000016dab00000)]
  0x000001b8235f6800 JavaThread "Unconstrained build operations Thread 122" [_thread_blocked, id=17160, stack(0x00000016dab00000,0x00000016dac00000)]
  0x000001b8235fd000 JavaThread "Unconstrained build operations Thread 123" [_thread_blocked, id=2464, stack(0x00000016dac00000,0x00000016dad00000)]
  0x000001b8235f8000 JavaThread "Unconstrained build operations Thread 124" [_thread_blocked, id=11856, stack(0x00000016dad00000,0x00000016dae00000)]
  0x000001b8235f7000 JavaThread "Unconstrained build operations Thread 125" [_thread_blocked, id=25820, stack(0x00000016dae00000,0x00000016daf00000)]
  0x000001b8235fe000 JavaThread "Unconstrained build operations Thread 126" [_thread_blocked, id=27332, stack(0x00000016daf00000,0x00000016db000000)]
  0x000001b8235fe800 JavaThread "Unconstrained build operations Thread 127" [_thread_blocked, id=14984, stack(0x00000016db000000,0x00000016db100000)]
  0x000001b8235f9000 JavaThread "Unconstrained build operations Thread 128" [_thread_blocked, id=5952, stack(0x00000016db100000,0x00000016db200000)]
  0x000001b8235fb800 JavaThread "Unconstrained build operations Thread 129" [_thread_blocked, id=11376, stack(0x00000016db200000,0x00000016db300000)]
  0x000001b8235f9800 JavaThread "Unconstrained build operations Thread 130" [_thread_blocked, id=4732, stack(0x00000016db300000,0x00000016db400000)]
  0x000001b8235fa800 JavaThread "Unconstrained build operations Thread 131" [_thread_blocked, id=12924, stack(0x00000016db400000,0x00000016db500000)]
  0x000001b823243800 JavaThread "Unconstrained build operations Thread 132" [_thread_blocked, id=27076, stack(0x00000016db500000,0x00000016db600000)]
  0x000001b823247800 JavaThread "Unconstrained build operations Thread 133" [_thread_blocked, id=24316, stack(0x00000016db600000,0x00000016db700000)]
  0x000001b823247000 JavaThread "Unconstrained build operations Thread 134" [_thread_blocked, id=30196, stack(0x00000016db700000,0x00000016db800000)]
  0x000001b823245000 JavaThread "Unconstrained build operations Thread 135" [_thread_blocked, id=27792, stack(0x00000016db800000,0x00000016db900000)]
  0x000001b823246000 JavaThread "Unconstrained build operations Thread 136" [_thread_blocked, id=2868, stack(0x00000016db900000,0x00000016dba00000)]
  0x000001b823248800 JavaThread "Unconstrained build operations Thread 137" [_thread_blocked, id=4488, stack(0x00000016dba00000,0x00000016dbb00000)]
  0x000001b823249800 JavaThread "Unconstrained build operations Thread 138" [_thread_blocked, id=948, stack(0x00000016dbb00000,0x00000016dbc00000)]
  0x000001b82324a000 JavaThread "Unconstrained build operations Thread 139" [_thread_blocked, id=17860, stack(0x00000016dbc00000,0x00000016dbd00000)]
  0x000001b823244800 JavaThread "Unconstrained build operations Thread 140" [_thread_blocked, id=22440, stack(0x00000016dbd00000,0x00000016dbe00000)]
  0x000001b82324d800 JavaThread "Unconstrained build operations Thread 141" [_thread_blocked, id=26544, stack(0x00000016dbe00000,0x00000016dbf00000)]
  0x000001b82324f000 JavaThread "Unconstrained build operations Thread 142" [_thread_blocked, id=14600, stack(0x00000016dbf00000,0x00000016dc000000)]
  0x000001b82324c800 JavaThread "Unconstrained build operations Thread 143" [_thread_blocked, id=23668, stack(0x00000016dc000000,0x00000016dc100000)]
  0x000001b82324e000 JavaThread "Unconstrained build operations Thread 144" [_thread_blocked, id=28476, stack(0x00000016dc100000,0x00000016dc200000)]
  0x000001b823250800 JavaThread "Unconstrained build operations Thread 145" [_thread_blocked, id=27392, stack(0x00000016dc200000,0x00000016dc300000)]
  0x000001b823250000 JavaThread "Unconstrained build operations Thread 146" [_thread_blocked, id=6008, stack(0x00000016dc300000,0x00000016dc400000)]
=>0x000001b825ef8000 JavaThread "C2 CompilerThread3" daemon [_thread_in_native, id=30448, stack(0x00000016d2a00000,0x00000016d2b00000)]
  0x000001b82324b800 JavaThread "Memory manager" [_thread_blocked, id=30160, stack(0x00000016d2b00000,0x00000016d2c00000)]

Other Threads:
  0x000001b81bf35800 VMThread "VM Thread" [stack: 0x00000016ce700000,0x00000016ce800000] [id=7408]
  0x000001b81c188800 WatcherThread [stack: 0x00000016cf200000,0x00000016cf300000] [id=16652]
  0x000001b87fa26800 GCTaskThread "GC Thread#0" [stack: 0x00000016ce200000,0x00000016ce300000] [id=17124]
  0x000001b81ce03000 GCTaskThread "GC Thread#1" [stack: 0x00000016cf500000,0x00000016cf600000] [id=33248]
  0x000001b81d72c000 GCTaskThread "GC Thread#2" [stack: 0x00000016cf600000,0x00000016cf700000] [id=28400]
  0x000001b81cf6c800 GCTaskThread "GC Thread#3" [stack: 0x00000016cf700000,0x00000016cf800000] [id=18996]
  0x000001b81c5f1000 GCTaskThread "GC Thread#4" [stack: 0x00000016cf800000,0x00000016cf900000] [id=21892]
  0x000001b81c4e9800 GCTaskThread "GC Thread#5" [stack: 0x00000016cf900000,0x00000016cfa00000] [id=5784]
  0x000001b81e1cf000 GCTaskThread "GC Thread#6" [stack: 0x00000016d0700000,0x00000016d0800000] [id=30892]
  0x000001b81e4ca000 GCTaskThread "GC Thread#7" [stack: 0x00000016d0800000,0x00000016d0900000] [id=13440]
  0x000001b81e0c8000 GCTaskThread "GC Thread#8" [stack: 0x00000016d0900000,0x00000016d0a00000] [id=15336]
  0x000001b81e6fe800 GCTaskThread "GC Thread#9" [stack: 0x00000016d0a00000,0x00000016d0b00000] [id=26388]
  0x000001b81e4cd000 GCTaskThread "GC Thread#10" [stack: 0x00000016d0b00000,0x00000016d0c00000] [id=33944]
  0x000001b81df0e000 GCTaskThread "GC Thread#11" [stack: 0x00000016d0c00000,0x00000016d0d00000] [id=30792]
  0x000001b81df0f000 GCTaskThread "GC Thread#12" [stack: 0x00000016d0d00000,0x00000016d0e00000] [id=7664]
  0x000001b87fa59800 ConcurrentGCThread "G1 Main Marker" [stack: 0x00000016ce300000,0x00000016ce400000] [id=31388]
  0x000001b87fa5c000 ConcurrentGCThread "G1 Conc#0" [stack: 0x00000016ce400000,0x00000016ce500000] [id=21932]
  0x000001b81d605800 ConcurrentGCThread "G1 Conc#1" [stack: 0x00000016d0e00000,0x00000016d0f00000] [id=22608]
  0x000001b81db6e800 ConcurrentGCThread "G1 Conc#2" [stack: 0x00000016d0f00000,0x00000016d1000000] [id=13624]
  0x000001b81b57f000 ConcurrentGCThread "G1 Refine#0" [stack: 0x00000016ce500000,0x00000016ce600000] [id=28852]
  0x000001b8234ad800 ConcurrentGCThread "G1 Refine#1" [stack: 0x00000016d2d00000,0x00000016d2e00000] [id=30708]
  0x000001b823596000 ConcurrentGCThread "G1 Refine#2" [stack: 0x00000016d2e00000,0x00000016d2f00000] [id=34120]
  0x000001b81f03a800 ConcurrentGCThread "G1 Refine#3" [stack: 0x00000016d2f00000,0x00000016d3000000] [id=9420]
  0x000001b81b57f800 ConcurrentGCThread "G1 Young RemSet Sampling" [stack: 0x00000016ce600000,0x00000016ce700000] [id=21856]

Threads with active compile tasks:
C2 CompilerThread0     6083 9058       4       org.codehaus.groovy.reflection.CachedMethod::compareTo (25 bytes)
C2 CompilerThread1     6083 9060       4       com.sun.beans.introspect.MethodInfo$MethodOrder::compare (167 bytes)
C2 CompilerThread2     6083 9044   !   4       com.sun.beans.TypeResolver::resolve (261 bytes)
C2 CompilerThread3     6083 9028       4       java.beans.Introspector::addMethod (196 bytes)

VM state:not at safepoint (normal execution)

VM Mutex/Monitor currently owned by a thread: None

Heap address: 0x0000000080000000, size: 2048 MB, Compressed Oops mode: 32-bit
Narrow klass base: 0x0000000000000000, Narrow klass shift: 3
Compressed class space size: 1073741824 Address: 0x0000000100000000

Heap:
 garbage-first heap   total 260096K, used 200735K [0x0000000080000000, 0x0000000100000000)
  region size 1024K, 82 young (83968K), 9 survivors (9216K)
 Metaspace       used 75973K, capacity 78044K, committed 78160K, reserved 1118208K
  class space    used 9692K, capacity 10488K, committed 10496K, reserved 1048576K
Heap Regions: E=young(eden), S=young(survivor), O=old, HS=humongous(starts), HC=humongous(continues), CS=collection set, F=free, A=archive, TAMS=top-at-mark-start (previous, next)
|   0|0x0000000080000000, 0x0000000080100000, 0x0000000080100000|100%| O|  |TAMS 0x0000000080100000, 0x0000000080000000| Untracked 
|   1|0x0000000080100000, 0x0000000080200000, 0x0000000080200000|100%| O|  |TAMS 0x0000000080200000, 0x0000000080100000| Untracked 
|   2|0x0000000080200000, 0x0000000080300000, 0x0000000080300000|100%| O|  |TAMS 0x0000000080300000, 0x0000000080200000| Untracked 
|   3|0x0000000080300000, 0x0000000080400000, 0x0000000080400000|100%|HS|  |TAMS 0x0000000080400000, 0x0000000080300000| Complete 
|   4|0x0000000080400000, 0x0000000080500000, 0x0000000080500000|100%|HC|  |TAMS 0x0000000080500000, 0x0000000080400000| Complete 
|   5|0x0000000080500000, 0x0000000080600000, 0x0000000080600000|100%|HC|  |TAMS 0x0000000080600000, 0x0000000080500000| Complete 
|   6|0x0000000080600000, 0x0000000080700000, 0x0000000080700000|100%| O|  |TAMS 0x0000000080700000, 0x0000000080600000| Untracked 
|   7|0x0000000080700000, 0x0000000080800000, 0x0000000080800000|100%| O|  |TAMS 0x0000000080800000, 0x0000000080700000| Untracked 
|   8|0x0000000080800000, 0x0000000080900000, 0x0000000080900000|100%| O|  |TAMS 0x0000000080900000, 0x0000000080800000| Untracked 
|   9|0x0000000080900000, 0x0000000080a00000, 0x0000000080a00000|100%| O|  |TAMS 0x0000000080a00000, 0x0000000080900000| Untracked 
|  10|0x0000000080a00000, 0x0000000080b00000, 0x0000000080b00000|100%| O|  |TAMS 0x0000000080b00000, 0x0000000080a00000| Untracked 
|  11|0x0000000080b00000, 0x0000000080c00000, 0x0000000080c00000|100%| O|  |TAMS 0x0000000080c00000, 0x0000000080b00000| Untracked 
|  12|0x0000000080c00000, 0x0000000080d00000, 0x0000000080d00000|100%| O|  |TAMS 0x0000000080d00000, 0x0000000080c00000| Untracked 
|  13|0x0000000080d00000, 0x0000000080e00000, 0x0000000080e00000|100%| O|  |TAMS 0x0000000080e00000, 0x0000000080d00000| Untracked 
|  14|0x0000000080e00000, 0x0000000080f00000, 0x0000000080f00000|100%| O|  |TAMS 0x0000000080f00000, 0x0000000080e00000| Untracked 
|  15|0x0000000080f00000, 0x0000000081000000, 0x0000000081000000|100%| O|  |TAMS 0x0000000081000000, 0x0000000080f00000| Untracked 
|  16|0x0000000081000000, 0x0000000081100000, 0x0000000081100000|100%|HS|  |TAMS 0x0000000081100000, 0x0000000081000000| Complete 
|  17|0x0000000081100000, 0x0000000081200000, 0x0000000081200000|100%|HC|  |TAMS 0x0000000081200000, 0x0000000081100000| Complete 
|  18|0x0000000081200000, 0x0000000081300000, 0x0000000081300000|100%|HS|  |TAMS 0x0000000081300000, 0x0000000081200000| Complete 
|  19|0x0000000081300000, 0x0000000081400000, 0x0000000081400000|100%|HC|  |TAMS 0x0000000081400000, 0x0000000081300000| Complete 
|  20|0x0000000081400000, 0x0000000081500000, 0x0000000081500000|100%|HC|  |TAMS 0x0000000081500000, 0x0000000081400000| Complete 
|  21|0x0000000081500000, 0x0000000081600000, 0x0000000081600000|100%|HS|  |TAMS 0x0000000081600000, 0x0000000081500000| Complete 
|  22|0x0000000081600000, 0x0000000081700000, 0x0000000081700000|100%|HC|  |TAMS 0x0000000081700000, 0x0000000081600000| Complete 
|  23|0x0000000081700000, 0x0000000081800000, 0x0000000081800000|100%|HC|  |TAMS 0x0000000081800000, 0x0000000081700000| Complete 
|  24|0x0000000081800000, 0x0000000081900000, 0x0000000081900000|100%|HS|  |TAMS 0x0000000081900000, 0x0000000081800000| Complete 
|  25|0x0000000081900000, 0x0000000081a00000, 0x0000000081a00000|100%|HC|  |TAMS 0x0000000081a00000, 0x0000000081900000| Complete 
|  26|0x0000000081a00000, 0x0000000081b00000, 0x0000000081b00000|100%|HS|  |TAMS 0x0000000081b00000, 0x0000000081a00000| Complete 
|  27|0x0000000081b00000, 0x0000000081c00000, 0x0000000081c00000|100%|HC|  |TAMS 0x0000000081c00000, 0x0000000081b00000| Complete 
|  28|0x0000000081c00000, 0x0000000081d00000, 0x0000000081d00000|100%|HC|  |TAMS 0x0000000081d00000, 0x0000000081c00000| Complete 
|  29|0x0000000081d00000, 0x0000000081e00000, 0x0000000081e00000|100%|HC|  |TAMS 0x0000000081e00000, 0x0000000081d00000| Complete 
|  30|0x0000000081e00000, 0x0000000081f00000, 0x0000000081f00000|100%|HC|  |TAMS 0x0000000081f00000, 0x0000000081e00000| Complete 
|  31|0x0000000081f00000, 0x0000000082000000, 0x0000000082000000|100%|HS|  |TAMS 0x0000000082000000, 0x0000000081f00000| Complete 
|  32|0x0000000082000000, 0x0000000082100000, 0x0000000082100000|100%|HC|  |TAMS 0x0000000082100000, 0x0000000082000000| Complete 
|  33|0x0000000082100000, 0x0000000082200000, 0x0000000082200000|100%|HC|  |TAMS 0x0000000082200000, 0x0000000082100000| Complete 
|  34|0x0000000082200000, 0x0000000082300000, 0x0000000082300000|100%|HC|  |TAMS 0x0000000082300000, 0x0000000082200000| Complete 
|  35|0x0000000082300000, 0x0000000082400000, 0x0000000082400000|100%|HC|  |TAMS 0x0000000082400000, 0x0000000082300000| Complete 
|  36|0x0000000082400000, 0x0000000082500000, 0x0000000082500000|100%|HC|  |TAMS 0x0000000082500000, 0x0000000082400000| Complete 
|  37|0x0000000082500000, 0x0000000082600000, 0x0000000082600000|100%|HC|  |TAMS 0x0000000082600000, 0x0000000082500000| Complete 
|  38|0x0000000082600000, 0x0000000082700000, 0x0000000082700000|100%|HC|  |TAMS 0x0000000082700000, 0x0000000082600000| Complete 
|  39|0x0000000082700000, 0x0000000082800000, 0x0000000082800000|100%|HC|  |TAMS 0x0000000082800000, 0x0000000082700000| Complete 
|  40|0x0000000082800000, 0x0000000082900000, 0x0000000082900000|100%|HC|  |TAMS 0x0000000082900000, 0x0000000082800000| Complete 
|  41|0x0000000082900000, 0x0000000082a00000, 0x0000000082a00000|100%|HS|  |TAMS 0x0000000082a00000, 0x0000000082900000| Complete 
|  42|0x0000000082a00000, 0x0000000082b00000, 0x0000000082b00000|100%|HC|  |TAMS 0x0000000082b00000, 0x0000000082a00000| Complete 
|  43|0x0000000082b00000, 0x0000000082c00000, 0x0000000082c00000|100%| O|  |TAMS 0x0000000082c00000, 0x0000000082b00000| Untracked 
|  44|0x0000000082c00000, 0x0000000082d00000, 0x0000000082d00000|100%| O|  |TAMS 0x0000000082d00000, 0x0000000082c00000| Untracked 
|  45|0x0000000082d00000, 0x0000000082e00000, 0x0000000082e00000|100%| O|  |TAMS 0x0000000082e00000, 0x0000000082d00000| Untracked 
|  46|0x0000000082e00000, 0x0000000082f00000, 0x0000000082f00000|100%|HS|  |TAMS 0x0000000082f00000, 0x0000000082e00000| Complete 
|  47|0x0000000082f00000, 0x0000000083000000, 0x0000000083000000|100%|HC|  |TAMS 0x0000000083000000, 0x0000000082f00000| Complete 
|  48|0x0000000083000000, 0x0000000083100000, 0x0000000083100000|100%|HC|  |TAMS 0x0000000083100000, 0x0000000083000000| Complete 
|  49|0x0000000083100000, 0x0000000083200000, 0x0000000083200000|100%|HC|  |TAMS 0x0000000083200000, 0x0000000083100000| Complete 
|  50|0x0000000083200000, 0x0000000083300000, 0x0000000083300000|100%|HC|  |TAMS 0x0000000083300000, 0x0000000083200000| Complete 
|  51|0x0000000083300000, 0x0000000083400000, 0x0000000083400000|100%|HC|  |TAMS 0x0000000083400000, 0x0000000083300000| Complete 
|  52|0x0000000083400000, 0x0000000083500000, 0x0000000083500000|100%|HC|  |TAMS 0x0000000083500000, 0x0000000083400000| Complete 
|  53|0x0000000083500000, 0x0000000083600000, 0x0000000083600000|100%|HC|  |TAMS 0x0000000083600000, 0x0000000083500000| Complete 
|  54|0x0000000083600000, 0x0000000083700000, 0x0000000083700000|100%|HC|  |TAMS 0x0000000083700000, 0x0000000083600000| Complete 
|  55|0x0000000083700000, 0x0000000083800000, 0x0000000083800000|100%|HC|  |TAMS 0x0000000083800000, 0x0000000083700000| Complete 
|  56|0x0000000083800000, 0x0000000083900000, 0x0000000083900000|100%|HS|  |TAMS 0x0000000083900000, 0x0000000083800000| Complete 
|  57|0x0000000083900000, 0x0000000083a00000, 0x0000000083a00000|100%|HC|  |TAMS 0x0000000083a00000, 0x0000000083900000| Complete 
|  58|0x0000000083a00000, 0x0000000083b00000, 0x0000000083b00000|100%|HS|  |TAMS 0x0000000083b00000, 0x0000000083a00000| Complete 
|  59|0x0000000083b00000, 0x0000000083c00000, 0x0000000083c00000|100%|HC|  |TAMS 0x0000000083c00000, 0x0000000083b00000| Complete 
|  60|0x0000000083c00000, 0x0000000083d00000, 0x0000000083d00000|100%|HC|  |TAMS 0x0000000083d00000, 0x0000000083c00000| Complete 
|  61|0x0000000083d00000, 0x0000000083e00000, 0x0000000083e00000|100%|HS|  |TAMS 0x0000000083e00000, 0x0000000083d00000| Complete 
|  62|0x0000000083e00000, 0x0000000083f00000, 0x0000000083f00000|100%|HC|  |TAMS 0x0000000083f00000, 0x0000000083e00000| Complete 
|  63|0x0000000083f00000, 0x0000000084000000, 0x0000000084000000|100%|HS|  |TAMS 0x0000000084000000, 0x0000000083f00000| Complete 
|  64|0x0000000084000000, 0x0000000084100000, 0x0000000084100000|100%|HC|  |TAMS 0x0000000084100000, 0x0000000084000000| Complete 
|  65|0x0000000084100000, 0x0000000084200000, 0x0000000084200000|100%|HC|  |TAMS 0x0000000084200000, 0x0000000084100000| Complete 
|  66|0x0000000084200000, 0x0000000084300000, 0x0000000084300000|100%| O|  |TAMS 0x0000000084300000, 0x0000000084200000| Untracked 
|  67|0x0000000084300000, 0x0000000084400000, 0x0000000084400000|100%| O|  |TAMS 0x0000000084400000, 0x0000000084300000| Untracked 
|  68|0x0000000084400000, 0x0000000084500000, 0x0000000084500000|100%| O|  |TAMS 0x0000000084500000, 0x0000000084400000| Untracked 
|  69|0x0000000084500000, 0x0000000084600000, 0x0000000084600000|100%| O|  |TAMS 0x0000000084600000, 0x0000000084500000| Untracked 
|  70|0x0000000084600000, 0x0000000084700000, 0x0000000084700000|100%| O|  |TAMS 0x0000000084700000, 0x0000000084600000| Untracked 
|  71|0x0000000084700000, 0x0000000084800000, 0x0000000084800000|100%| O|  |TAMS 0x0000000084800000, 0x0000000084700000| Untracked 
|  72|0x0000000084800000, 0x0000000084900000, 0x0000000084900000|100%|HS|  |TAMS 0x0000000084900000, 0x0000000084800000| Complete 
|  73|0x0000000084900000, 0x0000000084a00000, 0x0000000084a00000|100%|HC|  |TAMS 0x0000000084a00000, 0x0000000084900000| Complete 
|  74|0x0000000084a00000, 0x0000000084b00000, 0x0000000084b00000|100%|HC|  |TAMS 0x0000000084b00000, 0x0000000084a00000| Complete 
|  75|0x0000000084b00000, 0x0000000084c00000, 0x0000000084c00000|100%|HC|  |TAMS 0x0000000084c00000, 0x0000000084b00000| Complete 
|  76|0x0000000084c00000, 0x0000000084d00000, 0x0000000084d00000|100%|HC|  |TAMS 0x0000000084d00000, 0x0000000084c00000| Complete 
|  77|0x0000000084d00000, 0x0000000084e00000, 0x0000000084e00000|100%| O|  |TAMS 0x0000000084e00000, 0x0000000084d00000| Untracked 
|  78|0x0000000084e00000, 0x0000000084f00000, 0x0000000084f00000|100%| O|  |TAMS 0x0000000084f00000, 0x0000000084e00000| Untracked 
|  79|0x0000000084f00000, 0x0000000085000000, 0x0000000085000000|100%| O|  |TAMS 0x0000000085000000, 0x0000000084f00000| Untracked 
|  80|0x0000000085000000, 0x0000000085100000, 0x0000000085100000|100%| O|  |TAMS 0x0000000085100000, 0x0000000085000000| Untracked 
|  81|0x0000000085100000, 0x0000000085200000, 0x0000000085200000|100%|HS|  |TAMS 0x0000000085200000, 0x0000000085100000| Complete 
|  82|0x0000000085200000, 0x0000000085300000, 0x0000000085300000|100%|HS|  |TAMS 0x0000000085300000, 0x0000000085200000| Complete 
|  83|0x0000000085300000, 0x0000000085400000, 0x0000000085400000|100%|HC|  |TAMS 0x0000000085400000, 0x0000000085300000| Complete 
|  84|0x0000000085400000, 0x0000000085500000, 0x0000000085500000|100%|HS|  |TAMS 0x0000000085500000, 0x0000000085400000| Complete 
|  85|0x0000000085500000, 0x0000000085600000, 0x0000000085600000|100%|HS|  |TAMS 0x0000000085600000, 0x0000000085500000| Complete 
|  86|0x0000000085600000, 0x0000000085700000, 0x0000000085700000|100%|HC|  |TAMS 0x0000000085700000, 0x0000000085600000| Complete 
|  87|0x0000000085700000, 0x0000000085800000, 0x0000000085800000|100%|HC|  |TAMS 0x0000000085800000, 0x0000000085700000| Complete 
|  88|0x0000000085800000, 0x0000000085900000, 0x0000000085900000|100%|HC|  |TAMS 0x0000000085900000, 0x0000000085800000| Complete 
|  89|0x0000000085900000, 0x0000000085a00000, 0x0000000085a00000|100%|HS|  |TAMS 0x0000000085900000, 0x0000000085900000| Complete 
|  90|0x0000000085a00000, 0x0000000085b00000, 0x0000000085b00000|100%| O|  |TAMS 0x0000000085b00000, 0x0000000085a00000| Untracked 
|  91|0x0000000085b00000, 0x0000000085c00000, 0x0000000085c00000|100%| O|  |TAMS 0x0000000085c00000, 0x0000000085b00000| Untracked 
|  92|0x0000000085c00000, 0x0000000085d00000, 0x0000000085d00000|100%| O|  |TAMS 0x0000000085d00000, 0x0000000085c00000| Untracked 
|  93|0x0000000085d00000, 0x0000000085e00000, 0x0000000085e00000|100%| O|  |TAMS 0x0000000085e00000, 0x0000000085d00000| Untracked 
|  94|0x0000000085e00000, 0x0000000085f00000, 0x0000000085f00000|100%| O|  |TAMS 0x0000000085f00000, 0x0000000085e00000| Untracked 
|  95|0x0000000085f00000, 0x0000000086000000, 0x0000000086000000|100%| O|  |TAMS 0x0000000086000000, 0x0000000085f00000| Untracked 
|  96|0x0000000086000000, 0x0000000086100000, 0x0000000086100000|100%| O|  |TAMS 0x0000000086100000, 0x0000000086000000| Untracked 
|  97|0x0000000086100000, 0x0000000086200000, 0x0000000086200000|100%| O|  |TAMS 0x0000000086200000, 0x0000000086100000| Untracked 
|  98|0x0000000086200000, 0x0000000086300000, 0x0000000086300000|100%| O|  |TAMS 0x0000000086300000, 0x0000000086200000| Untracked 
|  99|0x0000000086300000, 0x0000000086400000, 0x0000000086400000|100%| O|  |TAMS 0x0000000086400000, 0x0000000086300000| Untracked 
| 100|0x0000000086400000, 0x0000000086400000, 0x0000000086500000|  0%| F|  |TAMS 0x0000000086400000, 0x0000000086400000| Untracked 
| 101|0x0000000086500000, 0x0000000086500000, 0x0000000086600000|  0%| F|  |TAMS 0x0000000086500000, 0x0000000086500000| Untracked 
| 102|0x0000000086600000, 0x0000000086600000, 0x0000000086700000|  0%| F|  |TAMS 0x0000000086600000, 0x0000000086600000| Untracked 
| 103|0x0000000086700000, 0x0000000086700000, 0x0000000086800000|  0%| F|  |TAMS 0x0000000086700000, 0x0000000086700000| Untracked 
| 104|0x0000000086800000, 0x0000000086800000, 0x0000000086900000|  0%| F|  |TAMS 0x0000000086800000, 0x0000000086800000| Untracked 
| 105|0x0000000086900000, 0x0000000086900000, 0x0000000086a00000|  0%| F|  |TAMS 0x0000000086900000, 0x0000000086900000| Untracked 
| 106|0x0000000086a00000, 0x0000000086b00000, 0x0000000086b00000|100%| O|  |TAMS 0x0000000086b00000, 0x0000000086a00000| Untracked 
| 107|0x0000000086b00000, 0x0000000086c00000, 0x0000000086c00000|100%| O|  |TAMS 0x0000000086c00000, 0x0000000086b00000| Untracked 
| 108|0x0000000086c00000, 0x0000000086d00000, 0x0000000086d00000|100%| O|  |TAMS 0x0000000086d00000, 0x0000000086c00000| Untracked 
| 109|0x0000000086d00000, 0x0000000086e00000, 0x0000000086e00000|100%| O|  |TAMS 0x0000000086e00000, 0x0000000086d00000| Untracked 
| 110|0x0000000086e00000, 0x0000000086f00000, 0x0000000086f00000|100%| O|  |TAMS 0x0000000086f00000, 0x0000000086e00000| Untracked 
| 111|0x0000000086f00000, 0x0000000087000000, 0x0000000087000000|100%| O|  |TAMS 0x0000000087000000, 0x0000000086f00000| Untracked 
| 112|0x0000000087000000, 0x0000000087100000, 0x0000000087100000|100%| O|  |TAMS 0x0000000087100000, 0x0000000087000000| Untracked 
| 113|0x0000000087100000, 0x0000000087200000, 0x0000000087200000|100%| O|  |TAMS 0x0000000087200000, 0x0000000087100000| Untracked 
| 114|0x0000000087200000, 0x0000000087300000, 0x0000000087300000|100%| O|  |TAMS 0x0000000087300000, 0x0000000087200000| Untracked 
| 115|0x0000000087300000, 0x0000000087400000, 0x0000000087400000|100%| O|  |TAMS 0x0000000087400000, 0x0000000087300000| Untracked 
| 116|0x0000000087400000, 0x0000000087500000, 0x0000000087500000|100%| O|  |TAMS 0x0000000087500000, 0x0000000087400000| Untracked 
| 117|0x0000000087500000, 0x0000000087600000, 0x0000000087600000|100%| O|  |TAMS 0x0000000087600000, 0x0000000087500000| Untracked 
| 118|0x0000000087600000, 0x0000000087700000, 0x0000000087700000|100%| O|  |TAMS 0x0000000087700000, 0x0000000087600000| Untracked 
| 119|0x0000000087700000, 0x0000000087800000, 0x0000000087800000|100%| O|  |TAMS 0x0000000087800000, 0x0000000087700000| Untracked 
| 120|0x0000000087800000, 0x0000000087900000, 0x0000000087900000|100%| O|  |TAMS 0x0000000087900000, 0x0000000087800000| Untracked 
| 121|0x0000000087900000, 0x000000008794c200, 0x0000000087a00000| 29%| O|  |TAMS 0x000000008794c200, 0x0000000087900000| Untracked 
| 122|0x0000000087a00000, 0x0000000087a00000, 0x0000000087b00000|  0%| F|  |TAMS 0x0000000087a00000, 0x0000000087a00000| Untracked 
| 123|0x0000000087b00000, 0x0000000087b00000, 0x0000000087c00000|  0%| F|  |TAMS 0x0000000087b00000, 0x0000000087b00000| Untracked 
| 124|0x0000000087c00000, 0x0000000087c00000, 0x0000000087d00000|  0%| F|  |TAMS 0x0000000087c00000, 0x0000000087c00000| Untracked 
| 125|0x0000000087d00000, 0x0000000087d00000, 0x0000000087e00000|  0%| F|  |TAMS 0x0000000087d00000, 0x0000000087d00000| Untracked 
| 126|0x0000000087e00000, 0x0000000087e00000, 0x0000000087f00000|  0%| F|  |TAMS 0x0000000087e00000, 0x0000000087e00000| Untracked 
| 127|0x0000000087f00000, 0x0000000087f00000, 0x0000000088000000|  0%| F|  |TAMS 0x0000000087f00000, 0x0000000087f00000| Untracked 
| 128|0x0000000088000000, 0x0000000088000000, 0x0000000088100000|  0%| F|  |TAMS 0x0000000088000000, 0x0000000088000000| Untracked 
| 129|0x0000000088100000, 0x0000000088100000, 0x0000000088200000|  0%| F|  |TAMS 0x0000000088100000, 0x0000000088100000| Untracked 
| 130|0x0000000088200000, 0x0000000088200000, 0x0000000088300000|  0%| F|  |TAMS 0x0000000088200000, 0x0000000088200000| Untracked 
| 131|0x0000000088300000, 0x0000000088300000, 0x0000000088400000|  0%| F|  |TAMS 0x0000000088300000, 0x0000000088300000| Untracked 
| 132|0x0000000088400000, 0x0000000088400000, 0x0000000088500000|  0%| F|  |TAMS 0x0000000088400000, 0x0000000088400000| Untracked 
| 133|0x0000000088500000, 0x0000000088500000, 0x0000000088600000|  0%| F|  |TAMS 0x0000000088500000, 0x0000000088500000| Untracked 
| 134|0x0000000088600000, 0x0000000088600000, 0x0000000088700000|  0%| F|  |TAMS 0x0000000088600000, 0x0000000088600000| Untracked 
| 135|0x0000000088700000, 0x0000000088700000, 0x0000000088800000|  0%| F|  |TAMS 0x0000000088700000, 0x0000000088700000| Untracked 
| 136|0x0000000088800000, 0x0000000088800000, 0x0000000088900000|  0%| F|  |TAMS 0x0000000088800000, 0x0000000088800000| Untracked 
| 137|0x0000000088900000, 0x0000000088900000, 0x0000000088a00000|  0%| F|  |TAMS 0x0000000088900000, 0x0000000088900000| Untracked 
| 138|0x0000000088a00000, 0x0000000088a00000, 0x0000000088b00000|  0%| F|  |TAMS 0x0000000088a00000, 0x0000000088a00000| Untracked 
| 139|0x0000000088b00000, 0x0000000088b00000, 0x0000000088c00000|  0%| F|  |TAMS 0x0000000088b00000, 0x0000000088b00000| Untracked 
| 140|0x0000000088c00000, 0x0000000088c00000, 0x0000000088d00000|  0%| F|  |TAMS 0x0000000088c00000, 0x0000000088c00000| Untracked 
| 141|0x0000000088d00000, 0x0000000088d00000, 0x0000000088e00000|  0%| F|  |TAMS 0x0000000088d00000, 0x0000000088d00000| Untracked 
| 142|0x0000000088e00000, 0x0000000088e00000, 0x0000000088f00000|  0%| F|  |TAMS 0x0000000088e00000, 0x0000000088e00000| Untracked 
| 143|0x0000000088f00000, 0x0000000088f00000, 0x0000000089000000|  0%| F|  |TAMS 0x0000000088f00000, 0x0000000088f00000| Untracked 
| 144|0x0000000089000000, 0x0000000089000000, 0x0000000089100000|  0%| F|  |TAMS 0x0000000089000000, 0x0000000089000000| Untracked 
| 145|0x0000000089100000, 0x0000000089100000, 0x0000000089200000|  0%| F|  |TAMS 0x0000000089100000, 0x0000000089100000| Untracked 
| 146|0x0000000089200000, 0x0000000089200000, 0x0000000089300000|  0%| F|  |TAMS 0x0000000089200000, 0x0000000089200000| Untracked 
| 147|0x0000000089300000, 0x0000000089300000, 0x0000000089400000|  0%| F|  |TAMS 0x0000000089300000, 0x0000000089300000| Untracked 
| 148|0x0000000089400000, 0x0000000089400000, 0x0000000089500000|  0%| F|  |TAMS 0x0000000089400000, 0x0000000089400000| Untracked 
| 149|0x0000000089500000, 0x0000000089500000, 0x0000000089600000|  0%| F|  |TAMS 0x0000000089500000, 0x0000000089500000| Untracked 
| 150|0x0000000089600000, 0x0000000089600000, 0x0000000089700000|  0%| F|  |TAMS 0x0000000089600000, 0x0000000089600000| Untracked 
| 151|0x0000000089700000, 0x0000000089700000, 0x0000000089800000|  0%| F|  |TAMS 0x0000000089700000, 0x0000000089700000| Untracked 
| 152|0x0000000089800000, 0x0000000089800000, 0x0000000089900000|  0%| F|  |TAMS 0x0000000089800000, 0x0000000089800000| Untracked 
| 153|0x0000000089900000, 0x0000000089900000, 0x0000000089a00000|  0%| F|  |TAMS 0x0000000089900000, 0x0000000089900000| Untracked 
| 154|0x0000000089a00000, 0x0000000089a00000, 0x0000000089b00000|  0%| F|  |TAMS 0x0000000089a00000, 0x0000000089a00000| Untracked 
| 155|0x0000000089b00000, 0x0000000089b00000, 0x0000000089c00000|  0%| F|  |TAMS 0x0000000089b00000, 0x0000000089b00000| Untracked 
| 156|0x0000000089c00000, 0x0000000089c00000, 0x0000000089d00000|  0%| F|  |TAMS 0x0000000089c00000, 0x0000000089c00000| Untracked 
| 157|0x0000000089d00000, 0x0000000089d00000, 0x0000000089e00000|  0%| F|  |TAMS 0x0000000089d00000, 0x0000000089d00000| Untracked 
| 158|0x0000000089e00000, 0x0000000089e00000, 0x0000000089f00000|  0%| F|  |TAMS 0x0000000089e00000, 0x0000000089e00000| Untracked 
| 159|0x0000000089f00000, 0x0000000089f00000, 0x000000008a000000|  0%| F|  |TAMS 0x0000000089f00000, 0x0000000089f00000| Untracked 
| 160|0x000000008a000000, 0x000000008a000000, 0x000000008a100000|  0%| F|  |TAMS 0x000000008a000000, 0x000000008a000000| Untracked 
| 161|0x000000008a100000, 0x000000008a100000, 0x000000008a200000|  0%| F|  |TAMS 0x000000008a100000, 0x000000008a100000| Untracked 
| 162|0x000000008a200000, 0x000000008a200000, 0x000000008a300000|  0%| F|  |TAMS 0x000000008a200000, 0x000000008a200000| Untracked 
| 163|0x000000008a300000, 0x000000008a300000, 0x000000008a400000|  0%| F|  |TAMS 0x000000008a300000, 0x000000008a300000| Untracked 
| 164|0x000000008a400000, 0x000000008a400000, 0x000000008a500000|  0%| F|  |TAMS 0x000000008a400000, 0x000000008a400000| Untracked 
| 165|0x000000008a500000, 0x000000008a500000, 0x000000008a600000|  0%| F|  |TAMS 0x000000008a500000, 0x000000008a500000| Untracked 
| 166|0x000000008a600000, 0x000000008a600000, 0x000000008a700000|  0%| F|  |TAMS 0x000000008a600000, 0x000000008a600000| Untracked 
| 167|0x000000008a700000, 0x000000008a700000, 0x000000008a800000|  0%| F|  |TAMS 0x000000008a700000, 0x000000008a700000| Untracked 
| 168|0x000000008a800000, 0x000000008a800000, 0x000000008a900000|  0%| F|  |TAMS 0x000000008a800000, 0x000000008a800000| Untracked 
| 169|0x000000008a900000, 0x000000008a900000, 0x000000008aa00000|  0%| F|  |TAMS 0x000000008a900000, 0x000000008a900000| Untracked 
| 170|0x000000008aa00000, 0x000000008aa00000, 0x000000008ab00000|  0%| F|  |TAMS 0x000000008aa00000, 0x000000008aa00000| Untracked 
| 171|0x000000008ab00000, 0x000000008ab80800, 0x000000008ac00000| 50%| E|  |TAMS 0x000000008ab00000, 0x000000008ab00000| Complete 
| 172|0x000000008ac00000, 0x000000008ad00000, 0x000000008ad00000|100%| E|CS|TAMS 0x000000008ac00000, 0x000000008ac00000| Complete 
| 173|0x000000008ad00000, 0x000000008ae00000, 0x000000008ae00000|100%| E|CS|TAMS 0x000000008ad00000, 0x000000008ad00000| Complete 
| 174|0x000000008ae00000, 0x000000008af00000, 0x000000008af00000|100%| E|CS|TAMS 0x000000008ae00000, 0x000000008ae00000| Complete 
| 175|0x000000008af00000, 0x000000008b000000, 0x000000008b000000|100%| E|CS|TAMS 0x000000008af00000, 0x000000008af00000| Complete 
| 176|0x000000008b000000, 0x000000008b100000, 0x000000008b100000|100%| E|CS|TAMS 0x000000008b000000, 0x000000008b000000| Complete 
| 177|0x000000008b100000, 0x000000008b200000, 0x000000008b200000|100%| E|CS|TAMS 0x000000008b100000, 0x000000008b100000| Complete 
| 178|0x000000008b200000, 0x000000008b300000, 0x000000008b300000|100%| E|CS|TAMS 0x000000008b200000, 0x000000008b200000| Complete 
| 179|0x000000008b300000, 0x000000008b400000, 0x000000008b400000|100%| E|CS|TAMS 0x000000008b300000, 0x000000008b300000| Complete 
| 180|0x000000008b400000, 0x000000008b500000, 0x000000008b500000|100%| E|CS|TAMS 0x000000008b400000, 0x000000008b400000| Complete 
| 181|0x000000008b500000, 0x000000008b600000, 0x000000008b600000|100%| E|CS|TAMS 0x000000008b500000, 0x000000008b500000| Complete 
| 182|0x000000008b600000, 0x000000008b700000, 0x000000008b700000|100%| E|CS|TAMS 0x000000008b600000, 0x000000008b600000| Complete 
| 183|0x000000008b700000, 0x000000008b800000, 0x000000008b800000|100%| E|CS|TAMS 0x000000008b700000, 0x000000008b700000| Complete 
| 184|0x000000008b800000, 0x000000008b900000, 0x000000008b900000|100%| E|CS|TAMS 0x000000008b800000, 0x000000008b800000| Complete 
| 185|0x000000008b900000, 0x000000008ba00000, 0x000000008ba00000|100%| E|CS|TAMS 0x000000008b900000, 0x000000008b900000| Complete 
| 186|0x000000008ba00000, 0x000000008bb00000, 0x000000008bb00000|100%| E|CS|TAMS 0x000000008ba00000, 0x000000008ba00000| Complete 
| 187|0x000000008bb00000, 0x000000008bc00000, 0x000000008bc00000|100%| E|CS|TAMS 0x000000008bb00000, 0x000000008bb00000| Complete 
| 188|0x000000008bc00000, 0x000000008bd00000, 0x000000008bd00000|100%| E|CS|TAMS 0x000000008bc00000, 0x000000008bc00000| Complete 
| 189|0x000000008bd00000, 0x000000008be00000, 0x000000008be00000|100%| E|CS|TAMS 0x000000008bd00000, 0x000000008bd00000| Complete 
| 190|0x000000008be00000, 0x000000008bf00000, 0x000000008bf00000|100%| E|CS|TAMS 0x000000008be00000, 0x000000008be00000| Complete 
| 191|0x000000008bf00000, 0x000000008c000000, 0x000000008c000000|100%| E|CS|TAMS 0x000000008bf00000, 0x000000008bf00000| Complete 
| 192|0x000000008c000000, 0x000000008c100000, 0x000000008c100000|100%| E|CS|TAMS 0x000000008c000000, 0x000000008c000000| Complete 
| 193|0x000000008c100000, 0x000000008c200000, 0x000000008c200000|100%| E|CS|TAMS 0x000000008c100000, 0x000000008c100000| Complete 
| 194|0x000000008c200000, 0x000000008c300000, 0x000000008c300000|100%| E|CS|TAMS 0x000000008c200000, 0x000000008c200000| Complete 
| 195|0x000000008c300000, 0x000000008c400000, 0x000000008c400000|100%| E|CS|TAMS 0x000000008c300000, 0x000000008c300000| Complete 
| 196|0x000000008c400000, 0x000000008c500000, 0x000000008c500000|100%| E|CS|TAMS 0x000000008c400000, 0x000000008c400000| Complete 
| 197|0x000000008c500000, 0x000000008c600000, 0x000000008c600000|100%| E|CS|TAMS 0x000000008c500000, 0x000000008c500000| Complete 
| 198|0x000000008c600000, 0x000000008c700000, 0x000000008c700000|100%| E|CS|TAMS 0x000000008c600000, 0x000000008c600000| Complete 
| 199|0x000000008c700000, 0x000000008c800000, 0x000000008c800000|100%| E|CS|TAMS 0x000000008c700000, 0x000000008c700000| Complete 
| 200|0x000000008c800000, 0x000000008c900000, 0x000000008c900000|100%| E|CS|TAMS 0x000000008c800000, 0x000000008c800000| Complete 
| 201|0x000000008c900000, 0x000000008ca00000, 0x000000008ca00000|100%| E|CS|TAMS 0x000000008c900000, 0x000000008c900000| Complete 
| 202|0x000000008ca00000, 0x000000008cb00000, 0x000000008cb00000|100%| E|CS|TAMS 0x000000008ca00000, 0x000000008ca00000| Complete 
| 203|0x000000008cb00000, 0x000000008cc00000, 0x000000008cc00000|100%| E|CS|TAMS 0x000000008cb00000, 0x000000008cb00000| Complete 
| 204|0x000000008cc00000, 0x000000008cd00000, 0x000000008cd00000|100%| E|CS|TAMS 0x000000008cc00000, 0x000000008cc00000| Complete 
| 205|0x000000008cd00000, 0x000000008ce00000, 0x000000008ce00000|100%| E|CS|TAMS 0x000000008cd00000, 0x000000008cd00000| Complete 
| 206|0x000000008ce00000, 0x000000008cebbb70, 0x000000008cf00000| 73%| S|CS|TAMS 0x000000008ce00000, 0x000000008ce00000| Complete 
| 207|0x000000008cf00000, 0x000000008d000000, 0x000000008d000000|100%| S|CS|TAMS 0x000000008cf00000, 0x000000008cf00000| Complete 
| 208|0x000000008d000000, 0x000000008d100000, 0x000000008d100000|100%| S|CS|TAMS 0x000000008d000000, 0x000000008d000000| Complete 
| 209|0x000000008d100000, 0x000000008d200000, 0x000000008d200000|100%| S|CS|TAMS 0x000000008d100000, 0x000000008d100000| Complete 
| 210|0x000000008d200000, 0x000000008d300000, 0x000000008d300000|100%| S|CS|TAMS 0x000000008d200000, 0x000000008d200000| Complete 
| 211|0x000000008d300000, 0x000000008d400000, 0x000000008d400000|100%| S|CS|TAMS 0x000000008d300000, 0x000000008d300000| Complete 
| 212|0x000000008d400000, 0x000000008d500000, 0x000000008d500000|100%| S|CS|TAMS 0x000000008d400000, 0x000000008d400000| Complete 
| 213|0x000000008d500000, 0x000000008d600000, 0x000000008d600000|100%| S|CS|TAMS 0x000000008d500000, 0x000000008d500000| Complete 
| 214|0x000000008d600000, 0x000000008d700000, 0x000000008d700000|100%| S|CS|TAMS 0x000000008d600000, 0x000000008d600000| Complete 
| 215|0x000000008d700000, 0x000000008d800000, 0x000000008d800000|100%| E|CS|TAMS 0x000000008d700000, 0x000000008d700000| Complete 
| 216|0x000000008d800000, 0x000000008d900000, 0x000000008d900000|100%| E|CS|TAMS 0x000000008d800000, 0x000000008d800000| Complete 
| 217|0x000000008d900000, 0x000000008da00000, 0x000000008da00000|100%| E|CS|TAMS 0x000000008d900000, 0x000000008d900000| Complete 
| 218|0x000000008da00000, 0x000000008db00000, 0x000000008db00000|100%| E|CS|TAMS 0x000000008da00000, 0x000000008da00000| Complete 
| 219|0x000000008db00000, 0x000000008dc00000, 0x000000008dc00000|100%| E|CS|TAMS 0x000000008db00000, 0x000000008db00000| Complete 
| 220|0x000000008dc00000, 0x000000008dd00000, 0x000000008dd00000|100%| E|CS|TAMS 0x000000008dc00000, 0x000000008dc00000| Complete 
| 221|0x000000008dd00000, 0x000000008de00000, 0x000000008de00000|100%| E|CS|TAMS 0x000000008dd00000, 0x000000008dd00000| Complete 
| 222|0x000000008de00000, 0x000000008df00000, 0x000000008df00000|100%| E|CS|TAMS 0x000000008de00000, 0x000000008de00000| Complete 
| 223|0x000000008df00000, 0x000000008e000000, 0x000000008e000000|100%| E|CS|TAMS 0x000000008df00000, 0x000000008df00000| Complete 
| 224|0x000000008e000000, 0x000000008e100000, 0x000000008e100000|100%| E|CS|TAMS 0x000000008e000000, 0x000000008e000000| Complete 
| 225|0x000000008e100000, 0x000000008e200000, 0x000000008e200000|100%| E|CS|TAMS 0x000000008e100000, 0x000000008e100000| Complete 
| 226|0x000000008e200000, 0x000000008e300000, 0x000000008e300000|100%| E|CS|TAMS 0x000000008e200000, 0x000000008e200000| Complete 
| 227|0x000000008e300000, 0x000000008e400000, 0x000000008e400000|100%| E|CS|TAMS 0x000000008e300000, 0x000000008e300000| Complete 
| 228|0x000000008e400000, 0x000000008e500000, 0x000000008e500000|100%| E|CS|TAMS 0x000000008e400000, 0x000000008e400000| Complete 
| 229|0x000000008e500000, 0x000000008e600000, 0x000000008e600000|100%| E|CS|TAMS 0x000000008e500000, 0x000000008e500000| Complete 
| 230|0x000000008e600000, 0x000000008e700000, 0x000000008e700000|100%| E|CS|TAMS 0x000000008e600000, 0x000000008e600000| Complete 
| 231|0x000000008e700000, 0x000000008e800000, 0x000000008e800000|100%| E|CS|TAMS 0x000000008e700000, 0x000000008e700000| Complete 
| 232|0x000000008e800000, 0x000000008e900000, 0x000000008e900000|100%| E|CS|TAMS 0x000000008e800000, 0x000000008e800000| Complete 
| 233|0x000000008e900000, 0x000000008ea00000, 0x000000008ea00000|100%| E|CS|TAMS 0x000000008e900000, 0x000000008e900000| Complete 
| 234|0x000000008ea00000, 0x000000008eb00000, 0x000000008eb00000|100%| E|CS|TAMS 0x000000008ea00000, 0x000000008ea00000| Complete 
| 235|0x000000008eb00000, 0x000000008ec00000, 0x000000008ec00000|100%| E|CS|TAMS 0x000000008eb00000, 0x000000008eb00000| Complete 
| 236|0x000000008ec00000, 0x000000008ed00000, 0x000000008ed00000|100%| E|CS|TAMS 0x000000008ec00000, 0x000000008ec00000| Complete 
| 237|0x000000008ed00000, 0x000000008ee00000, 0x000000008ee00000|100%| E|CS|TAMS 0x000000008ed00000, 0x000000008ed00000| Complete 
| 238|0x000000008ee00000, 0x000000008ef00000, 0x000000008ef00000|100%| E|CS|TAMS 0x000000008ee00000, 0x000000008ee00000| Complete 
| 239|0x000000008ef00000, 0x000000008f000000, 0x000000008f000000|100%| E|CS|TAMS 0x000000008ef00000, 0x000000008ef00000| Complete 
| 240|0x000000008f000000, 0x000000008f100000, 0x000000008f100000|100%| E|CS|TAMS 0x000000008f000000, 0x000000008f000000| Complete 
| 241|0x000000008f100000, 0x000000008f200000, 0x000000008f200000|100%| E|CS|TAMS 0x000000008f100000, 0x000000008f100000| Complete 
| 242|0x000000008f200000, 0x000000008f300000, 0x000000008f300000|100%| E|CS|TAMS 0x000000008f200000, 0x000000008f200000| Complete 
| 243|0x000000008f300000, 0x000000008f400000, 0x000000008f400000|100%| E|CS|TAMS 0x000000008f300000, 0x000000008f300000| Complete 
| 244|0x000000008f400000, 0x000000008f500000, 0x000000008f500000|100%| E|CS|TAMS 0x000000008f400000, 0x000000008f400000| Complete 
| 245|0x000000008f500000, 0x000000008f600000, 0x000000008f600000|100%| E|CS|TAMS 0x000000008f500000, 0x000000008f500000| Complete 
| 246|0x000000008f600000, 0x000000008f700000, 0x000000008f700000|100%| E|CS|TAMS 0x000000008f600000, 0x000000008f600000| Complete 
| 247|0x000000008f700000, 0x000000008f800000, 0x000000008f800000|100%| E|CS|TAMS 0x000000008f700000, 0x000000008f700000| Complete 
| 248|0x000000008f800000, 0x000000008f900000, 0x000000008f900000|100%| E|CS|TAMS 0x000000008f800000, 0x000000008f800000| Complete 
| 249|0x000000008f900000, 0x000000008fa00000, 0x000000008fa00000|100%| E|CS|TAMS 0x000000008f900000, 0x000000008f900000| Complete 
| 250|0x000000008fa00000, 0x000000008fb00000, 0x000000008fb00000|100%| E|CS|TAMS 0x000000008fa00000, 0x000000008fa00000| Complete 
| 251|0x000000008fb00000, 0x000000008fc00000, 0x000000008fc00000|100%| E|CS|TAMS 0x000000008fb00000, 0x000000008fb00000| Complete 
| 252|0x000000008fc00000, 0x000000008fd00000, 0x000000008fd00000|100%| E|CS|TAMS 0x000000008fc00000, 0x000000008fc00000| Complete 
| 253|0x000000008fd00000, 0x000000008fe00000, 0x000000008fe00000|100%| E|CS|TAMS 0x000000008fd00000, 0x000000008fd00000| Complete 

Card table byte_map: [0x000001b813e40000,0x000001b814240000] _byte_map_base: 0x000001b813a40000

Marking Bits (Prev, Next): (CMBitMap*) 0x000001b87fa50ce8, (CMBitMap*) 0x000001b87fa50d20
 Prev Bits: [0x000001b814640000, 0x000001b816640000)
 Next Bits: [0x000001b816640000, 0x000001b818640000)

Polling page: 0x000001b800000000

Metaspace:

Usage:
  Non-class:     65.97 MB capacity,    64.73 MB ( 98%) used,     1.04 MB (  2%) free+waste,   213.88 KB ( <1%) overhead. 
      Class:     10.24 MB capacity,     9.47 MB ( 92%) used,   694.24 KB (  7%) free+waste,   100.81 KB ( <1%) overhead. 
       Both:     76.21 MB capacity,    74.19 MB ( 97%) used,     1.71 MB (  2%) free+waste,   314.69 KB ( <1%) overhead. 

Virtual space:
  Non-class space:       68.00 MB reserved,      66.08 MB ( 97%) committed 
      Class space:        1.00 GB reserved,      10.25 MB (  1%) committed 
             Both:        1.07 GB reserved,      76.33 MB (  7%) committed 

Chunk freelists:
   Non-Class:  44.00 KB
       Class:  8.00 KB
        Both:  52.00 KB

MaxMetaspaceSize: 17179869184.00 GB
CompressedClassSpaceSize: 1.00 GB
Initial GC threshold: 20.80 MB
Current GC threshold: 120.55 MB
CDS: off

CodeHeap 'non-profiled nmethods': size=119168Kb used=5677Kb max_used=5677Kb free=113490Kb
 bounds [0x000001b80b610000, 0x000001b80bba0000, 0x000001b812a70000]
CodeHeap 'profiled nmethods': size=119168Kb used=19593Kb max_used=19593Kb free=99574Kb
 bounds [0x000001b8041b0000, 0x000001b8054e0000, 0x000001b80b610000]
CodeHeap 'non-nmethods': size=7424Kb used=4059Kb max_used=4111Kb free=3364Kb
 bounds [0x000001b803a70000, 0x000001b803e80000, 0x000001b8041b0000]
 total_blobs=9960 nmethods=9067 adapters=802
 compilation: enabled
              stopped_count=0, restarted_count=0
 full_count=0

Compilation events (20 events):
Event: 6.049 Thread 0x000001b81d506000 9051       3       org.codehaus.groovy.reflection.CachedClass$3::initValue (5 bytes)
Event: 6.049 Thread 0x000001b81dbaf800 9052       3       org.codehaus.groovy.reflection.CachedClass$3$$Lambda$387/0x00000001004ea040::run (8 bytes)
Event: 6.049 Thread 0x000001b81bfa0800 9053   !   3       org.codehaus.groovy.reflection.CachedClass$3::lambda$initValue$4 (63 bytes)
Event: 6.049 Thread 0x000001b81b6d6000 9054       3       org.codehaus.groovy.reflection.CachedClass$3$$Lambda$390/0x00000001004eac40::get$Lambda (9 bytes)
Event: 6.049 Thread 0x000001b81d506000 nmethod 9051 0x000001b8054b8490 code [0x000001b8054b8640, 0x000001b8054b8768]
Event: 6.049 Thread 0x000001b81b6d6000 nmethod 9054 0x000001b8054b8810 code [0x000001b8054b89e0, 0x000001b8054b8c38]
Event: 6.049 Thread 0x000001b81dbaf800 nmethod 9052 0x000001b8054b8d10 code [0x000001b8054b8ec0, 0x000001b8054b8fe8]
Event: 6.049 Thread 0x000001b81b6d6000 9055       3       org.codehaus.groovy.reflection.CachedClass$3$$Lambda$390/0x00000001004eac40::<init> (10 bytes)
Event: 6.049 Thread 0x000001b81dbaf800 9057       3       org.codehaus.groovy.reflection.CachedClass$3::lambda$initValue$3 (5 bytes)
Event: 6.049 Thread 0x000001b81d506000 9056       3       org.codehaus.groovy.reflection.CachedClass$3$$Lambda$391/0x00000001004eb040::apply (5 bytes)
Event: 6.050 Thread 0x000001b81dbaf800 nmethod 9057 0x000001b8054b9110 code [0x000001b8054b92c0, 0x000001b8054b9438]
Event: 6.050 Thread 0x000001b81d506000 nmethod 9056 0x000001b8054b9510 code [0x000001b8054b96c0, 0x000001b8054b98b8]
Event: 6.050 Thread 0x000001b81b6d6000 nmethod 9055 0x000001b8054b9990 code [0x000001b8054b9b40, 0x000001b8054b9cf8]
Event: 6.050 Thread 0x000001b81bfa0800 nmethod 9053 0x000001b8054b9d90 code [0x000001b8054ba1a0, 0x000001b8054bbf18]
Event: 6.057 Thread 0x000001b81dbaf800 9061       3       com.sun.beans.introspect.PropertyInfo::get (495 bytes)
Event: 6.059 Thread 0x000001b81d506000 9062       3       java.beans.PropertyDescriptor::<init> (112 bytes)
Event: 6.059 Thread 0x000001b81b6d6000 9063   !   3       java.beans.PropertyDescriptor::updateGenericsFor (37 bytes)
Event: 6.059 Thread 0x000001b81d506000 nmethod 9062 0x000001b8054bca90 code [0x000001b8054bccc0, 0x000001b8054bd3e8]
Event: 6.059 Thread 0x000001b81b6d6000 nmethod 9063 0x000001b8054bd690 code [0x000001b8054bd960, 0x000001b8054be9b8]
Event: 6.063 Thread 0x000001b81dbaf800 nmethod 9061 0x000001b8054bef10 code [0x000001b8054bfbe0, 0x000001b8054c8ac8]

GC Heap History (18 events):
Event: 0.365 GC heap before
{Heap before GC invocations=0 (full 0):
 garbage-first heap   total 260096K, used 29696K [0x0000000080000000, 0x0000000100000000)
  region size 1024K, 24 young (24576K), 0 survivors (0K)
 Metaspace       used 10114K, capacity 10342K, committed 10624K, reserved 1058816K
  class space    used 1023K, capacity 1107K, committed 1152K, reserved 1048576K
}
Event: 0.367 GC heap after
{Heap after GC invocations=1 (full 0):
 garbage-first heap   total 260096K, used 9370K [0x0000000080000000, 0x0000000100000000)
  region size 1024K, 3 young (3072K), 3 survivors (3072K)
 Metaspace       used 10114K, capacity 10342K, committed 10624K, reserved 1058816K
  class space    used 1023K, capacity 1107K, committed 1152K, reserved 1048576K
}
Event: 1.356 GC heap before
{Heap before GC invocations=1 (full 0):
 garbage-first heap   total 260096K, used 101530K [0x0000000080000000, 0x0000000100000000)
  region size 1024K, 93 young (95232K), 3 survivors (3072K)
 Metaspace       used 20754K, capacity 21137K, committed 21296K, reserved 1069056K
  class space    used 2478K, capacity 2634K, committed 2688K, reserved 1048576K
}
Event: 1.362 GC heap after
{Heap after GC invocations=2 (full 0):
 garbage-first heap   total 260096K, used 16577K [0x0000000080000000, 0x0000000100000000)
  region size 1024K, 11 young (11264K), 11 survivors (11264K)
 Metaspace       used 20754K, capacity 21137K, committed 21296K, reserved 1069056K
  class space    used 2478K, capacity 2634K, committed 2688K, reserved 1048576K
}
Event: 1.583 GC heap before
{Heap before GC invocations=3 (full 0):
 garbage-first heap   total 260096K, used 54465K [0x0000000080000000, 0x0000000100000000)
  region size 1024K, 48 young (49152K), 11 survivors (11264K)
 Metaspace       used 24392K, capacity 24959K, committed 25008K, reserved 1071104K
  class space    used 3072K, capacity 3299K, committed 3328K, reserved 1048576K
}
Event: 1.587 GC heap after
{Heap after GC invocations=4 (full 0):
 garbage-first heap   total 260096K, used 18163K [0x0000000080000000, 0x0000000100000000)
  region size 1024K, 2 young (2048K), 2 survivors (2048K)
 Metaspace       used 24392K, capacity 24959K, committed 25008K, reserved 1071104K
  class space    used 3072K, capacity 3299K, committed 3328K, reserved 1048576K
}
Event: 2.398 GC heap before
{Heap before GC invocations=4 (full 0):
 garbage-first heap   total 260096K, used 152307K [0x0000000080000000, 0x0000000100000000)
  region size 1024K, 107 young (109568K), 2 survivors (2048K)
 Metaspace       used 34800K, capacity 35830K, committed 35920K, reserved 1081344K
  class space    used 4662K, capacity 5070K, committed 5120K, reserved 1048576K
}
Event: 2.405 GC heap after
{Heap after GC invocations=5 (full 0):
 garbage-first heap   total 260096K, used 54222K [0x0000000080000000, 0x0000000100000000)
  region size 1024K, 11 young (11264K), 11 survivors (11264K)
 Metaspace       used 34800K, capacity 35830K, committed 35920K, reserved 1081344K
  class space    used 4662K, capacity 5070K, committed 5120K, reserved 1048576K
}
Event: 3.293 GC heap before
{Heap before GC invocations=6 (full 0):
 garbage-first heap   total 260096K, used 196558K [0x0000000080000000, 0x0000000100000000)
  region size 1024K, 127 young (130048K), 11 survivors (11264K)
 Metaspace       used 46867K, capacity 48199K, committed 48464K, reserved 1091584K
  class space    used 5877K, capacity 6364K, committed 6400K, reserved 1048576K
}
Event: 3.302 GC heap after
{Heap after GC invocations=7 (full 0):
 garbage-first heap   total 260096K, used 85464K [0x0000000080000000, 0x0000000100000000)
  region size 1024K, 16 young (16384K), 16 survivors (16384K)
 Metaspace       used 46867K, capacity 48199K, committed 48464K, reserved 1091584K
  class space    used 5877K, capacity 6364K, committed 6400K, reserved 1048576K
}
Event: 3.892 GC heap before
{Heap before GC invocations=7 (full 0):
 garbage-first heap   total 260096K, used 203224K [0x0000000080000000, 0x0000000100000000)
  region size 1024K, 126 young (129024K), 16 survivors (16384K)
 Metaspace       used 52529K, capacity 53977K, committed 54224K, reserved 1095680K
  class space    used 6702K, capacity 7275K, committed 7296K, reserved 1048576K
}
Event: 3.900 GC heap after
{Heap after GC invocations=8 (full 0):
 garbage-first heap   total 260096K, used 97806K [0x0000000080000000, 0x0000000100000000)
  region size 1024K, 15 young (15360K), 15 survivors (15360K)
 Metaspace       used 52529K, capacity 53977K, committed 54224K, reserved 1095680K
  class space    used 6702K, capacity 7275K, committed 7296K, reserved 1048576K
}
Event: 4.644 GC heap before
{Heap before GC invocations=8 (full 0):
 garbage-first heap   total 260096K, used 188942K [0x0000000080000000, 0x0000000100000000)
  region size 1024K, 97 young (99328K), 15 survivors (15360K)
 Metaspace       used 58456K, capacity 60144K, committed 60240K, reserved 1101824K
  class space    used 7492K, capacity 8150K, committed 8192K, reserved 1048576K
}
Event: 4.656 GC heap after
{Heap after GC invocations=9 (full 0):
 garbage-first heap   total 260096K, used 115906K [0x0000000080000000, 0x0000000100000000)
  region size 1024K, 15 young (15360K), 15 survivors (15360K)
 Metaspace       used 58456K, capacity 60144K, committed 60240K, reserved 1101824K
  class space    used 7492K, capacity 8150K, committed 8192K, reserved 1048576K
}
Event: 5.363 GC heap before
{Heap before GC invocations=10 (full 0):
 garbage-first heap   total 260096K, used 212162K [0x0000000080000000, 0x0000000100000000)
  region size 1024K, 102 young (104448K), 15 survivors (15360K)
 Metaspace       used 68825K, capacity 70743K, committed 70864K, reserved 1110016K
  class space    used 8800K, capacity 9571K, committed 9600K, reserved 1048576K
}
Event: 5.372 GC heap after
{Heap after GC invocations=11 (full 0):
 garbage-first heap   total 260096K, used 123869K [0x0000000080000000, 0x0000000100000000)
  region size 1024K, 7 young (7168K), 7 survivors (7168K)
 Metaspace       used 68825K, capacity 70743K, committed 70864K, reserved 1110016K
  class space    used 8800K, capacity 9571K, committed 9600K, reserved 1048576K
}
Event: 5.612 GC heap before
{Heap before GC invocations=11 (full 0):
 garbage-first heap   total 260096K, used 162781K [0x0000000080000000, 0x0000000100000000)
  region size 1024K, 46 young (47104K), 7 survivors (7168K)
 Metaspace       used 71888K, capacity 73864K, committed 74064K, reserved 1114112K
  class space    used 9177K, capacity 9939K, committed 9984K, reserved 1048576K
}
Event: 5.616 GC heap after
{Heap after GC invocations=12 (full 0):
 garbage-first heap   total 260096K, used 125983K [0x0000000080000000, 0x0000000100000000)
  region size 1024K, 9 young (9216K), 9 survivors (9216K)
 Metaspace       used 71888K, capacity 73864K, committed 74064K, reserved 1114112K
  class space    used 9177K, capacity 9939K, committed 9984K, reserved 1048576K
}

Deoptimization events (20 events):
Event: 5.959 Thread 0x000001b81e31b000 DEOPT PACKING pc=0x000001b80b6396e4 sp=0x00000016d00f74d0
Event: 5.959 Thread 0x000001b81e31b000 DEOPT UNPACKING pc=0x000001b803aba1af sp=0x00000016d00f7478 mode 2
Event: 5.959 Thread 0x000001b81e31b000 Uncommon trap: trap_request=0xffffffde fr.pc=0x000001b80b6396e4 relative=0x00000000000001c4
Event: 5.959 Thread 0x000001b81e31b000 Uncommon trap: reason=class_check action=maybe_recompile pc=0x000001b80b6396e4 method=java.lang.String.equals(Ljava/lang/Object;)Z @ 8 c2
Event: 5.959 Thread 0x000001b81e31b000 DEOPT PACKING pc=0x000001b80b6396e4 sp=0x00000016d00f74d0
Event: 5.959 Thread 0x000001b81e31b000 DEOPT UNPACKING pc=0x000001b803aba1af sp=0x00000016d00f7478 mode 2
Event: 5.988 Thread 0x000001b81e31b000 DEOPT PACKING pc=0x000001b8048479ab sp=0x00000016d00f8a30
Event: 5.988 Thread 0x000001b81e31b000 DEOPT UNPACKING pc=0x000001b803aba95e sp=0x00000016d00f7ed8 mode 0
Event: 6.010 Thread 0x000001b81e31b000 Uncommon trap: trap_request=0xffffff4d fr.pc=0x000001b80b806aec relative=0x000000000000032c
Event: 6.010 Thread 0x000001b81e31b000 Uncommon trap: reason=unstable_if action=reinterpret pc=0x000001b80b806aec method=java.util.StringJoiner.add(Ljava/lang/CharSequence;)Ljava/util/StringJoiner; @ 33 c2
Event: 6.010 Thread 0x000001b81e31b000 DEOPT PACKING pc=0x000001b80b806aec sp=0x00000016d00f4a50
Event: 6.010 Thread 0x000001b81e31b000 DEOPT UNPACKING pc=0x000001b803aba1af sp=0x00000016d00f4a00 mode 2
Event: 6.017 Thread 0x000001b81e31b000 Uncommon trap: trap_request=0xffffff4d fr.pc=0x000001b80b8f55e8 relative=0x0000000000000668
Event: 6.017 Thread 0x000001b81e31b000 Uncommon trap: reason=unstable_if action=reinterpret pc=0x000001b80b8f55e8 method=groovy.lang.MetaClassImpl.filterPropertyMethod(Ljava/lang/Object;ZZ)Ljava/lang/Object; @ 60 c2
Event: 6.017 Thread 0x000001b81e31b000 DEOPT PACKING pc=0x000001b80b8f55e8 sp=0x00000016d00f6ff0
Event: 6.017 Thread 0x000001b81e31b000 DEOPT UNPACKING pc=0x000001b803aba1af sp=0x00000016d00f6f50 mode 2
Event: 6.054 Thread 0x000001b81e31b000 Uncommon trap: trap_request=0xfffffff4 fr.pc=0x000001b80b917c7c relative=0x00000000000009dc
Event: 6.054 Thread 0x000001b81e31b000 Uncommon trap: reason=null_check action=make_not_entrant pc=0x000001b80b917c7c method=com.sun.beans.introspect.MethodInfo$MethodOrder.compare(Ljava/lang/reflect/Method;Ljava/lang/reflect/Method;)I @ 133 c2
Event: 6.054 Thread 0x000001b81e31b000 DEOPT PACKING pc=0x000001b80b917c7c sp=0x00000016d00f2800
Event: 6.054 Thread 0x000001b81e31b000 DEOPT UNPACKING pc=0x000001b803aba1af sp=0x00000016d00f2730 mode 2

Classes redefined (0 events):
No events

Internal exceptions (20 events):
Event: 6.010 Thread 0x000001b81e31b000 Exception <a 'java/lang/ClassNotFoundException'{0x000000008c56c0b0}: com/android/build/gradle/BaseExtensionCustomizer> (0x000000008c56c0b0) thrown at [src/hotspot/share/classfile/systemDictionary.cpp, line 230]
Event: 6.011 Thread 0x000001b81e31b000 Exception <a 'java/lang/ClassNotFoundException'{0x000000008c5e1520}: com/android/build/gradle/TestedExtensionCustomizer> (0x000000008c5e1520) thrown at [src/hotspot/share/classfile/systemDictionary.cpp, line 230]
Event: 6.012 Thread 0x000001b81e31b000 Exception <a 'java/lang/ClassNotFoundException'{0x000000008c418728}: com/android/build/gradle/AbstractAppExtensionCustomizer> (0x000000008c418728) thrown at [src/hotspot/share/classfile/systemDictionary.cpp, line 230]
Event: 6.012 Thread 0x000001b81e31b000 Exception <a 'java/lang/ClassNotFoundException'{0x000000008c44a140}: com/android/build/gradle/AppExtensionCustomizer> (0x000000008c44a140) thrown at [src/hotspot/share/classfile/systemDictionary.cpp, line 230]
Event: 6.012 Thread 0x000001b81e31b000 Exception <a 'java/lang/ClassNotFoundException'{0x000000008c47ea50}: com/android/build/gradle/internal/dsl/BaseAppModuleExtensionCustomizer> (0x000000008c47ea50) thrown at [src/hotspot/share/classfile/systemDictionary.cpp, line 230]
Event: 6.015 Thread 0x000001b81e31b000 Exception <a 'java/lang/ClassNotFoundException'{0x000000008c371d98}: com/android/build/gradle/internal/dsl/BaseAppModuleExtension_DecoratedCustomizer> (0x000000008c371d98) thrown at [src/hotspot/share/classfile/systemDictionary.cpp, line 230]
Event: 6.053 Thread 0x000001b81e31b000 Exception <a 'java/lang/ClassNotFoundException'{0x000000008b74cd28}: com/android/build/gradle/internal/dsl/DefaultConfig$AgpDecorated_DecoratedBeanInfo> (0x000000008b74cd28) thrown at [src/hotspot/share/classfile/systemDictionary.cpp, line 230]
Event: 6.053 Thread 0x000001b81e31b000 Exception <a 'java/lang/ClassNotFoundException'{0x000000008b76de38}: com/android/build/gradle/internal/dsl/DefaultConfig$AgpDecoratedBeanInfo> (0x000000008b76de38) thrown at [src/hotspot/share/classfile/systemDictionary.cpp, line 230]
Event: 6.053 Thread 0x000001b81e31b000 Exception <a 'java/lang/ClassNotFoundException'{0x000000008b78d728}: com/android/build/gradle/internal/dsl/DefaultConfigBeanInfo> (0x000000008b78d728) thrown at [src/hotspot/share/classfile/systemDictionary.cpp, line 230]
Event: 6.053 Thread 0x000001b81e31b000 Exception <a 'java/lang/ClassNotFoundException'{0x000000008b7ac830}: com/android/build/gradle/internal/dsl/BaseFlavorBeanInfo> (0x000000008b7ac830) thrown at [src/hotspot/share/classfile/systemDictionary.cpp, line 230]
Event: 6.054 Thread 0x000001b81e31b000 Exception <a 'java/lang/ClassNotFoundException'{0x000000008b7cb690}: com/android/builder/core/AbstractProductFlavorBeanInfo> (0x000000008b7cb690) thrown at [src/hotspot/share/classfile/systemDictionary.cpp, line 230]
Event: 6.054 Thread 0x000001b81e31b000 Exception <a 'java/lang/ClassNotFoundException'{0x000000008b7ea448}: com/android/builder/internal/BaseConfigImplBeanInfo> (0x000000008b7ea448) thrown at [src/hotspot/share/classfile/systemDictionary.cpp, line 230]
Event: 6.054 Thread 0x000001b81e31b000 Exception <a 'java/lang/ClassNotFoundException'{0x000000008b6097a8}: com/android/builder/internal/BaseConfigImplCustomizer> (0x000000008b6097a8) thrown at [src/hotspot/share/classfile/systemDictionary.cpp, line 230]
Event: 6.054 Thread 0x000001b81e31b000 Implicit null exception at 0x000001b80b917612 to 0x000001b80b917c68
Event: 6.056 Thread 0x000001b81e31b000 Exception <a 'java/lang/ClassNotFoundException'{0x000000008b647398}: com/android/builder/core/AbstractProductFlavorCustomizer> (0x000000008b647398) thrown at [src/hotspot/share/classfile/systemDictionary.cpp, line 230]
Event: 6.057 Thread 0x000001b81e31b000 Exception <a 'java/lang/ClassNotFoundException'{0x000000008b6a0e48}: com/android/build/gradle/internal/dsl/BaseFlavorCustomizer> (0x000000008b6a0e48) thrown at [src/hotspot/share/classfile/systemDictionary.cpp, line 230]
Event: 6.058 Thread 0x000001b81e31b000 Exception <a 'java/lang/ClassNotFoundException'{0x000000008b518e10}: com/android/build/gradle/internal/dsl/DefaultConfigCustomizer> (0x000000008b518e10) thrown at [src/hotspot/share/classfile/systemDictionary.cpp, line 230]
Event: 6.059 Thread 0x000001b81e31b000 Exception <a 'java/lang/ClassNotFoundException'{0x000000008b552278}: com/android/build/gradle/internal/dsl/DefaultConfig$AgpDecoratedCustomizer> (0x000000008b552278) thrown at [src/hotspot/share/classfile/systemDictionary.cpp, line 230]
Event: 6.060 Thread 0x000001b81e31b000 Exception <a 'java/lang/ClassNotFoundException'{0x000000008b5bb1f0}: com/android/build/gradle/internal/dsl/DefaultConfig$AgpDecorated_DecoratedCustomizer> (0x000000008b5bb1f0) thrown at [src/hotspot/share/classfile/systemDictionary.cpp, line 230]
Event: 6.065 Thread 0x000001b81e31b000 Exception <a 'java/lang/ClassNotFoundException'{0x000000008b32f408}: com/android/build/gradle/internal/dsl/ApplicationBuildFeaturesImpl_DecoratedBeanInfo> (0x000000008b32f408) thrown at [src/hotspot/share/classfile/systemDictionary.cpp, line 230]

Events (20 events):
Event: 6.059 loading class com/android/build/gradle/internal/dsl/DefaultConfig$AgpDecoratedCustomizer
Event: 6.059 loading class com/android/build/gradle/internal/dsl/DefaultConfig$AgpDecoratedCustomizer done
Event: 6.059 loading class com/android/build/gradle/internal/dsl/DefaultConfig$AgpDecoratedCustomizer
Event: 6.059 loading class com/android/build/gradle/internal/dsl/DefaultConfig$AgpDecoratedCustomizer done
Event: 6.059 loading class com/android/build/gradle/internal/dsl/DefaultConfig$AgpDecorated_DecoratedCustomizer
Event: 6.059 loading class com/android/build/gradle/internal/dsl/DefaultConfig$AgpDecorated_DecoratedCustomizer done
Event: 6.060 loading class com/android/build/gradle/internal/dsl/DefaultConfig$AgpDecorated_DecoratedCustomizer
Event: 6.060 loading class com/android/build/gradle/internal/dsl/DefaultConfig$AgpDecorated_DecoratedCustomizer done
Event: 6.062 loading class com/android/builder/core/DefaultApiVersion
Event: 6.062 loading class com/android/builder/core/DefaultApiVersion done
Event: 6.063 loading class groovy/runtime/metaclass/build_122h7z009ih01xuw9i2qbos2c$_run_closure1$_closure4MetaClass
Event: 6.063 loading class groovy/runtime/metaclass/build_122h7z009ih01xuw9i2qbos2c$_run_closure1$_closure4MetaClass done
Event: 6.064 loading class groovy/runtime/metaclass/com/android/build/gradle/internal/dsl/ApplicationBuildFeaturesImpl_DecoratedMetaClass
Event: 6.064 loading class groovy/runtime/metaclass/com/android/build/gradle/internal/dsl/ApplicationBuildFeaturesImpl_DecoratedMetaClass done
Event: 6.065 loading class com/android/build/gradle/internal/dsl/ApplicationBuildFeaturesImpl_DecoratedBeanInfo
Event: 6.065 loading class com/android/build/gradle/internal/dsl/ApplicationBuildFeaturesImpl_DecoratedBeanInfo done
Event: 6.065 loading class com/android/build/gradle/internal/dsl/ApplicationBuildFeaturesImpl_DecoratedBeanInfo
Event: 6.065 loading class com/android/build/gradle/internal/dsl/ApplicationBuildFeaturesImpl_DecoratedBeanInfo done
Event: 6.065 loading class com/android/build/gradle/internal/dsl/ApplicationBuildFeaturesImplBeanInfo
Event: 6.065 loading class com/android/build/gradle/internal/dsl/ApplicationBuildFeaturesImplBeanInfo done


Dynamic libraries:
0x00007ff7f0b20000 - 0x00007ff7f0b2a000 	C:\Program Files\Android\Android Studio\jbr\bin\java.exe
0x00007ff8a1f10000 - 0x00007ff8a2108000 	C:\WINDOWS\SYSTEM32\ntdll.dll
0x00007ff8a0380000 - 0x00007ff8a0442000 	C:\WINDOWS\System32\KERNEL32.DLL
0x00007ff89fab0000 - 0x00007ff89fdaf000 	C:\WINDOWS\System32\KERNELBASE.dll
0x00007ff89f820000 - 0x00007ff89f920000 	C:\WINDOWS\System32\ucrtbase.dll
0x00007ff890940000 - 0x00007ff890957000 	C:\Program Files\Android\Android Studio\jbr\bin\jli.dll
0x00007ff890920000 - 0x00007ff89093b000 	C:\Program Files\Android\Android Studio\jbr\bin\VCRUNTIME140.dll
0x00007ff8a0950000 - 0x00007ff8a0aed000 	C:\WINDOWS\System32\USER32.dll
0x00007ff89f950000 - 0x00007ff89f972000 	C:\WINDOWS\System32\win32u.dll
0x00007ff88c120000 - 0x00007ff88c3ba000 	C:\WINDOWS\WinSxS\amd64_microsoft.windows.common-controls_6595b64144ccf1df_6.0.19041.4355_none_60b8b9eb71f62e16\COMCTL32.dll
0x00007ff8a1460000 - 0x00007ff8a148b000 	C:\WINDOWS\System32\GDI32.dll
0x00007ff89ffa0000 - 0x00007ff8a003e000 	C:\WINDOWS\System32\msvcrt.dll
0x00007ff89fdb0000 - 0x00007ff89fec7000 	C:\WINDOWS\System32\gdi32full.dll
0x00007ff89fa10000 - 0x00007ff89faad000 	C:\WINDOWS\System32\msvcp_win.dll
0x00007ff8a1490000 - 0x00007ff8a14bf000 	C:\WINDOWS\System32\IMM32.DLL
0x00007ff8907a0000 - 0x00007ff8907ac000 	C:\Program Files\Android\Android Studio\jbr\bin\vcruntime140_1.dll
0x00007ff8787c0000 - 0x00007ff87884d000 	C:\Program Files\Android\Android Studio\jbr\bin\msvcp140.dll
0x00007ff80be30000 - 0x00007ff80c9ec000 	C:\Program Files\Android\Android Studio\jbr\bin\server\jvm.dll
0x00007ff8a15c0000 - 0x00007ff8a1671000 	C:\WINDOWS\System32\ADVAPI32.dll
0x00007ff8a14c0000 - 0x00007ff8a155f000 	C:\WINDOWS\System32\sechost.dll
0x00007ff8a0250000 - 0x00007ff8a0373000 	C:\WINDOWS\System32\RPCRT4.dll
0x00007ff89f920000 - 0x00007ff89f947000 	C:\WINDOWS\System32\bcrypt.dll
0x00007ff8a13f0000 - 0x00007ff8a13f8000 	C:\WINDOWS\System32\PSAPI.DLL
0x00007ff8986c0000 - 0x00007ff8986c9000 	C:\WINDOWS\SYSTEM32\WSOCK32.dll
0x00007ff8965d0000 - 0x00007ff8965f7000 	C:\WINDOWS\SYSTEM32\WINMM.dll
0x00007ff8996b0000 - 0x00007ff8996ba000 	C:\WINDOWS\SYSTEM32\VERSION.dll
0x00007ff8a1690000 - 0x00007ff8a16fb000 	C:\WINDOWS\System32\WS2_32.dll
0x00007ff89d440000 - 0x00007ff89d452000 	C:\WINDOWS\SYSTEM32\kernel.appcore.dll
0x00007ff89ca70000 - 0x00007ff89ca80000 	C:\Program Files\Android\Android Studio\jbr\bin\verify.dll
0x00007ff895c90000 - 0x00007ff895e74000 	C:\WINDOWS\SYSTEM32\DBGHELP.DLL
0x00007ff881e60000 - 0x00007ff881e94000 	C:\WINDOWS\SYSTEM32\dbgcore.DLL
0x00007ff89f980000 - 0x00007ff89fa02000 	C:\WINDOWS\System32\bcryptPrimitives.dll
0x00007ff893000000 - 0x00007ff893028000 	C:\Program Files\Android\Android Studio\jbr\bin\java.dll
0x00007ff89b300000 - 0x00007ff89b30a000 	C:\Program Files\Android\Android Studio\jbr\bin\jimage.dll
0x00007ff892fe0000 - 0x00007ff892ff8000 	C:\Program Files\Android\Android Studio\jbr\bin\zip.dll
0x00007ff8a0af0000 - 0x00007ff8a125e000 	C:\WINDOWS\System32\SHELL32.dll
0x00007ff89d640000 - 0x00007ff89dde4000 	C:\WINDOWS\SYSTEM32\windows.storage.dll
0x00007ff8a05f0000 - 0x00007ff8a0945000 	C:\WINDOWS\System32\combase.dll
0x00007ff89efd0000 - 0x00007ff89efff000 	C:\WINDOWS\SYSTEM32\Wldp.dll
0x00007ff8a1260000 - 0x00007ff8a132d000 	C:\WINDOWS\System32\OLEAUT32.dll
0x00007ff8a1330000 - 0x00007ff8a13dd000 	C:\WINDOWS\System32\SHCORE.dll
0x00007ff8a1400000 - 0x00007ff8a1455000 	C:\WINDOWS\System32\shlwapi.dll
0x00007ff89f4d0000 - 0x00007ff89f4f4000 	C:\WINDOWS\SYSTEM32\profapi.dll
0x00007ff8903e0000 - 0x00007ff8903f9000 	C:\Program Files\Android\Android Studio\jbr\bin\net.dll
0x00007ff899810000 - 0x00007ff89991d000 	C:\WINDOWS\SYSTEM32\WINHTTP.dll
0x00007ff89ed30000 - 0x00007ff89ed9a000 	C:\WINDOWS\system32\mswsock.dll
0x00007ff8903c0000 - 0x00007ff8903d3000 	C:\Program Files\Android\Android Studio\jbr\bin\nio.dll
0x00007ff890960000 - 0x00007ff890987000 	C:\Users\Saya\.gradle\native\e1d6ef7f7dcc3fd88c89a11ec53ec762bb8ba0a96d01ffa2cd45eb1d1d8dd5c5\windows-amd64\native-platform.dll
0x00007ff869ce0000 - 0x00007ff869e24000 	C:\Users\Saya\.gradle\native\0d407fdbe67a94daf76414ababcb853783967236a71b16ec16e742cd7a986fd3\windows-amd64\native-platform-file-events.dll
0x00007ff89a860000 - 0x00007ff89a86a000 	C:\Program Files\Android\Android Studio\jbr\bin\management.dll
0x00007ff89a290000 - 0x00007ff89a29b000 	C:\Program Files\Android\Android Studio\jbr\bin\management_ext.dll
0x00007ff89ef20000 - 0x00007ff89ef38000 	C:\WINDOWS\SYSTEM32\CRYPTSP.dll
0x00007ff89e5e0000 - 0x00007ff89e614000 	C:\WINDOWS\system32\rsaenh.dll
0x00007ff89f450000 - 0x00007ff89f47e000 	C:\WINDOWS\SYSTEM32\USERENV.dll
0x00007ff89ef40000 - 0x00007ff89ef4c000 	C:\WINDOWS\SYSTEM32\CRYPTBASE.dll
0x00007ff89e9c0000 - 0x00007ff89e9fb000 	C:\WINDOWS\SYSTEM32\IPHLPAPI.DLL
0x00007ff8a1680000 - 0x00007ff8a1688000 	C:\WINDOWS\System32\NSI.dll
0x00007ff89a2c0000 - 0x00007ff89a2d7000 	C:\WINDOWS\SYSTEM32\dhcpcsvc6.DLL
0x00007ff89a1f0000 - 0x00007ff89a20d000 	C:\WINDOWS\SYSTEM32\dhcpcsvc.DLL
0x00007ff89ea10000 - 0x00007ff89eada000 	C:\WINDOWS\SYSTEM32\DNSAPI.dll

dbghelp: loaded successfully - version: 4.0.5 - missing functions: none
symbol engine: initialized successfully - sym options: 0x614 - pdb path: .;C:\Program Files\Android\Android Studio\jbr\bin;C:\WINDOWS\SYSTEM32;C:\WINDOWS\WinSxS\amd64_microsoft.windows.common-controls_6595b64144ccf1df_6.0.19041.4355_none_60b8b9eb71f62e16;C:\Program Files\Android\Android Studio\jbr\bin\server;C:\Users\Saya\.gradle\native\e1d6ef7f7dcc3fd88c89a11ec53ec762bb8ba0a96d01ffa2cd45eb1d1d8dd5c5\windows-amd64;C:\Users\Saya\.gradle\native\0d407fdbe67a94daf76414ababcb853783967236a71b16ec16e742cd7a986fd3\windows-amd64

VM Arguments:
jvm_args: --add-opens=java.base/java.util=ALL-UNNAMED --add-opens=java.base/java.lang=ALL-UNNAMED --add-opens=java.base/java.lang.invoke=ALL-UNNAMED --add-opens=java.base/java.util=ALL-UNNAMED --add-opens=java.prefs/java.util.prefs=ALL-UNNAMED --add-opens=java.prefs/java.util.prefs=ALL-UNNAMED --add-opens=java.base/java.nio.charset=ALL-UNNAMED --add-opens=java.base/java.net=ALL-UNNAMED --add-opens=java.base/java.util.concurrent.atomic=ALL-UNNAMED -Xmx2048m -Dfile.encoding=UTF-8 -Duser.country=ID -Duser.language=en -Duser.variant 
java_command: org.gradle.launcher.daemon.bootstrap.GradleDaemon 7.5
java_class_path (initial): C:\Users\Saya\.gradle\wrapper\dists\gradle-7.5-bin\f1w0cc9nuo0eivz97x2xlu9sv\gradle-7.5\lib\gradle-launcher-7.5.jar
Launcher Type: SUN_STANDARD

[Global flags]
     intx CICompilerCount                          = 12                                        {product} {ergonomic}
     uint ConcGCThreads                            = 3                                         {product} {ergonomic}
     uint G1ConcRefinementThreads                  = 13                                        {product} {ergonomic}
   size_t G1HeapRegionSize                         = 1048576                                   {product} {ergonomic}
    uintx GCDrainStackTargetSize                   = 64                                        {product} {ergonomic}
   size_t InitialHeapSize                          = 266338304                                 {product} {ergonomic}
   size_t MarkStackSize                            = 4194304                                   {product} {ergonomic}
   size_t MaxHeapSize                              = 2147483648                                {product} {command line}
   size_t MaxNewSize                               = 1287651328                                {product} {ergonomic}
   size_t MinHeapDeltaBytes                        = 1048576                                   {product} {ergonomic}
    uintx NonNMethodCodeHeapSize                   = 7594288                                {pd product} {ergonomic}
    uintx NonProfiledCodeHeapSize                  = 122031976                              {pd product} {ergonomic}
    uintx ProfiledCodeHeapSize                     = 122031976                              {pd product} {ergonomic}
    uintx ReservedCodeCacheSize                    = 251658240                              {pd product} {ergonomic}
     bool SegmentedCodeCache                       = true                                      {product} {ergonomic}
     bool UseCompressedClassPointers               = true                                 {lp64_product} {ergonomic}
     bool UseCompressedOops                        = true                                 {lp64_product} {ergonomic}
     bool UseG1GC                                  = true                                      {product} {ergonomic}
     bool UseLargePagesIndividualAllocation        = false                                  {pd product} {ergonomic}

Logging:
Log output configuration:
 #0: stdout all=warning uptime,level,tags
 #1: stderr all=off uptime,level,tags

Environment Variables:
PATH=C:\Program Files\Common Files\Oracle\Java\javapath;C:\Program Files (x86)\VMware\VMware Workstation\bin\;C:\WINDOWS\system32;C:\WINDOWS;C:\WINDOWS\System32\Wbem;C:\WINDOWS\System32\WindowsPowerShell\v1.0\;C:\WINDOWS\System32\OpenSSH\;C:\Program Files\Microsoft SQL Server\150\Tools\Binn\;C:\Program Files\Microsoft SQL Server\Client SDK\ODBC\170\Tools\Binn\;C:\Program Files\dotnet\;C:\Program Files (x86)\Microsoft SQL Server\160\Tools\Binn\;C:\Program Files\Microsoft SQL Server\160\Tools\Binn\;C:\Program Files\Microsoft SQL Server\160\DTS\Binn\;C:\Program Files (x86)\Microsoft SQL Server\160\DTS\Binn\;C:\Program Files\Azure Data Studio\bin;C:\Program Files\nodejs\;C:\Program Files\Git\cmd;C:\Users\Saya\AppData\Local\Microsoft\WindowsApps;C:\Users\Saya\.dotnet\tools;C:\Program Files\Azure Data Studio\bin;C:\Users\Saya\AppData\Local\Programs\Microsoft VS Code\bin;C:\Program Files\JetBrains\IntelliJ IDEA Community Edition 2023.2.3\bin;;C:\Users\Saya\AppData\Roaming\npm;C:\Users\Saya\AppData\Local\GitHubDesktop\bin
USERNAME=Saya
OS=Windows_NT
PROCESSOR_IDENTIFIER=Intel64 Family 6 Model 165 Stepping 5, GenuineIntel



---------------  S Y S T E M  ---------------

OS: Windows 10 , 64 bit Build 19041 (10.0.19041.5198)
OS uptime: 0 days 23:03 hours

CPU:total 16 (initial active 16) (8 cores per cpu, 2 threads per core) family 6 model 165 stepping 5 microcode 0xe2, cmov, cx8, fxsr, mmx, sse, sse2, sse3, ssse3, sse4.1, sse4.2, popcnt, avx, avx2, aes, clmul, erms, 3dnowpref, lzcnt, ht, tsc, tscinvbit, bmi1, bmi2, adx, fma

Memory: 4k page, system-wide physical 16244M (2010M free)
TotalPageFile size 24244M (AvailPageFile size 5M)
current process WorkingSet (physical memory assigned to process): 507M, peak: 508M
current process commit charge ("private bytes"): 572M, peak: 574M

vm_info: OpenJDK 64-Bit Server VM (11.0.15+0-b2043.56-9505619) for windows-amd64 JRE (11.0.15+0-b2043.56-9505619), built on Jan 19 2023 02:48:00 by "builduser" with unknown MS VC++:1929

END.
