#
# There is insufficient memory for the Java Runtime Environment to continue.
# Native memory allocation (mmap) failed to map 228589568 bytes. Error detail: G1 virtual space
# Possible reasons:
#   The system is out of physical RAM or swap space
#   This process is running with CompressedOops enabled, and the Java Heap may be blocking the growth of the native heap
# Possible solutions:
#   Reduce memory load on the system
#   Increase physical memory or swap space
#   Check if swap backing store is full
#   Decrease Java heap size (-Xmx/-Xms)
#   Decrease number of Java threads
#   Decrease Java thread stack sizes (-Xss)
#   Set larger code cache with -XX:ReservedCodeCacheSize=
#   JVM is running with Unscaled Compressed Oops mode in which the Java heap is
#     placed in the first 4GB address space. The Java Heap base address is the
#     maximum limit for the native heap growth. Please use -XX:HeapBaseMinAddress
#     to set the Java Heap base and to place the Java Heap above 4GB virtual address.
# This output file may be truncated or incomplete.
#
#  Out of Memory Error (os_windows.cpp:3828), pid=30672, tid=19016
#
# JRE version: OpenJDK Runtime Environment (21.0.4) (build 21.0.4+-12508038-b607.1)
# Java VM: OpenJDK 64-Bit Server VM (21.0.4+-12508038-b607.1, mixed mode, tiered, compressed oops, compressed class ptrs, g1 gc, windows-amd64)
# No core dump will be written. Minidumps are not enabled by default on client versions of Windows
#

---------------  S U M M A R Y ------------

Command Line: --add-opens=java.base/java.util=ALL-UNNAMED --add-opens=java.base/java.lang=ALL-UNNAMED --add-opens=java.base/java.lang.invoke=ALL-UNNAMED --add-opens=java.prefs/java.util.prefs=ALL-UNNAMED --add-opens=java.base/java.nio.charset=ALL-UNNAMED --add-opens=java.base/java.net=ALL-UNNAMED --add-opens=java.base/java.util.concurrent.atomic=ALL-UNNAMED -Xmx2048m -Dfile.encoding=UTF-8 -Duser.country=ID -Duser.language=en -Duser.variant -javaagent:C:\Users\Saya\.gradle\wrapper\dists\gradle-8.5-bin\5t9huq95ubn472n8rpzujfbqh\gradle-8.5\lib\agents\gradle-instrumentation-agent-8.5.jar org.gradle.launcher.daemon.bootstrap.GradleDaemon 8.5

Host: Intel(R) Core(TM) i7-10700F CPU @ 2.90GHz, 16 cores, 15G,  Windows 10 , 64 bit Build 19041 (10.0.19041.5198)
Time: Wed Feb 12 13:40:13 2025 SE Asia Standard Time elapsed time: 677.667794 seconds (0d 0h 11m 17s)

---------------  T H R E A D  ---------------

Current thread (0x00000183aef9b6f0):  VMThread "VM Thread"          [id=19016, stack(0x0000007713900000,0x0000007713a00000) (1024K)]

Stack: [0x0000007713900000,0x0000007713a00000]
Native frames: (J=compiled Java code, j=interpreted, Vv=VM code, C=native code)
V  [jvm.dll+0x6ce539]
V  [jvm.dll+0x85bf03]
V  [jvm.dll+0x85e45e]
V  [jvm.dll+0x85eb43]
V  [jvm.dll+0x27dd06]
V  [jvm.dll+0x6cada5]
V  [jvm.dll+0x6bf27a]
V  [jvm.dll+0x3541fb]
V  [jvm.dll+0x35be36]
V  [jvm.dll+0x3adbc6]
V  [jvm.dll+0x3ade98]
V  [jvm.dll+0x32691c]
V  [jvm.dll+0x3269a7]
V  [jvm.dll+0x36c78c]
V  [jvm.dll+0x36af3e]
V  [jvm.dll+0x326071]
V  [jvm.dll+0x36a650]
V  [jvm.dll+0x8648c8]
V  [jvm.dll+0x865c44]
V  [jvm.dll+0x866180]
V  [jvm.dll+0x866413]
V  [jvm.dll+0x804418]
V  [jvm.dll+0x6cce0d]
C  [ucrtbase.dll+0x21bb2]
C  [KERNEL32.DLL+0x17374]
C  [ntdll.dll+0x4cc91]

VM_Operation (0x0000007717cf8ee0): G1CollectForAllocation, mode: safepoint, requested by thread 0x00000183b5a61d70


---------------  P R O C E S S  ---------------

Threads class SMR info:
_java_thread_list=0x00000183c37e0770, length=254, elements={
0x0000018394bd33b0, 0x00000183aefee390, 0x00000183aefefe00, 0x00000183aeff0860,
0x00000183aeffd350, 0x00000183aeffddb0, 0x00000183aeffe810, 0x00000183aeffffc0,
0x00000183af015310, 0x00000183af1939e0, 0x00000183af4bbd50, 0x00000183b4ea9980,
0x00000183b4525c90, 0x00000183b5022030, 0x00000183b4feb0e0, 0x00000183b4b69330,
0x00000183b4c255c0, 0x00000183b4c24210, 0x00000183b4c248a0, 0x00000183b4c22140,
0x00000183b4c227d0, 0x00000183b7c27e10, 0x00000183b7c2eda0, 0x00000183b7c29850,
0x00000183b7c2b290, 0x00000183b7c2b920, 0x00000183b7c2c640, 0x00000183b7c2ccd0,
0x00000183b7c2ac00, 0x00000183b7c2bfb0, 0x00000183bc05e840, 0x00000183bc064ab0,
0x00000183b8bd8c50, 0x00000183b8bdcdf0, 0x00000183b8bd92e0, 0x00000183b8bda000,
0x00000183b7c2d9f0, 0x00000183b491f820, 0x00000183b491a2d0, 0x00000183b491f190,
0x00000183bb71b200, 0x00000183bb715cb0, 0x00000183c42c37c0, 0x00000183c42c3e50,
0x00000183c42c44e0, 0x00000183c42c3130, 0x00000183bcc2c730, 0x00000183bcc2e800,
0x00000183bcc2cdc0, 0x00000183bcc2d450, 0x00000183bcc2dae0, 0x00000183bcc2e170,
0x00000183bcc2ee90, 0x00000183bcc2ba10, 0x00000183bcc2c0a0, 0x00000183b5a62a90,
0x00000183b5a644d0, 0x00000183b5a62400, 0x00000183b5a61050, 0x00000183b5a61d70,
0x00000183b5a63120, 0x00000183b5a637b0, 0x00000183b5a616e0, 0x00000183c2b7f1c0,
0x00000183c2b80570, 0x00000183ba6af1d0, 0x00000183bc7bda90, 0x00000183c4c87070,
0x00000183b86bed10, 0x00000183bafc92e0, 0x00000183bafc8c50, 0x00000183bafc85c0,
0x00000183bafc9970, 0x00000183bafc78a0, 0x00000183bafca000, 0x00000183b453c9c0,
0x00000183b453af80, 0x00000183b453b610, 0x00000183b453a260, 0x00000183b453bca0,
0x00000183b453c330, 0x00000183b453d050, 0x00000183b4539bd0, 0x00000183b453a8f0,
0x00000183b6945090, 0x00000183c31f2fb0, 0x00000183c31f3cd0, 0x00000183c31f2920,
0x00000183c3f57a10, 0x00000183c3f55940, 0x00000183c3f56cf0, 0x00000183c3f56660,
0x00000183c3f57380, 0x00000183c3f58730, 0x00000183b48bba10, 0x00000183b48bc0a0,
0x00000183b48ba660, 0x00000183b48bcdc0, 0x00000183b48bacf0, 0x00000183b48bd450,
0x00000183c3f580a0, 0x00000183c3f552b0, 0x00000183c3f55fd0, 0x00000183b44bb660,
0x00000183b44ba2b0, 0x00000183b44b8f00, 0x00000183b44ba940, 0x00000183b5da1740,
0x00000183b5da5250, 0x00000183b5da2af0, 0x00000183c35f6070, 0x00000183c35f3fa0,
0x00000183c35f4630, 0x00000183bb889a30, 0x00000183bb88ade0, 0x00000183bb888d10,
0x00000183bb8893a0, 0x00000183bb88a0c0, 0x00000183bb88bb00, 0x00000183bb88a750,
0x00000183bb88b470, 0x00000183c13dee80, 0x00000183b76110d0, 0x00000183bc32a3d0,
0x00000183b8f936a0, 0x00000183b8f943c0, 0x00000183b8f950e0, 0x00000183bafca690,
0x00000183c47eb7a0, 0x00000183c47ebe30, 0x00000183c47e9d60, 0x00000183c47e96d0,
0x00000183c47ea3f0, 0x00000183c47eaa80, 0x00000183c47eb110, 0x00000183c47ec4c0,
0x00000183c47e9040, 0x00000183c2c3a120, 0x00000183c2c3a7b0, 0x00000183c2c3ae40,
0x00000183bc670a40, 0x00000183bc676cb0, 0x00000183bc676620, 0x00000183bc672b10,
0x00000183bc6731a0, 0x00000183bc673830, 0x00000183bc673ec0, 0x00000183bc675900,
0x00000183bc66fd20, 0x00000183bc675f90, 0x00000183c4947d60, 0x00000183c49476d0,
0x00000183b8f94a50, 0x00000183b8f93d30, 0x00000183b8f91c60, 0x00000183c4569820,
0x00000183c4567750, 0x00000183c45663a0, 0x00000183c4567de0, 0x00000183c4566a30,
0x00000183c45670c0, 0x00000183c4568b00, 0x00000183c4568470, 0x00000183c4569190,
0x00000183b7608090, 0x00000183b7608720, 0x00000183b7608db0, 0x00000183b760a160,
0x00000183b760b510, 0x00000183b7609440, 0x00000183b8f922f0, 0x00000183bc67a7c0,
0x00000183bc6786f0, 0x00000183bc67ae50, 0x00000183bc67b4e0, 0x00000183bc679410,
0x00000183bc678060, 0x00000183bc674550, 0x00000183bc67a130, 0x00000183bc678d80,
0x00000183bc67bb70, 0x00000183bc67c200, 0x00000183bc67c890, 0x00000183bc677340,
0x00000183bc67cf20, 0x00000183bc67d5b0, 0x00000183bc67e2d0, 0x00000183bc6779d0,
0x00000183bc67dc40, 0x00000183bc67e960, 0x00000183bc67eff0, 0x00000183bb717060,
0x00000183bb715620, 0x00000183bb71a4e0, 0x00000183bb71ab70, 0x00000183bb714900,
0x00000183bb714270, 0x00000183bb71b890, 0x00000183bb717d80, 0x00000183bb716340,
0x00000183c1bdb5f0, 0x00000183c1bda8d0, 0x00000183c1bd9520, 0x00000183c1bdaf60,
0x00000183c1bd9bb0, 0x00000183c1bd8e90, 0x00000183c1bda240, 0x00000183c384c590,
0x00000183c4945600, 0x00000183c49469b0, 0x00000183c49483f0, 0x00000183c4947040,
0x00000183c4945c90, 0x00000183c4944f70, 0x00000183b5a63e40, 0x00000183b461fbf0,
0x00000183b4620280, 0x00000183b461f560, 0x00000183b461e1b0, 0x00000183b461e840,
0x00000183b4620fa0, 0x00000183b461eed0, 0x00000183c3148f80, 0x00000183c3146eb0,
0x00000183c3147540, 0x00000183c3146820, 0x00000183c3145b00, 0x00000183c3146190,
0x00000183c3147bd0, 0x00000183c3148260, 0x00000183b6945db0, 0x00000183b6944a00,
0x00000183b6945720, 0x00000183b6946440, 0x00000183b6943ce0, 0x00000183b6946ad0,
0x00000183c3daf080, 0x00000183c3dae9f0, 0x00000183c3dadcd0, 0x00000183c21dd490,
0x00000183c21dce00, 0x00000183c21dba50, 0x00000183c2c3b4d0, 0x00000183c2c3bb60,
0x00000183c2c3cf10, 0x00000183bb714f90, 0x00000183bb7176f0, 0x00000183bb7169d0,
0x00000183c36abee0, 0x00000183b85e0330, 0x00000183cd118850, 0x00000183b65c7030,
0x00000183b65c6960, 0x00000183bb992d00
}

Java Threads: ( => current thread )
  0x0000018394bd33b0 JavaThread "main"                              [_thread_blocked, id=20696, stack(0x0000007713200000,0x0000007713300000) (1024K)]
  0x00000183aefee390 JavaThread "Reference Handler"          daemon [_thread_blocked, id=27556, stack(0x0000007713a00000,0x0000007713b00000) (1024K)]
  0x00000183aefefe00 JavaThread "Finalizer"                  daemon [_thread_blocked, id=32588, stack(0x0000007713b00000,0x0000007713c00000) (1024K)]
  0x00000183aeff0860 JavaThread "Signal Dispatcher"          daemon [_thread_blocked, id=11536, stack(0x0000007713c00000,0x0000007713d00000) (1024K)]
  0x00000183aeffd350 JavaThread "Attach Listener"            daemon [_thread_blocked, id=33692, stack(0x0000007713d00000,0x0000007713e00000) (1024K)]
  0x00000183aeffddb0 JavaThread "Service Thread"             daemon [_thread_blocked, id=7340, stack(0x0000007713e00000,0x0000007713f00000) (1024K)]
  0x00000183aeffe810 JavaThread "Monitor Deflation Thread"   daemon [_thread_blocked, id=21712, stack(0x0000007713f00000,0x0000007714000000) (1024K)]
  0x00000183aeffffc0 JavaThread "C2 CompilerThread0"         daemon [_thread_blocked, id=24284, stack(0x0000007714000000,0x0000007714100000) (1024K)]
  0x00000183af015310 JavaThread "C1 CompilerThread0"         daemon [_thread_blocked, id=13728, stack(0x0000007714100000,0x0000007714200000) (1024K)]
  0x00000183af1939e0 JavaThread "Common-Cleaner"             daemon [_thread_blocked, id=22168, stack(0x0000007714200000,0x0000007714300000) (1024K)]
  0x00000183af4bbd50 JavaThread "Notification Thread"        daemon [_thread_blocked, id=11324, stack(0x0000007714500000,0x0000007714600000) (1024K)]
  0x00000183b4ea9980 JavaThread "Daemon health stats"               [_thread_blocked, id=22988, stack(0x0000007714e00000,0x0000007714f00000) (1024K)]
  0x00000183b4525c90 JavaThread "Incoming local TCP Connector on port 51787"        [_thread_in_native, id=34552, stack(0x0000007714f00000,0x0000007715000000) (1024K)]
  0x00000183b5022030 JavaThread "Daemon periodic checks"            [_thread_blocked, id=20488, stack(0x0000007715000000,0x0000007715100000) (1024K)]
  0x00000183b4feb0e0 JavaThread "Daemon"                            [_thread_blocked, id=11520, stack(0x0000007715100000,0x0000007715200000) (1024K)]
  0x00000183b4b69330 JavaThread "Daemon worker"                     [_thread_blocked, id=1512, stack(0x0000007715400000,0x0000007715500000) (1024K)]
  0x00000183b4c255c0 JavaThread "Cache worker for journal cache (C:\Users\Saya\.gradle\caches\journal-1)"        [_thread_blocked, id=8624, stack(0x0000007716100000,0x0000007716200000) (1024K)]
  0x00000183b4c24210 JavaThread "File lock request listener"        [_thread_in_native, id=26828, stack(0x0000007716200000,0x0000007716300000) (1024K)]
  0x00000183b4c248a0 JavaThread "Cache worker for file hash cache (C:\Users\Saya\.gradle\caches\8.5\fileHashes)"        [_thread_blocked, id=3100, stack(0x0000007716300000,0x0000007716400000) (1024K)]
  0x00000183b4c22140 JavaThread "File watcher server"        daemon [_thread_blocked, id=33812, stack(0x0000007716600000,0x0000007716700000) (1024K)]
  0x00000183b4c227d0 JavaThread "File watcher consumer"      daemon [_thread_blocked, id=25048, stack(0x0000007716700000,0x0000007716800000) (1024K)]
  0x00000183b7c27e10 JavaThread "Cache worker for file content cache (C:\Users\Saya\.gradle\caches\8.5\fileContent)"        [_thread_blocked, id=20384, stack(0x0000007716c00000,0x0000007716d00000) (1024K)]
  0x00000183b7c2eda0 JavaThread "Cache worker for execution history cache (C:\Users\Saya\.gradle\caches\8.5\executionHistory)"        [_thread_blocked, id=20640, stack(0x0000007716d00000,0x0000007716e00000) (1024K)]
  0x00000183b7c29850 JavaThread "jar transforms"                    [_thread_blocked, id=7536, stack(0x0000007717100000,0x0000007717200000) (1024K)]
  0x00000183b7c2b290 JavaThread "jar transforms Thread 2"           [_thread_blocked, id=32688, stack(0x0000007717200000,0x0000007717300000) (1024K)]
  0x00000183b7c2b920 JavaThread "jar transforms Thread 3"           [_thread_blocked, id=30636, stack(0x0000007717300000,0x0000007717400000) (1024K)]
  0x00000183b7c2c640 JavaThread "jar transforms Thread 4"           [_thread_blocked, id=34812, stack(0x0000007717400000,0x0000007717500000) (1024K)]
  0x00000183b7c2ccd0 JavaThread "jar transforms Thread 5"           [_thread_blocked, id=30168, stack(0x0000007717500000,0x0000007717600000) (1024K)]
  0x00000183b7c2ac00 JavaThread "jar transforms Thread 6"           [_thread_blocked, id=27700, stack(0x0000007717600000,0x0000007717700000) (1024K)]
  0x00000183b7c2bfb0 JavaThread "jar transforms Thread 7"           [_thread_blocked, id=12676, stack(0x0000007717700000,0x0000007717800000) (1024K)]
  0x00000183bc05e840 JavaThread "jar transforms Thread 8"           [_thread_blocked, id=7660, stack(0x0000007717800000,0x0000007717900000) (1024K)]
  0x00000183bc064ab0 JavaThread "jar transforms Thread 9"           [_thread_blocked, id=29900, stack(0x0000007717a00000,0x0000007717b00000) (1024K)]
  0x00000183b8bd8c50 JavaThread "jar transforms Thread 10"          [_thread_blocked, id=34772, stack(0x0000007712f00000,0x0000007713000000) (1024K)]
  0x00000183b8bdcdf0 JavaThread "jar transforms Thread 11"          [_thread_blocked, id=29412, stack(0x0000007713000000,0x0000007713100000) (1024K)]
  0x00000183b8bd92e0 JavaThread "jar transforms Thread 12"          [_thread_blocked, id=10080, stack(0x0000007713100000,0x0000007713200000) (1024K)]
  0x00000183b8bda000 JavaThread "jar transforms Thread 13"          [_thread_blocked, id=8216, stack(0x0000007717000000,0x0000007717100000) (1024K)]
  0x00000183b7c2d9f0 JavaThread "jar transforms Thread 14"          [_thread_blocked, id=6492, stack(0x000000771b100000,0x000000771b200000) (1024K)]
  0x00000183b491f820 JavaThread "jar transforms Thread 15"          [_thread_blocked, id=2624, stack(0x000000771b200000,0x000000771b300000) (1024K)]
  0x00000183b491a2d0 JavaThread "jar transforms Thread 16"          [_thread_blocked, id=12176, stack(0x000000771c600000,0x000000771c700000) (1024K)]
  0x00000183b491f190 JavaThread "Memory manager"                    [_thread_blocked, id=24324, stack(0x000000771e100000,0x000000771e200000) (1024K)]
  0x00000183bb71b200 JavaThread "Handler for socket connection from /127.0.0.1:51787 to /127.0.0.1:52191"        [_thread_in_native, id=27072, stack(0x0000007714300000,0x0000007714400000) (1024K)]
  0x00000183bb715cb0 JavaThread "Cancel handler"                    [_thread_blocked, id=32400, stack(0x0000007714400000,0x0000007714500000) (1024K)]
  0x00000183c42c37c0 JavaThread "Asynchronous log dispatcher for DefaultDaemonConnection: socket connection from /127.0.0.1:51787 to /127.0.0.1:52191"        [_thread_blocked, id=12072, stack(0x0000007714600000,0x0000007714700000) (1024K)]
  0x00000183c42c3e50 JavaThread "Stdin handler"                     [_thread_blocked, id=13764, stack(0x0000007714700000,0x0000007714800000) (1024K)]
  0x00000183c42c44e0 JavaThread "Daemon client event forwarder"        [_thread_blocked, id=3628, stack(0x0000007714800000,0x0000007714900000) (1024K)]
  0x00000183c42c3130 JavaThread "Cache worker for checksums cache (C:\Users\Saya\AndroidStudioProjects\BookApps\.gradle\8.5\checksums)"        [_thread_blocked, id=14892, stack(0x0000007715200000,0x0000007715300000) (1024K)]
  0x00000183bcc2c730 JavaThread "Cache worker for file hash cache (C:\Users\Saya\AndroidStudioProjects\BookApps\.gradle\8.5\fileHashes)"        [_thread_blocked, id=24484, stack(0x0000007715300000,0x0000007715400000) (1024K)]
  0x00000183bcc2e800 JavaThread "Cache worker for cache directory md-supplier (C:\Users\Saya\.gradle\caches\8.5\md-supplier)"        [_thread_blocked, id=2636, stack(0x0000007715500000,0x0000007715600000) (1024K)]
  0x00000183bcc2cdc0 JavaThread "Cache worker for cache directory md-rule (C:\Users\Saya\.gradle\caches\8.5\md-rule)"        [_thread_blocked, id=34732, stack(0x0000007715600000,0x0000007715700000) (1024K)]
  0x00000183bcc2d450 JavaThread "Cache worker for dependencies-accessors (C:\Users\Saya\AndroidStudioProjects\BookApps\.gradle\8.5\dependencies-accessors)"        [_thread_blocked, id=1888, stack(0x0000007715700000,0x0000007715800000) (1024K)]
  0x00000183bcc2dae0 JavaThread "Cache worker for Build Output Cleanup Cache (C:\Users\Saya\AndroidStudioProjects\BookApps\.gradle\buildOutputCleanup)"        [_thread_blocked, id=32992, stack(0x0000007716400000,0x0000007716500000) (1024K)]
  0x00000183bcc2e170 JavaThread "Unconstrained build operations"        [_thread_blocked, id=1936, stack(0x0000007716800000,0x0000007716900000) (1024K)]
  0x00000183bcc2ee90 JavaThread "Unconstrained build operations Thread 2"        [_thread_blocked, id=17208, stack(0x0000007716900000,0x0000007716a00000) (1024K)]
  0x00000183bcc2ba10 JavaThread "Unconstrained build operations Thread 3"        [_thread_blocked, id=29344, stack(0x0000007716a00000,0x0000007716b00000) (1024K)]
  0x00000183bcc2c0a0 JavaThread "Unconstrained build operations Thread 4"        [_thread_blocked, id=27480, stack(0x0000007716b00000,0x0000007716c00000) (1024K)]
  0x00000183b5a62a90 JavaThread "Unconstrained build operations Thread 5"        [_thread_blocked, id=28216, stack(0x0000007716e00000,0x0000007716f00000) (1024K)]
  0x00000183b5a644d0 JavaThread "Unconstrained build operations Thread 6"        [_thread_blocked, id=7468, stack(0x0000007716f00000,0x0000007717000000) (1024K)]
  0x00000183b5a62400 JavaThread "Unconstrained build operations Thread 7"        [_thread_blocked, id=28256, stack(0x0000007717900000,0x0000007717a00000) (1024K)]
  0x00000183b5a61050 JavaThread "Unconstrained build operations Thread 8"        [_thread_blocked, id=7760, stack(0x0000007717b00000,0x0000007717c00000) (1024K)]
  0x00000183b5a61d70 JavaThread "Unconstrained build operations Thread 9"        [_thread_blocked, id=24896, stack(0x0000007717c00000,0x0000007717d00000) (1024K)]
  0x00000183b5a63120 JavaThread "Unconstrained build operations Thread 10"        [_thread_blocked, id=22840, stack(0x0000007717d00000,0x0000007717e00000) (1024K)]
  0x00000183b5a637b0 JavaThread "Unconstrained build operations Thread 11"        [_thread_blocked, id=26300, stack(0x0000007717e00000,0x0000007717f00000) (1024K)]
  0x00000183b5a616e0 JavaThread "Unconstrained build operations Thread 12"        [_thread_blocked, id=29084, stack(0x0000007717f00000,0x0000007718000000) (1024K)]
  0x00000183c2b7f1c0 JavaThread "Unconstrained build operations Thread 13"        [_thread_blocked, id=28244, stack(0x0000007718000000,0x0000007718100000) (1024K)]
  0x00000183c2b80570 JavaThread "Unconstrained build operations Thread 14"        [_thread_blocked, id=32460, stack(0x0000007718100000,0x0000007718200000) (1024K)]
  0x00000183ba6af1d0 JavaThread "Unconstrained build operations Thread 15"        [_thread_blocked, id=33660, stack(0x0000007718200000,0x0000007718300000) (1024K)]
  0x00000183bc7bda90 JavaThread "C1 CompilerThread1"         daemon [_thread_blocked, id=30776, stack(0x0000007718300000,0x0000007718400000) (1024K)]
  0x00000183c4c87070 JavaThread "build event listener"              [_thread_blocked, id=16616, stack(0x0000007718400000,0x0000007718500000) (1024K)]
  0x00000183b86bed10 JavaThread "included builds"                   [_thread_blocked, id=19900, stack(0x0000007718600000,0x0000007718700000) (1024K)]
  0x00000183bafc92e0 JavaThread "Execution worker"                  [_thread_blocked, id=21844, stack(0x0000007718700000,0x0000007718800000) (1024K)]
  0x00000183bafc8c50 JavaThread "Execution worker Thread 2"         [_thread_blocked, id=12316, stack(0x0000007718800000,0x0000007718900000) (1024K)]
  0x00000183bafc85c0 JavaThread "Execution worker Thread 3"         [_thread_blocked, id=11068, stack(0x0000007718900000,0x0000007718a00000) (1024K)]
  0x00000183bafc9970 JavaThread "Execution worker Thread 4"         [_thread_blocked, id=18916, stack(0x0000007718a00000,0x0000007718b00000) (1024K)]
  0x00000183bafc78a0 JavaThread "Execution worker Thread 5"         [_thread_blocked, id=14952, stack(0x0000007718b00000,0x0000007718c00000) (1024K)]
  0x00000183bafca000 JavaThread "Execution worker Thread 6"         [_thread_blocked, id=5752, stack(0x0000007718c00000,0x0000007718d00000) (1024K)]
  0x00000183b453c9c0 JavaThread "Execution worker Thread 7"         [_thread_blocked, id=5800, stack(0x0000007718d00000,0x0000007718e00000) (1024K)]
  0x00000183b453af80 JavaThread "Execution worker Thread 8"         [_thread_blocked, id=4344, stack(0x0000007718e00000,0x0000007718f00000) (1024K)]
  0x00000183b453b610 JavaThread "Execution worker Thread 9"         [_thread_blocked, id=26212, stack(0x0000007718f00000,0x0000007719000000) (1024K)]
  0x00000183b453a260 JavaThread "Execution worker Thread 10"        [_thread_blocked, id=27928, stack(0x0000007719000000,0x0000007719100000) (1024K)]
  0x00000183b453bca0 JavaThread "Execution worker Thread 11"        [_thread_blocked, id=32064, stack(0x0000007719100000,0x0000007719200000) (1024K)]
  0x00000183b453c330 JavaThread "Execution worker Thread 12"        [_thread_blocked, id=32612, stack(0x0000007719200000,0x0000007719300000) (1024K)]
  0x00000183b453d050 JavaThread "Execution worker Thread 13"        [_thread_blocked, id=2460, stack(0x0000007719300000,0x0000007719400000) (1024K)]
  0x00000183b4539bd0 JavaThread "Execution worker Thread 14"        [_thread_blocked, id=23304, stack(0x0000007719400000,0x0000007719500000) (1024K)]
  0x00000183b453a8f0 JavaThread "Execution worker Thread 15"        [_thread_blocked, id=27900, stack(0x0000007719500000,0x0000007719600000) (1024K)]
  0x00000183b6945090 JavaThread "Cache worker for execution history cache (C:\Users\Saya\AndroidStudioProjects\BookApps\.gradle\8.5\executionHistory)"        [_thread_blocked, id=9424, stack(0x0000007719600000,0x0000007719700000) (1024K)]
  0x00000183c31f2fb0 JavaThread "Unconstrained build operations Thread 16"        [_thread_blocked, id=35728, stack(0x0000007719700000,0x0000007719800000) (1024K)]
  0x00000183c31f3cd0 JavaThread "Unconstrained build operations Thread 17"        [_thread_blocked, id=21020, stack(0x0000007719800000,0x0000007719900000) (1024K)]
  0x00000183c31f2920 JavaThread "Unconstrained build operations Thread 18"        [_thread_blocked, id=16760, stack(0x0000007719900000,0x0000007719a00000) (1024K)]
  0x00000183c3f57a10 JavaThread "Unconstrained build operations Thread 19"        [_thread_blocked, id=32748, stack(0x0000007719a00000,0x0000007719b00000) (1024K)]
  0x00000183c3f55940 JavaThread "Unconstrained build operations Thread 20"        [_thread_blocked, id=17096, stack(0x0000007719b00000,0x0000007719c00000) (1024K)]
  0x00000183c3f56cf0 JavaThread "Unconstrained build operations Thread 21"        [_thread_blocked, id=25988, stack(0x0000007719c00000,0x0000007719d00000) (1024K)]
  0x00000183c3f56660 JavaThread "Unconstrained build operations Thread 22"        [_thread_blocked, id=1764, stack(0x0000007719d00000,0x0000007719e00000) (1024K)]
  0x00000183c3f57380 JavaThread "Unconstrained build operations Thread 23"        [_thread_blocked, id=20476, stack(0x0000007719e00000,0x0000007719f00000) (1024K)]
  0x00000183c3f58730 JavaThread "Unconstrained build operations Thread 24"        [_thread_blocked, id=15524, stack(0x0000007719f00000,0x000000771a000000) (1024K)]
  0x00000183b48bba10 JavaThread "Unconstrained build operations Thread 25"        [_thread_blocked, id=23760, stack(0x000000771a000000,0x000000771a100000) (1024K)]
  0x00000183b48bc0a0 JavaThread "Unconstrained build operations Thread 26"        [_thread_blocked, id=19028, stack(0x000000771a100000,0x000000771a200000) (1024K)]
  0x00000183b48ba660 JavaThread "Unconstrained build operations Thread 27"        [_thread_blocked, id=22036, stack(0x000000771a200000,0x000000771a300000) (1024K)]
  0x00000183b48bcdc0 JavaThread "Unconstrained build operations Thread 28"        [_thread_blocked, id=35016, stack(0x000000771a300000,0x000000771a400000) (1024K)]
  0x00000183b48bacf0 JavaThread "Unconstrained build operations Thread 29"        [_thread_blocked, id=32436, stack(0x000000771a400000,0x000000771a500000) (1024K)]
  0x00000183b48bd450 JavaThread "Unconstrained build operations Thread 30"        [_thread_blocked, id=23656, stack(0x000000771a500000,0x000000771a600000) (1024K)]
  0x00000183c3f580a0 JavaThread "Unconstrained build operations Thread 31"        [_thread_blocked, id=23628, stack(0x000000771a800000,0x000000771a900000) (1024K)]
  0x00000183c3f552b0 JavaThread "Unconstrained build operations Thread 32"        [_thread_blocked, id=25648, stack(0x000000771a900000,0x000000771aa00000) (1024K)]
  0x00000183c3f55fd0 JavaThread "Unconstrained build operations Thread 33"        [_thread_blocked, id=15644, stack(0x000000771aa00000,0x000000771ab00000) (1024K)]
  0x00000183b44bb660 JavaThread "Unconstrained build operations Thread 34"        [_thread_blocked, id=14688, stack(0x000000771ab00000,0x000000771ac00000) (1024K)]
  0x00000183b44ba2b0 JavaThread "Unconstrained build operations Thread 35"        [_thread_blocked, id=9152, stack(0x000000771ac00000,0x000000771ad00000) (1024K)]
  0x00000183b44b8f00 JavaThread "Unconstrained build operations Thread 36"        [_thread_blocked, id=17368, stack(0x000000771ad00000,0x000000771ae00000) (1024K)]
  0x00000183b44ba940 JavaThread "WorkerExecutor Queue"              [_thread_blocked, id=33424, stack(0x000000771ae00000,0x000000771af00000) (1024K)]
  0x00000183b5da1740 JavaThread "Unconstrained build operations Thread 37"        [_thread_blocked, id=33688, stack(0x000000771af00000,0x000000771b000000) (1024K)]
  0x00000183b5da5250 JavaThread "Unconstrained build operations Thread 38"        [_thread_blocked, id=10272, stack(0x000000771b000000,0x000000771b100000) (1024K)]
  0x00000183b5da2af0 JavaThread "Unconstrained build operations Thread 39"        [_thread_blocked, id=29184, stack(0x000000771b300000,0x000000771b400000) (1024K)]
  0x00000183c35f6070 JavaThread "Unconstrained build operations Thread 40"        [_thread_blocked, id=28868, stack(0x000000771b400000,0x000000771b500000) (1024K)]
  0x00000183c35f3fa0 JavaThread "Unconstrained build operations Thread 41"        [_thread_blocked, id=27232, stack(0x000000771b500000,0x000000771b600000) (1024K)]
  0x00000183c35f4630 JavaThread "Unconstrained build operations Thread 42"        [_thread_blocked, id=32528, stack(0x000000771b600000,0x000000771b700000) (1024K)]
  0x00000183bb889a30 JavaThread "Unconstrained build operations Thread 43"        [_thread_blocked, id=192, stack(0x000000771b700000,0x000000771b800000) (1024K)]
  0x00000183bb88ade0 JavaThread "Unconstrained build operations Thread 44"        [_thread_blocked, id=8388, stack(0x000000771b800000,0x000000771b900000) (1024K)]
  0x00000183bb888d10 JavaThread "Unconstrained build operations Thread 45"        [_thread_blocked, id=34420, stack(0x000000771b900000,0x000000771ba00000) (1024K)]
  0x00000183bb8893a0 JavaThread "Unconstrained build operations Thread 46"        [_thread_blocked, id=3440, stack(0x000000771ba00000,0x000000771bb00000) (1024K)]
  0x00000183bb88a0c0 JavaThread "Unconstrained build operations Thread 47"        [_thread_blocked, id=20188, stack(0x000000771bb00000,0x000000771bc00000) (1024K)]
  0x00000183bb88bb00 JavaThread "Unconstrained build operations Thread 48"        [_thread_blocked, id=13216, stack(0x000000771bc00000,0x000000771bd00000) (1024K)]
  0x00000183bb88a750 JavaThread "Unconstrained build operations Thread 49"        [_thread_blocked, id=8204, stack(0x000000771bd00000,0x000000771be00000) (1024K)]
  0x00000183bb88b470 JavaThread "Unconstrained build operations Thread 50"        [_thread_blocked, id=6636, stack(0x000000771be00000,0x000000771bf00000) (1024K)]
  0x00000183c13dee80 JavaThread "Unconstrained build operations Thread 51"        [_thread_blocked, id=27452, stack(0x000000771bf00000,0x000000771c000000) (1024K)]
  0x00000183b76110d0 JavaThread "C1 CompilerThread2"         daemon [_thread_blocked, id=17836, stack(0x000000771c000000,0x000000771c100000) (1024K)]
  0x00000183bc32a3d0 JavaThread "C1 CompilerThread3"         daemon [_thread_blocked, id=27032, stack(0x000000771c100000,0x000000771c200000) (1024K)]
  0x00000183b8f936a0 JavaThread "WorkerExecutor Queue Thread 2"        [_thread_blocked, id=26280, stack(0x000000771c500000,0x000000771c600000) (1024K)]
  0x00000183b8f943c0 JavaThread "WorkerExecutor Queue Thread 3"        [_thread_blocked, id=24096, stack(0x000000771c700000,0x000000771c800000) (1024K)]
  0x00000183b8f950e0 JavaThread "WorkerExecutor Queue Thread 4"        [_thread_blocked, id=27252, stack(0x000000771c800000,0x000000771c900000) (1024K)]
  0x00000183bafca690 JavaThread "WorkerExecutor Queue Thread 5"        [_thread_blocked, id=31068, stack(0x000000771c900000,0x000000771ca00000) (1024K)]
  0x00000183c47eb7a0 JavaThread "WorkerExecutor Queue Thread 6"        [_thread_blocked, id=26784, stack(0x000000771ca00000,0x000000771cb00000) (1024K)]
  0x00000183c47ebe30 JavaThread "WorkerExecutor Queue Thread 7"        [_thread_blocked, id=29628, stack(0x000000771cb00000,0x000000771cc00000) (1024K)]
  0x00000183c47e9d60 JavaThread "WorkerExecutor Queue Thread 8"        [_thread_blocked, id=34124, stack(0x000000771cc00000,0x000000771cd00000) (1024K)]
  0x00000183c47e96d0 JavaThread "WorkerExecutor Queue Thread 9"        [_thread_blocked, id=1472, stack(0x000000771cd00000,0x000000771ce00000) (1024K)]
  0x00000183c47ea3f0 JavaThread "WorkerExecutor Queue Thread 10"        [_thread_blocked, id=8664, stack(0x000000771ce00000,0x000000771cf00000) (1024K)]
  0x00000183c47eaa80 JavaThread "WorkerExecutor Queue Thread 11"        [_thread_blocked, id=27512, stack(0x000000771cf00000,0x000000771d000000) (1024K)]
  0x00000183c47eb110 JavaThread "WorkerExecutor Queue Thread 12"        [_thread_blocked, id=14844, stack(0x000000771d000000,0x000000771d100000) (1024K)]
  0x00000183c47ec4c0 JavaThread "WorkerExecutor Queue Thread 13"        [_thread_blocked, id=22256, stack(0x000000771d100000,0x000000771d200000) (1024K)]
  0x00000183c47e9040 JavaThread "WorkerExecutor Queue Thread 14"        [_thread_blocked, id=18852, stack(0x000000771d200000,0x000000771d300000) (1024K)]
  0x00000183c2c3a120 JavaThread "WorkerExecutor Queue Thread 15"        [_thread_blocked, id=17568, stack(0x000000771d300000,0x000000771d400000) (1024K)]
  0x00000183c2c3a7b0 JavaThread "WorkerExecutor Queue Thread 16"        [_thread_blocked, id=11216, stack(0x000000771d400000,0x000000771d500000) (1024K)]
  0x00000183c2c3ae40 JavaThread "Unconstrained build operations Thread 52"        [_thread_blocked, id=1244, stack(0x000000771d600000,0x000000771d700000) (1024K)]
  0x00000183bc670a40 JavaThread "Unconstrained build operations Thread 53"        [_thread_blocked, id=19284, stack(0x000000771d700000,0x000000771d800000) (1024K)]
  0x00000183bc676cb0 JavaThread "Unconstrained build operations Thread 54"        [_thread_blocked, id=11136, stack(0x000000771d800000,0x000000771d900000) (1024K)]
  0x00000183bc676620 JavaThread "Unconstrained build operations Thread 55"        [_thread_blocked, id=6588, stack(0x000000771d900000,0x000000771da00000) (1024K)]
  0x00000183bc672b10 JavaThread "Unconstrained build operations Thread 56"        [_thread_blocked, id=18700, stack(0x000000771da00000,0x000000771db00000) (1024K)]
  0x00000183bc6731a0 JavaThread "Unconstrained build operations Thread 57"        [_thread_blocked, id=18580, stack(0x000000771db00000,0x000000771dc00000) (1024K)]
  0x00000183bc673830 JavaThread "Unconstrained build operations Thread 58"        [_thread_blocked, id=24916, stack(0x000000771dc00000,0x000000771dd00000) (1024K)]
  0x00000183bc673ec0 JavaThread "Unconstrained build operations Thread 59"        [_thread_blocked, id=14144, stack(0x000000771dd00000,0x000000771de00000) (1024K)]
  0x00000183bc675900 JavaThread "Unconstrained build operations Thread 60"        [_thread_blocked, id=16848, stack(0x000000771de00000,0x000000771df00000) (1024K)]
  0x00000183bc66fd20 JavaThread "Unconstrained build operations Thread 61"        [_thread_blocked, id=15432, stack(0x000000771df00000,0x000000771e000000) (1024K)]
  0x00000183bc675f90 JavaThread "Unconstrained build operations Thread 62"        [_thread_blocked, id=35036, stack(0x000000771e000000,0x000000771e100000) (1024K)]
  0x00000183c4947d60 JavaThread "Unconstrained build operations Thread 63"        [_thread_blocked, id=35792, stack(0x000000771e200000,0x000000771e300000) (1024K)]
  0x00000183c49476d0 JavaThread "Unconstrained build operations Thread 64"        [_thread_blocked, id=22688, stack(0x000000771e300000,0x000000771e400000) (1024K)]
  0x00000183b8f94a50 JavaThread "Unconstrained build operations Thread 65"        [_thread_blocked, id=34188, stack(0x000000771e400000,0x000000771e500000) (1024K)]
  0x00000183b8f93d30 JavaThread "Unconstrained build operations Thread 66"        [_thread_blocked, id=15600, stack(0x000000771e500000,0x000000771e600000) (1024K)]
  0x00000183b8f91c60 JavaThread "Unconstrained build operations Thread 67"        [_thread_blocked, id=14204, stack(0x000000771e600000,0x000000771e700000) (1024K)]
  0x00000183c4569820 JavaThread "Unconstrained build operations Thread 68"        [_thread_blocked, id=24384, stack(0x000000771e700000,0x000000771e800000) (1024K)]
  0x00000183c4567750 JavaThread "Unconstrained build operations Thread 69"        [_thread_blocked, id=6852, stack(0x000000771e800000,0x000000771e900000) (1024K)]
  0x00000183c45663a0 JavaThread "Unconstrained build operations Thread 70"        [_thread_blocked, id=8340, stack(0x000000771e900000,0x000000771ea00000) (1024K)]
  0x00000183c4567de0 JavaThread "Unconstrained build operations Thread 71"        [_thread_blocked, id=8180, stack(0x000000771ea00000,0x000000771eb00000) (1024K)]
  0x00000183c4566a30 JavaThread "Unconstrained build operations Thread 72"        [_thread_blocked, id=34340, stack(0x000000771eb00000,0x000000771ec00000) (1024K)]
  0x00000183c45670c0 JavaThread "Unconstrained build operations Thread 73"        [_thread_blocked, id=35596, stack(0x000000771ec00000,0x000000771ed00000) (1024K)]
  0x00000183c4568b00 JavaThread "Unconstrained build operations Thread 74"        [_thread_blocked, id=17248, stack(0x000000771ed00000,0x000000771ee00000) (1024K)]
  0x00000183c4568470 JavaThread "Unconstrained build operations Thread 75"        [_thread_blocked, id=35788, stack(0x000000771ee00000,0x000000771ef00000) (1024K)]
  0x00000183c4569190 JavaThread "Unconstrained build operations Thread 76"        [_thread_blocked, id=35284, stack(0x000000771ef00000,0x000000771f000000) (1024K)]
  0x00000183b7608090 JavaThread "Unconstrained build operations Thread 77"        [_thread_blocked, id=15732, stack(0x000000771f000000,0x000000771f100000) (1024K)]
  0x00000183b7608720 JavaThread "Unconstrained build operations Thread 78"        [_thread_blocked, id=5788, stack(0x000000771f100000,0x000000771f200000) (1024K)]
  0x00000183b7608db0 JavaThread "Unconstrained build operations Thread 79"        [_thread_blocked, id=15472, stack(0x000000771f200000,0x000000771f300000) (1024K)]
  0x00000183b760a160 JavaThread "Unconstrained build operations Thread 80"        [_thread_blocked, id=18996, stack(0x000000771f400000,0x000000771f500000) (1024K)]
  0x00000183b760b510 JavaThread "Unconstrained build operations Thread 81"        [_thread_blocked, id=20632, stack(0x000000771f500000,0x000000771f600000) (1024K)]
  0x00000183b7609440 JavaThread "Unconstrained build operations Thread 82"        [_thread_blocked, id=21200, stack(0x000000771f600000,0x000000771f700000) (1024K)]
  0x00000183b8f922f0 JavaThread "Unconstrained build operations Thread 83"        [_thread_blocked, id=6332, stack(0x000000771a700000,0x000000771a800000) (1024K)]
  0x00000183bc67a7c0 JavaThread "Unconstrained build operations Thread 84"        [_thread_blocked, id=34596, stack(0x000000771c200000,0x000000771c300000) (1024K)]
  0x00000183bc6786f0 JavaThread "Unconstrained build operations Thread 85"        [_thread_blocked, id=29352, stack(0x000000771c300000,0x000000771c400000) (1024K)]
  0x00000183bc67ae50 JavaThread "Unconstrained build operations Thread 86"        [_thread_blocked, id=7100, stack(0x000000771c400000,0x000000771c500000) (1024K)]
  0x00000183bc67b4e0 JavaThread "Unconstrained build operations Thread 87"        [_thread_blocked, id=9020, stack(0x000000771f700000,0x000000771f800000) (1024K)]
  0x00000183bc679410 JavaThread "Unconstrained build operations Thread 88"        [_thread_blocked, id=29172, stack(0x000000771f800000,0x000000771f900000) (1024K)]
  0x00000183bc678060 JavaThread "Unconstrained build operations Thread 89"        [_thread_blocked, id=12576, stack(0x000000771f900000,0x000000771fa00000) (1024K)]
  0x00000183bc674550 JavaThread "Unconstrained build operations Thread 90"        [_thread_blocked, id=4708, stack(0x000000771fa00000,0x000000771fb00000) (1024K)]
  0x00000183bc67a130 JavaThread "Unconstrained build operations Thread 91"        [_thread_blocked, id=22620, stack(0x000000771fb00000,0x000000771fc00000) (1024K)]
  0x00000183bc678d80 JavaThread "Unconstrained build operations Thread 92"        [_thread_blocked, id=15500, stack(0x000000771fc00000,0x000000771fd00000) (1024K)]
  0x00000183bc67bb70 JavaThread "Unconstrained build operations Thread 93"        [_thread_blocked, id=27008, stack(0x000000771fd00000,0x000000771fe00000) (1024K)]
  0x00000183bc67c200 JavaThread "Unconstrained build operations Thread 94"        [_thread_blocked, id=24592, stack(0x000000771fe00000,0x000000771ff00000) (1024K)]
  0x00000183bc67c890 JavaThread "Unconstrained build operations Thread 95"        [_thread_blocked, id=8040, stack(0x000000771ff00000,0x0000007720000000) (1024K)]
  0x00000183bc677340 JavaThread "Unconstrained build operations Thread 96"        [_thread_blocked, id=29380, stack(0x0000007720000000,0x0000007720100000) (1024K)]
  0x00000183bc67cf20 JavaThread "Unconstrained build operations Thread 97"        [_thread_blocked, id=19720, stack(0x0000007720100000,0x0000007720200000) (1024K)]
  0x00000183bc67d5b0 JavaThread "Unconstrained build operations Thread 98"        [_thread_blocked, id=10632, stack(0x0000007720200000,0x0000007720300000) (1024K)]
  0x00000183bc67e2d0 JavaThread "Unconstrained build operations Thread 99"        [_thread_blocked, id=26632, stack(0x0000007720300000,0x0000007720400000) (1024K)]
  0x00000183bc6779d0 JavaThread "Unconstrained build operations Thread 100"        [_thread_blocked, id=28112, stack(0x0000007720400000,0x0000007720500000) (1024K)]
  0x00000183bc67dc40 JavaThread "Unconstrained build operations Thread 101"        [_thread_blocked, id=31140, stack(0x0000007720500000,0x0000007720600000) (1024K)]
  0x00000183bc67e960 JavaThread "Unconstrained build operations Thread 102"        [_thread_blocked, id=26652, stack(0x0000007720600000,0x0000007720700000) (1024K)]
  0x00000183bc67eff0 JavaThread "Unconstrained build operations Thread 103"        [_thread_blocked, id=9648, stack(0x0000007720700000,0x0000007720800000) (1024K)]
  0x00000183bb717060 JavaThread "Unconstrained build operations Thread 104"        [_thread_blocked, id=28416, stack(0x0000007720800000,0x0000007720900000) (1024K)]
  0x00000183bb715620 JavaThread "Unconstrained build operations Thread 105"        [_thread_blocked, id=26676, stack(0x0000007720900000,0x0000007720a00000) (1024K)]
  0x00000183bb71a4e0 JavaThread "Unconstrained build operations Thread 106"        [_thread_blocked, id=11816, stack(0x0000007720a00000,0x0000007720b00000) (1024K)]
  0x00000183bb71ab70 JavaThread "Unconstrained build operations Thread 107"        [_thread_blocked, id=34944, stack(0x0000007720b00000,0x0000007720c00000) (1024K)]
  0x00000183bb714900 JavaThread "Unconstrained build operations Thread 108"        [_thread_blocked, id=29916, stack(0x0000007720c00000,0x0000007720d00000) (1024K)]
  0x00000183bb714270 JavaThread "Unconstrained build operations Thread 109"        [_thread_blocked, id=11848, stack(0x0000007720d00000,0x0000007720e00000) (1024K)]
  0x00000183bb71b890 JavaThread "Unconstrained build operations Thread 110"        [_thread_blocked, id=33720, stack(0x0000007720e00000,0x0000007720f00000) (1024K)]
  0x00000183bb717d80 JavaThread "Unconstrained build operations Thread 111"        [_thread_blocked, id=4676, stack(0x0000007720f00000,0x0000007721000000) (1024K)]
  0x00000183bb716340 JavaThread "Unconstrained build operations Thread 112"        [_thread_blocked, id=18196, stack(0x0000007721000000,0x0000007721100000) (1024K)]
  0x00000183c1bdb5f0 JavaThread "Unconstrained build operations Thread 113"        [_thread_blocked, id=20708, stack(0x0000007721100000,0x0000007721200000) (1024K)]
  0x00000183c1bda8d0 JavaThread "Unconstrained build operations Thread 114"        [_thread_blocked, id=7644, stack(0x0000007721200000,0x0000007721300000) (1024K)]
  0x00000183c1bd9520 JavaThread "Unconstrained build operations Thread 115"        [_thread_blocked, id=20936, stack(0x0000007721300000,0x0000007721400000) (1024K)]
  0x00000183c1bdaf60 JavaThread "Unconstrained build operations Thread 116"        [_thread_blocked, id=26884, stack(0x0000007721400000,0x0000007721500000) (1024K)]
  0x00000183c1bd9bb0 JavaThread "Unconstrained build operations Thread 117"        [_thread_blocked, id=21084, stack(0x0000007721500000,0x0000007721600000) (1024K)]
  0x00000183c1bd8e90 JavaThread "Unconstrained build operations Thread 118"        [_thread_blocked, id=29240, stack(0x0000007721600000,0x0000007721700000) (1024K)]
  0x00000183c1bda240 JavaThread "Unconstrained build operations Thread 119"        [_thread_blocked, id=5452, stack(0x0000007721700000,0x0000007721800000) (1024K)]
  0x00000183c384c590 JavaThread "Unconstrained build operations Thread 120"        [_thread_blocked, id=29144, stack(0x0000007721800000,0x0000007721900000) (1024K)]
  0x00000183c4945600 JavaThread "Unconstrained build operations Thread 121"        [_thread_blocked, id=16304, stack(0x0000007721900000,0x0000007721a00000) (1024K)]
  0x00000183c49469b0 JavaThread "Unconstrained build operations Thread 122"        [_thread_blocked, id=22724, stack(0x0000007721a00000,0x0000007721b00000) (1024K)]
  0x00000183c49483f0 JavaThread "Unconstrained build operations Thread 123"        [_thread_blocked, id=29256, stack(0x0000007721b00000,0x0000007721c00000) (1024K)]
  0x00000183c4947040 JavaThread "Unconstrained build operations Thread 124"        [_thread_blocked, id=9636, stack(0x0000007721c00000,0x0000007721d00000) (1024K)]
  0x00000183c4945c90 JavaThread "Unconstrained build operations Thread 125"        [_thread_blocked, id=29712, stack(0x0000007721d00000,0x0000007721e00000) (1024K)]
  0x00000183c4944f70 JavaThread "Unconstrained build operations Thread 126"        [_thread_blocked, id=35296, stack(0x0000007721e00000,0x0000007721f00000) (1024K)]
  0x00000183b5a63e40 JavaThread "Unconstrained build operations Thread 127"        [_thread_blocked, id=10388, stack(0x0000007721f00000,0x0000007722000000) (1024K)]
  0x00000183b461fbf0 JavaThread "Unconstrained build operations Thread 128"        [_thread_blocked, id=14440, stack(0x0000007722000000,0x0000007722100000) (1024K)]
  0x00000183b4620280 JavaThread "Unconstrained build operations Thread 129"        [_thread_blocked, id=13532, stack(0x0000007722100000,0x0000007722200000) (1024K)]
  0x00000183b461f560 JavaThread "Unconstrained build operations Thread 130"        [_thread_blocked, id=32844, stack(0x0000007722200000,0x0000007722300000) (1024K)]
  0x00000183b461e1b0 JavaThread "Unconstrained build operations Thread 131"        [_thread_blocked, id=29748, stack(0x0000007722300000,0x0000007722400000) (1024K)]
  0x00000183b461e840 JavaThread "Unconstrained build operations Thread 132"        [_thread_blocked, id=17232, stack(0x0000007722400000,0x0000007722500000) (1024K)]
  0x00000183b4620fa0 JavaThread "Unconstrained build operations Thread 133"        [_thread_blocked, id=26364, stack(0x0000007722500000,0x0000007722600000) (1024K)]
  0x00000183b461eed0 JavaThread "Unconstrained build operations Thread 134"        [_thread_blocked, id=27896, stack(0x0000007722600000,0x0000007722700000) (1024K)]
  0x00000183c3148f80 JavaThread "Unconstrained build operations Thread 135"        [_thread_blocked, id=9852, stack(0x0000007722700000,0x0000007722800000) (1024K)]
  0x00000183c3146eb0 JavaThread "Unconstrained build operations Thread 136"        [_thread_blocked, id=11040, stack(0x0000007722800000,0x0000007722900000) (1024K)]
  0x00000183c3147540 JavaThread "Unconstrained build operations Thread 137"        [_thread_blocked, id=31968, stack(0x0000007722900000,0x0000007722a00000) (1024K)]
  0x00000183c3146820 JavaThread "Unconstrained build operations Thread 138"        [_thread_blocked, id=7512, stack(0x0000007722a00000,0x0000007722b00000) (1024K)]
  0x00000183c3145b00 JavaThread "Unconstrained build operations Thread 139"        [_thread_blocked, id=15496, stack(0x0000007722b00000,0x0000007722c00000) (1024K)]
  0x00000183c3146190 JavaThread "Unconstrained build operations Thread 140"        [_thread_blocked, id=35684, stack(0x0000007722c00000,0x0000007722d00000) (1024K)]
  0x00000183c3147bd0 JavaThread "Unconstrained build operations Thread 141"        [_thread_blocked, id=21436, stack(0x0000007722d00000,0x0000007722e00000) (1024K)]
  0x00000183c3148260 JavaThread "Unconstrained build operations Thread 142"        [_thread_blocked, id=29192, stack(0x0000007723000000,0x0000007723100000) (1024K)]
  0x00000183b6945db0 JavaThread "Unconstrained build operations Thread 143"        [_thread_blocked, id=35800, stack(0x0000007723100000,0x0000007723200000) (1024K)]
  0x00000183b6944a00 JavaThread "Unconstrained build operations Thread 144"        [_thread_blocked, id=21980, stack(0x0000007723200000,0x0000007723300000) (1024K)]
  0x00000183b6945720 JavaThread "Unconstrained build operations Thread 145"        [_thread_blocked, id=29356, stack(0x0000007723300000,0x0000007723400000) (1024K)]
  0x00000183b6946440 JavaThread "Unconstrained build operations Thread 146"        [_thread_blocked, id=28972, stack(0x0000007723400000,0x0000007723500000) (1024K)]
  0x00000183b6943ce0 JavaThread "Unconstrained build operations Thread 147"        [_thread_blocked, id=18688, stack(0x0000007723500000,0x0000007723600000) (1024K)]
  0x00000183b6946ad0 JavaThread "Unconstrained build operations Thread 148"        [_thread_blocked, id=32372, stack(0x0000007723600000,0x0000007723700000) (1024K)]
  0x00000183c3daf080 JavaThread "Unconstrained build operations Thread 149"        [_thread_blocked, id=19488, stack(0x0000007723700000,0x0000007723800000) (1024K)]
  0x00000183c3dae9f0 JavaThread "Unconstrained build operations Thread 150"        [_thread_blocked, id=32624, stack(0x0000007723800000,0x0000007723900000) (1024K)]
  0x00000183c3dadcd0 JavaThread "Unconstrained build operations Thread 151"        [_thread_blocked, id=12908, stack(0x0000007723900000,0x0000007723a00000) (1024K)]
  0x00000183c21dd490 JavaThread "Unconstrained build operations Thread 152"        [_thread_blocked, id=1524, stack(0x0000007723a00000,0x0000007723b00000) (1024K)]
  0x00000183c21dce00 JavaThread "Unconstrained build operations Thread 153"        [_thread_blocked, id=6356, stack(0x0000007723b00000,0x0000007723c00000) (1024K)]
  0x00000183c21dba50 JavaThread "Unconstrained build operations Thread 154"        [_thread_blocked, id=5836, stack(0x0000007723c00000,0x0000007723d00000) (1024K)]
  0x00000183c2c3b4d0 JavaThread "Unconstrained build operations Thread 155"        [_thread_blocked, id=31884, stack(0x0000007723d00000,0x0000007723e00000) (1024K)]
  0x00000183c2c3bb60 JavaThread "Unconstrained build operations Thread 156"        [_thread_blocked, id=4452, stack(0x0000007723e00000,0x0000007723f00000) (1024K)]
  0x00000183c2c3cf10 JavaThread "Unconstrained build operations Thread 157"        [_thread_blocked, id=34544, stack(0x0000007723f00000,0x0000007724000000) (1024K)]
  0x00000183bb714f90 JavaThread "Unconstrained build operations Thread 158"        [_thread_blocked, id=28640, stack(0x0000007724000000,0x0000007724100000) (1024K)]
  0x00000183bb7176f0 JavaThread "Unconstrained build operations Thread 159"        [_thread_blocked, id=34060, stack(0x0000007724100000,0x0000007724200000) (1024K)]
  0x00000183bb7169d0 JavaThread "Unconstrained build operations Thread 160"        [_thread_blocked, id=32440, stack(0x0000007724200000,0x0000007724300000) (1024K)]
  0x00000183c36abee0 JavaThread "C2 CompilerThread1"         daemon [_thread_blocked, id=26136, stack(0x0000007716500000,0x0000007716600000) (1024K)]
  0x00000183b85e0330 JavaThread "C2 CompilerThread2"         daemon [_thread_blocked, id=15080, stack(0x0000007718500000,0x0000007718600000) (1024K)]
  0x00000183cd118850 JavaThread "C2 CompilerThread3"         daemon [_thread_blocked, id=34980, stack(0x000000771a600000,0x000000771a700000) (1024K)]
  0x00000183b65c7030 JavaThread "C2 CompilerThread4"         daemon [_thread_blocked, id=25808, stack(0x0000007724300000,0x0000007724400000) (1024K)]
  0x00000183b65c6960 JavaThread "C2 CompilerThread5"         daemon [_thread_blocked, id=32284, stack(0x0000007724400000,0x0000007724500000) (1024K)]
  0x00000183bb992d00 JavaThread "C2 CompilerThread6"         daemon [_thread_blocked, id=30268, stack(0x0000007724500000,0x0000007724600000) (1024K)]
Total: 254

Other Threads:
=>0x00000183aef9b6f0 VMThread "VM Thread"                           [id=19016, stack(0x0000007713900000,0x0000007713a00000) (1024K)]
  0x00000183aeec0080 WatcherThread "VM Periodic Task Thread"        [id=5272, stack(0x0000007713800000,0x0000007713900000) (1024K)]
  0x0000018394b6dfe0 WorkerThread "GC Thread#0"                     [id=23176, stack(0x0000007713300000,0x0000007713400000) (1024K)]
  0x00000183af588940 WorkerThread "GC Thread#1"                     [id=20416, stack(0x0000007714900000,0x0000007714a00000) (1024K)]
  0x00000183b43d60b0 WorkerThread "GC Thread#2"                     [id=30420, stack(0x0000007714a00000,0x0000007714b00000) (1024K)]
  0x00000183b43d6450 WorkerThread "GC Thread#3"                     [id=32428, stack(0x0000007714b00000,0x0000007714c00000) (1024K)]
  0x00000183b43d7010 WorkerThread "GC Thread#4"                     [id=31192, stack(0x0000007714c00000,0x0000007714d00000) (1024K)]
  0x00000183b43d73b0 WorkerThread "GC Thread#5"                     [id=30376, stack(0x0000007714d00000,0x0000007714e00000) (1024K)]
  0x00000183b579e290 WorkerThread "GC Thread#6"                     [id=11388, stack(0x0000007715800000,0x0000007715900000) (1024K)]
  0x00000183b579e630 WorkerThread "GC Thread#7"                     [id=1468, stack(0x0000007715900000,0x0000007715a00000) (1024K)]
  0x00000183b5021180 WorkerThread "GC Thread#8"                     [id=31408, stack(0x0000007715a00000,0x0000007715b00000) (1024K)]
  0x00000183b55e41f0 WorkerThread "GC Thread#9"                     [id=33004, stack(0x0000007715b00000,0x0000007715c00000) (1024K)]
  0x00000183b55e4930 WorkerThread "GC Thread#10"                    [id=25576, stack(0x0000007715c00000,0x0000007715d00000) (1024K)]
  0x00000183b55e5410 WorkerThread "GC Thread#11"                    [id=31536, stack(0x0000007715d00000,0x0000007715e00000) (1024K)]
  0x00000183b55e57b0 WorkerThread "GC Thread#12"                    [id=13940, stack(0x0000007715e00000,0x0000007715f00000) (1024K)]
  0x0000018394c362c0 ConcurrentGCThread "G1 Main Marker"            [id=6476, stack(0x0000007713400000,0x0000007713500000) (1024K)]
  0x0000018394c39380 WorkerThread "G1 Conc#0"                       [id=15504, stack(0x0000007713500000,0x0000007713600000) (1024K)]
  0x00000183b55e5070 WorkerThread "G1 Conc#1"                       [id=32184, stack(0x0000007715f00000,0x0000007716000000) (1024K)]
  0x00000183b55e4cd0 WorkerThread "G1 Conc#2"                       [id=23948, stack(0x0000007716000000,0x0000007716100000) (1024K)]
  0x00000183aec712a0 ConcurrentGCThread "G1 Refine#0"               [id=21896, stack(0x0000007713600000,0x0000007713700000) (1024K)]
  0x00000183aec71d20 ConcurrentGCThread "G1 Service"                [id=33900, stack(0x0000007713700000,0x0000007713800000) (1024K)]
Total: 21

Threads with active compile tasks:
C2 CompilerThread0   677967 45122 %     4       com.android.tools.r8.ir.regalloc.b::a @ 682 (1831 bytes)
C1 CompilerThread3   677967 46436       3       com.android.tools.r8.internal.bV::a (186 bytes)
C2 CompilerThread1   677967 45641 %     4       com.android.tools.r8.internal.Ab::a @ 3209 (4413 bytes)
C2 CompilerThread2   677967 46425 %     4       com.android.tools.r8.internal.O7::a @ 1441 (2157 bytes)
C2 CompilerThread3   677967 45675 %     4       com.android.tools.r8.internal.No::a @ 898 (3406 bytes)
C2 CompilerThread4   677967 45980 %     4       com.android.tools.r8.internal.Ab::a @ 1582 (6176 bytes)
C2 CompilerThread5   677967 46433       4       com.android.tools.r8.graph.Y0::equals (49 bytes)
C2 CompilerThread6   677967 43998 %     4       com.android.tools.r8.ir.regalloc.b::c @ 2106 (4031 bytes)
Total: 8

VM state: at safepoint (normal execution)

VM Mutex/Monitor currently owned by a thread:  ([mutex/lock_event])
[0x00007ff85b4172f8] Threads_lock - owner thread: 0x00000183aef9b6f0
[0x00007ff85b4173f8] Heap_lock - owner thread: 0x00000183b5a61d70

Heap address: 0x0000000080000000, size: 2048 MB, Compressed Oops mode: 32-bit

CDS archive(s) not mapped
Compressed class space mapped at: 0x0000000100000000-0x0000000140000000, reserved size: 1073741824
Narrow klass base: 0x0000000000000000, Narrow klass shift: 3, Narrow klass range: 0x140000000

GC Precious Log:
 CardTable entry size: 512
 Card Set container configuration: InlinePtr #cards 5 size 8 Array Of Cards #cards 12 size 40 Howl #buckets 4 coarsen threshold 1843 Howl Bitmap #cards 512 size 80 coarsen threshold 460 Card regions per heap region 1 cards per card region 2048
 CPUs: 16 total, 16 available
 Memory: 16244M
 Large Page Support: Disabled
 NUMA Support: Disabled
 Compressed Oops: Enabled (32-bit)
 Heap Region Size: 1M
 Heap Min Capacity: 8M
 Heap Initial Capacity: 254M
 Heap Max Capacity: 2G
 Pre-touch: Disabled
 Parallel Workers: 13
 Concurrent Workers: 3
 Concurrent Refinement Workers: 13
 Periodic GC: Disabled

Heap:
 garbage-first heap   total 483328K, used 279703K [0x0000000080000000, 0x0000000100000000)
  region size 1024K, 15 young (15360K), 15 survivors (15360K)
 Metaspace       used 178563K, committed 180992K, reserved 1245184K
  class space    used 22862K, committed 24064K, reserved 1048576K

Heap Regions: E=young(eden), S=young(survivor), O=old, HS=humongous(starts), HC=humongous(continues), CS=collection set, F=free, TAMS=top-at-mark-start, PB=parsable bottom
|   0|0x0000000080000000, 0x0000000080100000, 0x0000000080100000|100%|HS|  |TAMS 0x0000000080000000| PB 0x0000000080000000| Complete 
|   1|0x0000000080100000, 0x0000000080200000, 0x0000000080200000|100%|HC|  |TAMS 0x0000000080100000| PB 0x0000000080100000| Complete 
|   2|0x0000000080200000, 0x0000000080300000, 0x0000000080300000|100%|HC|  |TAMS 0x0000000080200000| PB 0x0000000080200000| Complete 
|   3|0x0000000080300000, 0x0000000080400000, 0x0000000080400000|100%|HC|  |TAMS 0x0000000080300000| PB 0x0000000080300000| Complete 
|   4|0x0000000080400000, 0x0000000080500000, 0x0000000080500000|100%| O|  |TAMS 0x0000000080400000| PB 0x0000000080400000| Untracked 
|   5|0x0000000080500000, 0x0000000080600000, 0x0000000080600000|100%| O|  |TAMS 0x0000000080500000| PB 0x0000000080500000| Untracked 
|   6|0x0000000080600000, 0x0000000080700000, 0x0000000080700000|100%| O|  |TAMS 0x0000000080600000| PB 0x0000000080600000| Untracked 
|   7|0x0000000080700000, 0x0000000080800000, 0x0000000080800000|100%| O|  |TAMS 0x0000000080700000| PB 0x0000000080700000| Untracked 
|   8|0x0000000080800000, 0x0000000080900000, 0x0000000080900000|100%| O|  |TAMS 0x0000000080800000| PB 0x0000000080800000| Untracked 
|   9|0x0000000080900000, 0x0000000080a00000, 0x0000000080a00000|100%| O|  |TAMS 0x0000000080900000| PB 0x0000000080900000| Untracked 
|  10|0x0000000080a00000, 0x0000000080b00000, 0x0000000080b00000|100%| O|  |TAMS 0x0000000080a00000| PB 0x0000000080a00000| Untracked 
|  11|0x0000000080b00000, 0x0000000080c00000, 0x0000000080c00000|100%| O|  |TAMS 0x0000000080b00000| PB 0x0000000080b00000| Untracked 
|  12|0x0000000080c00000, 0x0000000080d00000, 0x0000000080d00000|100%| O|  |TAMS 0x0000000080c00000| PB 0x0000000080c00000| Untracked 
|  13|0x0000000080d00000, 0x0000000080e00000, 0x0000000080e00000|100%| O|  |TAMS 0x0000000080d00000| PB 0x0000000080d00000| Untracked 
|  14|0x0000000080e00000, 0x0000000080f00000, 0x0000000080f00000|100%| O|  |TAMS 0x0000000080e00000| PB 0x0000000080e00000| Untracked 
|  15|0x0000000080f00000, 0x0000000081000000, 0x0000000081000000|100%| O|  |TAMS 0x0000000080f00000| PB 0x0000000080f00000| Untracked 
|  16|0x0000000081000000, 0x0000000081100000, 0x0000000081100000|100%| O|  |TAMS 0x0000000081000000| PB 0x0000000081000000| Untracked 
|  17|0x0000000081100000, 0x0000000081200000, 0x0000000081200000|100%| O|  |TAMS 0x0000000081100000| PB 0x0000000081100000| Untracked 
|  18|0x0000000081200000, 0x0000000081300000, 0x0000000081300000|100%| O|  |TAMS 0x0000000081200000| PB 0x0000000081200000| Untracked 
|  19|0x0000000081300000, 0x0000000081400000, 0x0000000081400000|100%| O|  |TAMS 0x0000000081300000| PB 0x0000000081300000| Untracked 
|  20|0x0000000081400000, 0x0000000081500000, 0x0000000081500000|100%| O|  |TAMS 0x0000000081400000| PB 0x0000000081400000| Untracked 
|  21|0x0000000081500000, 0x0000000081600000, 0x0000000081600000|100%| O|  |TAMS 0x0000000081500000| PB 0x0000000081500000| Untracked 
|  22|0x0000000081600000, 0x0000000081700000, 0x0000000081700000|100%| O|  |TAMS 0x0000000081600000| PB 0x0000000081600000| Untracked 
|  23|0x0000000081700000, 0x0000000081800000, 0x0000000081800000|100%| O|  |TAMS 0x0000000081700000| PB 0x0000000081700000| Untracked 
|  24|0x0000000081800000, 0x0000000081900000, 0x0000000081900000|100%| O|  |TAMS 0x0000000081800000| PB 0x0000000081800000| Untracked 
|  25|0x0000000081900000, 0x0000000081a00000, 0x0000000081a00000|100%| O|  |TAMS 0x0000000081900000| PB 0x0000000081900000| Untracked 
|  26|0x0000000081a00000, 0x0000000081b00000, 0x0000000081b00000|100%| O|  |TAMS 0x0000000081a00000| PB 0x0000000081a00000| Untracked 
|  27|0x0000000081b00000, 0x0000000081c00000, 0x0000000081c00000|100%| O|  |TAMS 0x0000000081b00000| PB 0x0000000081b00000| Untracked 
|  28|0x0000000081c00000, 0x0000000081d00000, 0x0000000081d00000|100%| O|  |TAMS 0x0000000081c00000| PB 0x0000000081c00000| Untracked 
|  29|0x0000000081d00000, 0x0000000081e00000, 0x0000000081e00000|100%| O|  |TAMS 0x0000000081d00000| PB 0x0000000081d00000| Untracked 
|  30|0x0000000081e00000, 0x0000000081f00000, 0x0000000081f00000|100%| O|  |TAMS 0x0000000081e00000| PB 0x0000000081e00000| Untracked 
|  31|0x0000000081f00000, 0x0000000082000000, 0x0000000082000000|100%| O|  |TAMS 0x0000000081f00000| PB 0x0000000081f00000| Untracked 
|  32|0x0000000082000000, 0x0000000082100000, 0x0000000082100000|100%| O|  |TAMS 0x0000000082000000| PB 0x0000000082000000| Untracked 
|  33|0x0000000082100000, 0x0000000082200000, 0x0000000082200000|100%| O|  |TAMS 0x0000000082100000| PB 0x0000000082100000| Untracked 
|  34|0x0000000082200000, 0x0000000082300000, 0x0000000082300000|100%| O|  |TAMS 0x0000000082200000| PB 0x0000000082200000| Untracked 
|  35|0x0000000082300000, 0x0000000082400000, 0x0000000082400000|100%| O|  |TAMS 0x0000000082300000| PB 0x0000000082300000| Untracked 
|  36|0x0000000082400000, 0x0000000082500000, 0x0000000082500000|100%| O|  |TAMS 0x0000000082400000| PB 0x0000000082400000| Untracked 
|  37|0x0000000082500000, 0x0000000082600000, 0x0000000082600000|100%| O|  |TAMS 0x0000000082500000| PB 0x0000000082500000| Untracked 
|  38|0x0000000082600000, 0x0000000082700000, 0x0000000082700000|100%| O|  |TAMS 0x0000000082600000| PB 0x0000000082600000| Untracked 
|  39|0x0000000082700000, 0x0000000082800000, 0x0000000082800000|100%| O|  |TAMS 0x0000000082700000| PB 0x0000000082700000| Untracked 
|  40|0x0000000082800000, 0x0000000082900000, 0x0000000082900000|100%| O|  |TAMS 0x0000000082800000| PB 0x0000000082800000| Untracked 
|  41|0x0000000082900000, 0x0000000082a00000, 0x0000000082a00000|100%| O|  |TAMS 0x0000000082900000| PB 0x0000000082900000| Untracked 
|  42|0x0000000082a00000, 0x0000000082b00000, 0x0000000082b00000|100%| O|  |TAMS 0x0000000082a00000| PB 0x0000000082a00000| Untracked 
|  43|0x0000000082b00000, 0x0000000082c00000, 0x0000000082c00000|100%| O|  |TAMS 0x0000000082b00000| PB 0x0000000082b00000| Untracked 
|  44|0x0000000082c00000, 0x0000000082d00000, 0x0000000082d00000|100%| O|  |TAMS 0x0000000082c00000| PB 0x0000000082c00000| Untracked 
|  45|0x0000000082d00000, 0x0000000082e00000, 0x0000000082e00000|100%|HS|  |TAMS 0x0000000082d00000| PB 0x0000000082d00000| Complete 
|  46|0x0000000082e00000, 0x0000000082f00000, 0x0000000082f00000|100%| O|  |TAMS 0x0000000082e00000| PB 0x0000000082e00000| Untracked 
|  47|0x0000000082f00000, 0x0000000083000000, 0x0000000083000000|100%| O|  |TAMS 0x0000000082f00000| PB 0x0000000082f00000| Untracked 
|  48|0x0000000083000000, 0x0000000083100000, 0x0000000083100000|100%|HS|  |TAMS 0x0000000083000000| PB 0x0000000083000000| Complete 
|  49|0x0000000083100000, 0x0000000083200000, 0x0000000083200000|100%| O|  |TAMS 0x0000000083100000| PB 0x0000000083100000| Untracked 
|  50|0x0000000083200000, 0x0000000083300000, 0x0000000083300000|100%| O|  |TAMS 0x0000000083200000| PB 0x0000000083200000| Untracked 
|  51|0x0000000083300000, 0x0000000083400000, 0x0000000083400000|100%|HS|  |TAMS 0x0000000083300000| PB 0x0000000083300000| Complete 
|  52|0x0000000083400000, 0x0000000083500000, 0x0000000083500000|100%| O|  |TAMS 0x0000000083400000| PB 0x0000000083400000| Untracked 
|  53|0x0000000083500000, 0x0000000083600000, 0x0000000083600000|100%| O|  |TAMS 0x0000000083500000| PB 0x0000000083500000| Untracked 
|  54|0x0000000083600000, 0x0000000083700000, 0x0000000083700000|100%| O|  |TAMS 0x0000000083600000| PB 0x0000000083600000| Untracked 
|  55|0x0000000083700000, 0x0000000083800000, 0x0000000083800000|100%| O|  |TAMS 0x0000000083700000| PB 0x0000000083700000| Untracked 
|  56|0x0000000083800000, 0x0000000083900000, 0x0000000083900000|100%| O|  |TAMS 0x0000000083800000| PB 0x0000000083800000| Untracked 
|  57|0x0000000083900000, 0x0000000083a00000, 0x0000000083a00000|100%| O|  |TAMS 0x0000000083900000| PB 0x0000000083900000| Untracked 
|  58|0x0000000083a00000, 0x0000000083b00000, 0x0000000083b00000|100%| O|  |TAMS 0x0000000083a00000| PB 0x0000000083a00000| Untracked 
|  59|0x0000000083b00000, 0x0000000083c00000, 0x0000000083c00000|100%|HS|  |TAMS 0x0000000083b00000| PB 0x0000000083b00000| Complete 
|  60|0x0000000083c00000, 0x0000000083d00000, 0x0000000083d00000|100%|HC|  |TAMS 0x0000000083c00000| PB 0x0000000083c00000| Complete 
|  61|0x0000000083d00000, 0x0000000083e00000, 0x0000000083e00000|100%| O|  |TAMS 0x0000000083d00000| PB 0x0000000083d00000| Untracked 
|  62|0x0000000083e00000, 0x0000000083f00000, 0x0000000083f00000|100%|HS|  |TAMS 0x0000000083e00000| PB 0x0000000083e00000| Complete 
|  63|0x0000000083f00000, 0x0000000084000000, 0x0000000084000000|100%| O|  |TAMS 0x0000000083f00000| PB 0x0000000083f00000| Untracked 
|  64|0x0000000084000000, 0x0000000084100000, 0x0000000084100000|100%| O|  |TAMS 0x0000000084000000| PB 0x0000000084000000| Untracked 
|  65|0x0000000084100000, 0x0000000084200000, 0x0000000084200000|100%| O|  |TAMS 0x0000000084100000| PB 0x0000000084100000| Untracked 
|  66|0x0000000084200000, 0x0000000084300000, 0x0000000084300000|100%| O|  |TAMS 0x0000000084200000| PB 0x0000000084200000| Untracked 
|  67|0x0000000084300000, 0x0000000084400000, 0x0000000084400000|100%| O|  |TAMS 0x0000000084300000| PB 0x0000000084300000| Untracked 
|  68|0x0000000084400000, 0x0000000084500000, 0x0000000084500000|100%|HS|  |TAMS 0x0000000084400000| PB 0x0000000084400000| Complete 
|  69|0x0000000084500000, 0x0000000084600000, 0x0000000084600000|100%|HC|  |TAMS 0x0000000084500000| PB 0x0000000084500000| Complete 
|  70|0x0000000084600000, 0x0000000084700000, 0x0000000084700000|100%|HC|  |TAMS 0x0000000084600000| PB 0x0000000084600000| Complete 
|  71|0x0000000084700000, 0x0000000084800000, 0x0000000084800000|100%|HC|  |TAMS 0x0000000084700000| PB 0x0000000084700000| Complete 
|  72|0x0000000084800000, 0x0000000084900000, 0x0000000084900000|100%| O|  |TAMS 0x0000000084800000| PB 0x0000000084800000| Untracked 
|  73|0x0000000084900000, 0x0000000084a00000, 0x0000000084a00000|100%| O|  |TAMS 0x0000000084900000| PB 0x0000000084900000| Untracked 
|  74|0x0000000084a00000, 0x0000000084b00000, 0x0000000084b00000|100%| O|  |TAMS 0x0000000084a00000| PB 0x0000000084a00000| Untracked 
|  75|0x0000000084b00000, 0x0000000084c00000, 0x0000000084c00000|100%| O|  |TAMS 0x0000000084b00000| PB 0x0000000084b00000| Untracked 
|  76|0x0000000084c00000, 0x0000000084d00000, 0x0000000084d00000|100%|HS|  |TAMS 0x0000000084c00000| PB 0x0000000084c00000| Complete 
|  77|0x0000000084d00000, 0x0000000084e00000, 0x0000000084e00000|100%|HC|  |TAMS 0x0000000084d00000| PB 0x0000000084d00000| Complete 
|  78|0x0000000084e00000, 0x0000000084f00000, 0x0000000084f00000|100%| O|  |TAMS 0x0000000084e00000| PB 0x0000000084e00000| Untracked 
|  79|0x0000000084f00000, 0x0000000085000000, 0x0000000085000000|100%| O|  |TAMS 0x0000000084f00000| PB 0x0000000084f00000| Untracked 
|  80|0x0000000085000000, 0x0000000085100000, 0x0000000085100000|100%| O|  |TAMS 0x0000000085000000| PB 0x0000000085000000| Untracked 
|  81|0x0000000085100000, 0x0000000085200000, 0x0000000085200000|100%|HS|  |TAMS 0x0000000085100000| PB 0x0000000085100000| Complete 
|  82|0x0000000085200000, 0x0000000085300000, 0x0000000085300000|100%|HC|  |TAMS 0x0000000085200000| PB 0x0000000085200000| Complete 
|  83|0x0000000085300000, 0x0000000085400000, 0x0000000085400000|100%|HC|  |TAMS 0x0000000085300000| PB 0x0000000085300000| Complete 
|  84|0x0000000085400000, 0x0000000085500000, 0x0000000085500000|100%|HC|  |TAMS 0x0000000085400000| PB 0x0000000085400000| Complete 
|  85|0x0000000085500000, 0x0000000085600000, 0x0000000085600000|100%| O|  |TAMS 0x0000000085500000| PB 0x0000000085500000| Untracked 
|  86|0x0000000085600000, 0x0000000085700000, 0x0000000085700000|100%| O|  |TAMS 0x0000000085600000| PB 0x0000000085600000| Untracked 
|  87|0x0000000085700000, 0x0000000085800000, 0x0000000085800000|100%| O|  |TAMS 0x0000000085700000| PB 0x0000000085700000| Untracked 
|  88|0x0000000085800000, 0x0000000085900000, 0x0000000085900000|100%| O|  |TAMS 0x0000000085800000| PB 0x0000000085800000| Untracked 
|  89|0x0000000085900000, 0x0000000085a00000, 0x0000000085a00000|100%| O|  |TAMS 0x0000000085900000| PB 0x0000000085900000| Untracked 
|  90|0x0000000085a00000, 0x0000000085b00000, 0x0000000085b00000|100%| O|  |TAMS 0x0000000085a00000| PB 0x0000000085a00000| Untracked 
|  91|0x0000000085b00000, 0x0000000085bf5bc8, 0x0000000085c00000| 95%| O|  |TAMS 0x0000000085b00000| PB 0x0000000085b00000| Untracked 
|  92|0x0000000085c00000, 0x0000000085d00000, 0x0000000085d00000|100%| O|  |TAMS 0x0000000085c00000| PB 0x0000000085c00000| Untracked 
|  93|0x0000000085d00000, 0x0000000085e00000, 0x0000000085e00000|100%|HS|  |TAMS 0x0000000085d00000| PB 0x0000000085d00000| Complete 
|  94|0x0000000085e00000, 0x0000000085f00000, 0x0000000085f00000|100%|HC|  |TAMS 0x0000000085e00000| PB 0x0000000085e00000| Complete 
|  95|0x0000000085f00000, 0x0000000086000000, 0x0000000086000000|100%|HC|  |TAMS 0x0000000085f00000| PB 0x0000000085f00000| Complete 
|  96|0x0000000086000000, 0x0000000086100000, 0x0000000086100000|100%|HC|  |TAMS 0x0000000086000000| PB 0x0000000086000000| Complete 
|  97|0x0000000086100000, 0x0000000086200000, 0x0000000086200000|100%|HC|  |TAMS 0x0000000086100000| PB 0x0000000086100000| Complete 
|  98|0x0000000086200000, 0x0000000086300000, 0x0000000086300000|100%|HC|  |TAMS 0x0000000086200000| PB 0x0000000086200000| Complete 
|  99|0x0000000086300000, 0x0000000086400000, 0x0000000086400000|100%|HS|  |TAMS 0x0000000086300000| PB 0x0000000086300000| Complete 
| 100|0x0000000086400000, 0x0000000086500000, 0x0000000086500000|100%|HC|  |TAMS 0x0000000086400000| PB 0x0000000086400000| Complete 
| 101|0x0000000086500000, 0x0000000086600000, 0x0000000086600000|100%|HC|  |TAMS 0x0000000086500000| PB 0x0000000086500000| Complete 
| 102|0x0000000086600000, 0x0000000086700000, 0x0000000086700000|100%|HS|  |TAMS 0x0000000086600000| PB 0x0000000086600000| Complete 
| 103|0x0000000086700000, 0x0000000086800000, 0x0000000086800000|100%|HC|  |TAMS 0x0000000086700000| PB 0x0000000086700000| Complete 
| 104|0x0000000086800000, 0x0000000086900000, 0x0000000086900000|100%| O|  |TAMS 0x0000000086800000| PB 0x0000000086800000| Untracked 
| 105|0x0000000086900000, 0x0000000086a00000, 0x0000000086a00000|100%| O|  |TAMS 0x0000000086900000| PB 0x0000000086900000| Untracked 
| 106|0x0000000086a00000, 0x0000000086b00000, 0x0000000086b00000|100%| O|  |TAMS 0x0000000086a00000| PB 0x0000000086a00000| Untracked 
| 107|0x0000000086b00000, 0x0000000086c00000, 0x0000000086c00000|100%| O|  |TAMS 0x0000000086b00000| PB 0x0000000086b00000| Untracked 
| 108|0x0000000086c00000, 0x0000000086d00000, 0x0000000086d00000|100%| O|  |TAMS 0x0000000086c00000| PB 0x0000000086c00000| Untracked 
| 109|0x0000000086d00000, 0x0000000086e00000, 0x0000000086e00000|100%| O|  |TAMS 0x0000000086d00000| PB 0x0000000086d00000| Untracked 
| 110|0x0000000086e00000, 0x0000000086f00000, 0x0000000086f00000|100%| O|  |TAMS 0x0000000086e00000| PB 0x0000000086e00000| Untracked 
| 111|0x0000000086f00000, 0x0000000087000000, 0x0000000087000000|100%| O|  |TAMS 0x0000000086f00000| PB 0x0000000086f00000| Untracked 
| 112|0x0000000087000000, 0x0000000087100000, 0x0000000087100000|100%|HS|  |TAMS 0x0000000087000000| PB 0x0000000087000000| Complete 
| 113|0x0000000087100000, 0x0000000087200000, 0x0000000087200000|100%| O|  |TAMS 0x0000000087100000| PB 0x0000000087100000| Untracked 
| 114|0x0000000087200000, 0x0000000087300000, 0x0000000087300000|100%| O|  |TAMS 0x0000000087200000| PB 0x0000000087200000| Untracked 
| 115|0x0000000087300000, 0x0000000087400000, 0x0000000087400000|100%| O|  |TAMS 0x0000000087300000| PB 0x0000000087300000| Untracked 
| 116|0x0000000087400000, 0x0000000087500000, 0x0000000087500000|100%|HS|  |TAMS 0x0000000087400000| PB 0x0000000087400000| Complete 
| 117|0x0000000087500000, 0x0000000087600000, 0x0000000087600000|100%|HC|  |TAMS 0x0000000087500000| PB 0x0000000087500000| Complete 
| 118|0x0000000087600000, 0x0000000087700000, 0x0000000087700000|100%|HC|  |TAMS 0x0000000087600000| PB 0x0000000087600000| Complete 
| 119|0x0000000087700000, 0x0000000087800000, 0x0000000087800000|100%|HC|  |TAMS 0x0000000087700000| PB 0x0000000087700000| Complete 
| 120|0x0000000087800000, 0x0000000087900000, 0x0000000087900000|100%|HC|  |TAMS 0x0000000087800000| PB 0x0000000087800000| Complete 
| 121|0x0000000087900000, 0x0000000087a00000, 0x0000000087a00000|100%|HC|  |TAMS 0x0000000087900000| PB 0x0000000087900000| Complete 
| 122|0x0000000087a00000, 0x0000000087b00000, 0x0000000087b00000|100%|HS|  |TAMS 0x0000000087a00000| PB 0x0000000087a00000| Complete 
| 123|0x0000000087b00000, 0x0000000087c00000, 0x0000000087c00000|100%|HC|  |TAMS 0x0000000087b00000| PB 0x0000000087b00000| Complete 
| 124|0x0000000087c00000, 0x0000000087d00000, 0x0000000087d00000|100%| O|  |TAMS 0x0000000087c00000| PB 0x0000000087c00000| Untracked 
| 125|0x0000000087d00000, 0x0000000087e00000, 0x0000000087e00000|100%| O|  |TAMS 0x0000000087d00000| PB 0x0000000087d00000| Untracked 
| 126|0x0000000087e00000, 0x0000000087f00000, 0x0000000087f00000|100%|HS|  |TAMS 0x0000000087e00000| PB 0x0000000087e00000| Complete 
| 127|0x0000000087f00000, 0x0000000088000000, 0x0000000088000000|100%|HC|  |TAMS 0x0000000087f00000| PB 0x0000000087f00000| Complete 
| 128|0x0000000088000000, 0x0000000088100000, 0x0000000088100000|100%|HC|  |TAMS 0x0000000088000000| PB 0x0000000088000000| Complete 
| 129|0x0000000088100000, 0x0000000088200000, 0x0000000088200000|100%|HC|  |TAMS 0x0000000088100000| PB 0x0000000088100000| Complete 
| 130|0x0000000088200000, 0x0000000088300000, 0x0000000088300000|100%|HC|  |TAMS 0x0000000088200000| PB 0x0000000088200000| Complete 
| 131|0x0000000088300000, 0x0000000088400000, 0x0000000088400000|100%|HC|  |TAMS 0x0000000088300000| PB 0x0000000088300000| Complete 
| 132|0x0000000088400000, 0x0000000088500000, 0x0000000088500000|100%|HS|  |TAMS 0x0000000088400000| PB 0x0000000088400000| Complete 
| 133|0x0000000088500000, 0x0000000088600000, 0x0000000088600000|100%|HC|  |TAMS 0x0000000088500000| PB 0x0000000088500000| Complete 
| 134|0x0000000088600000, 0x0000000088700000, 0x0000000088700000|100%|HC|  |TAMS 0x0000000088600000| PB 0x0000000088600000| Complete 
| 135|0x0000000088700000, 0x0000000088800000, 0x0000000088800000|100%|HS|  |TAMS 0x0000000088700000| PB 0x0000000088700000| Complete 
| 136|0x0000000088800000, 0x0000000088900000, 0x0000000088900000|100%|HC|  |TAMS 0x0000000088800000| PB 0x0000000088800000| Complete 
| 137|0x0000000088900000, 0x0000000088a00000, 0x0000000088a00000|100%| O|  |TAMS 0x0000000088900000| PB 0x0000000088900000| Untracked 
| 138|0x0000000088a00000, 0x0000000088b00000, 0x0000000088b00000|100%| O|  |TAMS 0x0000000088a00000| PB 0x0000000088a00000| Untracked 
| 139|0x0000000088b00000, 0x0000000088b00000, 0x0000000088c00000|  0%| F|  |TAMS 0x0000000088b00000| PB 0x0000000088b00000| Untracked 
| 140|0x0000000088c00000, 0x0000000088d00000, 0x0000000088d00000|100%| O|  |TAMS 0x0000000088c00000| PB 0x0000000088c00000| Untracked 
| 141|0x0000000088d00000, 0x0000000088e00000, 0x0000000088e00000|100%| O|  |TAMS 0x0000000088d00000| PB 0x0000000088d00000| Untracked 
| 142|0x0000000088e00000, 0x0000000088f00000, 0x0000000088f00000|100%| O|  |TAMS 0x0000000088e00000| PB 0x0000000088e00000| Untracked 
| 143|0x0000000088f00000, 0x0000000089000000, 0x0000000089000000|100%| O|  |TAMS 0x0000000088f00000| PB 0x0000000088f00000| Untracked 
| 144|0x0000000089000000, 0x0000000089100000, 0x0000000089100000|100%| O|  |TAMS 0x0000000089000000| PB 0x0000000089000000| Untracked 
| 145|0x0000000089100000, 0x0000000089200000, 0x0000000089200000|100%| O|  |TAMS 0x0000000089100000| PB 0x0000000089100000| Untracked 
| 146|0x0000000089200000, 0x0000000089300000, 0x0000000089300000|100%| O|  |TAMS 0x0000000089200000| PB 0x0000000089200000| Untracked 
| 147|0x0000000089300000, 0x0000000089400000, 0x0000000089400000|100%| O|  |TAMS 0x0000000089300000| PB 0x0000000089300000| Untracked 
| 148|0x0000000089400000, 0x0000000089500000, 0x0000000089500000|100%| O|  |TAMS 0x0000000089400000| PB 0x0000000089400000| Untracked 
| 149|0x0000000089500000, 0x0000000089600000, 0x0000000089600000|100%| O|  |TAMS 0x0000000089500000| PB 0x0000000089500000| Untracked 
| 150|0x0000000089600000, 0x0000000089700000, 0x0000000089700000|100%| O|  |TAMS 0x0000000089600000| PB 0x0000000089600000| Untracked 
| 151|0x0000000089700000, 0x0000000089800000, 0x0000000089800000|100%| O|  |TAMS 0x0000000089700000| PB 0x0000000089700000| Untracked 
| 152|0x0000000089800000, 0x0000000089900000, 0x0000000089900000|100%| O|  |TAMS 0x0000000089800000| PB 0x0000000089800000| Untracked 
| 153|0x0000000089900000, 0x0000000089a00000, 0x0000000089a00000|100%| O|  |TAMS 0x0000000089900000| PB 0x0000000089900000| Untracked 
| 154|0x0000000089a00000, 0x0000000089b00000, 0x0000000089b00000|100%| O|  |TAMS 0x0000000089a00000| PB 0x0000000089a00000| Untracked 
| 155|0x0000000089b00000, 0x0000000089c00000, 0x0000000089c00000|100%| O|  |TAMS 0x0000000089b00000| PB 0x0000000089b00000| Untracked 
| 156|0x0000000089c00000, 0x0000000089d00000, 0x0000000089d00000|100%| O|  |TAMS 0x0000000089c00000| PB 0x0000000089c00000| Untracked 
| 157|0x0000000089d00000, 0x0000000089e00000, 0x0000000089e00000|100%| O|  |TAMS 0x0000000089d00000| PB 0x0000000089d00000| Untracked 
| 158|0x0000000089e00000, 0x0000000089f00000, 0x0000000089f00000|100%| O|  |TAMS 0x0000000089e00000| PB 0x0000000089e00000| Untracked 
| 159|0x0000000089f00000, 0x000000008a000000, 0x000000008a000000|100%| O|  |TAMS 0x0000000089f00000| PB 0x0000000089f00000| Untracked 
| 160|0x000000008a000000, 0x000000008a100000, 0x000000008a100000|100%| O|  |TAMS 0x000000008a000000| PB 0x000000008a000000| Untracked 
| 161|0x000000008a100000, 0x000000008a200000, 0x000000008a200000|100%| O|  |TAMS 0x000000008a100000| PB 0x000000008a100000| Untracked 
| 162|0x000000008a200000, 0x000000008a300000, 0x000000008a300000|100%| O|  |TAMS 0x000000008a200000| PB 0x000000008a200000| Untracked 
| 163|0x000000008a300000, 0x000000008a400000, 0x000000008a400000|100%| O|  |TAMS 0x000000008a300000| PB 0x000000008a300000| Untracked 
| 164|0x000000008a400000, 0x000000008a500000, 0x000000008a500000|100%| O|  |TAMS 0x000000008a400000| PB 0x000000008a400000| Untracked 
| 165|0x000000008a500000, 0x000000008a600000, 0x000000008a600000|100%| O|  |TAMS 0x000000008a500000| PB 0x000000008a500000| Untracked 
| 166|0x000000008a600000, 0x000000008a700000, 0x000000008a700000|100%| O|  |TAMS 0x000000008a600000| PB 0x000000008a600000| Untracked 
| 167|0x000000008a700000, 0x000000008a800000, 0x000000008a800000|100%| O|  |TAMS 0x000000008a700000| PB 0x000000008a700000| Untracked 
| 168|0x000000008a800000, 0x000000008a900000, 0x000000008a900000|100%| O|  |TAMS 0x000000008a800000| PB 0x000000008a800000| Untracked 
| 169|0x000000008a900000, 0x000000008aa00000, 0x000000008aa00000|100%| O|  |TAMS 0x000000008a900000| PB 0x000000008a900000| Untracked 
| 170|0x000000008aa00000, 0x000000008ab00000, 0x000000008ab00000|100%| O|  |TAMS 0x000000008aa00000| PB 0x000000008aa00000| Untracked 
| 171|0x000000008ab00000, 0x000000008ac00000, 0x000000008ac00000|100%| O|  |TAMS 0x000000008ab00000| PB 0x000000008ab00000| Untracked 
| 172|0x000000008ac00000, 0x000000008ad00000, 0x000000008ad00000|100%| O|  |TAMS 0x000000008ac00000| PB 0x000000008ac00000| Untracked 
| 173|0x000000008ad00000, 0x000000008ae00000, 0x000000008ae00000|100%| O|  |TAMS 0x000000008ad00000| PB 0x000000008ad00000| Untracked 
| 174|0x000000008ae00000, 0x000000008af00000, 0x000000008af00000|100%| O|  |TAMS 0x000000008ae00000| PB 0x000000008ae00000| Untracked 
| 175|0x000000008af00000, 0x000000008b000000, 0x000000008b000000|100%| O|  |TAMS 0x000000008af00000| PB 0x000000008af00000| Untracked 
| 176|0x000000008b000000, 0x000000008b100000, 0x000000008b100000|100%| O|  |TAMS 0x000000008b000000| PB 0x000000008b000000| Untracked 
| 177|0x000000008b100000, 0x000000008b200000, 0x000000008b200000|100%| O|  |TAMS 0x000000008b100000| PB 0x000000008b100000| Untracked 
| 178|0x000000008b200000, 0x000000008b300000, 0x000000008b300000|100%| O|  |TAMS 0x000000008b200000| PB 0x000000008b200000| Untracked 
| 179|0x000000008b300000, 0x000000008b400000, 0x000000008b400000|100%| O|  |TAMS 0x000000008b300000| PB 0x000000008b300000| Untracked 
| 180|0x000000008b400000, 0x000000008b500000, 0x000000008b500000|100%| O|  |TAMS 0x000000008b400000| PB 0x000000008b400000| Untracked 
| 181|0x000000008b500000, 0x000000008b600000, 0x000000008b600000|100%| O|  |TAMS 0x000000008b500000| PB 0x000000008b500000| Untracked 
| 182|0x000000008b600000, 0x000000008b600000, 0x000000008b700000|  0%| F|  |TAMS 0x000000008b600000| PB 0x000000008b600000| Untracked 
| 183|0x000000008b700000, 0x000000008b800000, 0x000000008b800000|100%| O|  |TAMS 0x000000008b700000| PB 0x000000008b700000| Untracked 
| 184|0x000000008b800000, 0x000000008b900000, 0x000000008b900000|100%| O|  |TAMS 0x000000008b800000| PB 0x000000008b800000| Untracked 
| 185|0x000000008b900000, 0x000000008ba00000, 0x000000008ba00000|100%| O|  |TAMS 0x000000008b900000| PB 0x000000008b900000| Untracked 
| 186|0x000000008ba00000, 0x000000008bb00000, 0x000000008bb00000|100%| O|  |TAMS 0x000000008ba00000| PB 0x000000008ba00000| Untracked 
| 187|0x000000008bb00000, 0x000000008bc00000, 0x000000008bc00000|100%| O|  |TAMS 0x000000008bb00000| PB 0x000000008bb00000| Untracked 
| 188|0x000000008bc00000, 0x000000008bd00000, 0x000000008bd00000|100%| O|  |TAMS 0x000000008bc00000| PB 0x000000008bc00000| Untracked 
| 189|0x000000008bd00000, 0x000000008be00000, 0x000000008be00000|100%| O|  |TAMS 0x000000008bd00000| PB 0x000000008bd00000| Untracked 
| 190|0x000000008be00000, 0x000000008bf00000, 0x000000008bf00000|100%| O|  |TAMS 0x000000008be00000| PB 0x000000008be00000| Untracked 
| 191|0x000000008bf00000, 0x000000008c000000, 0x000000008c000000|100%| O|  |TAMS 0x000000008bf00000| PB 0x000000008bf00000| Untracked 
| 192|0x000000008c000000, 0x000000008c100000, 0x000000008c100000|100%| O|  |TAMS 0x000000008c000000| PB 0x000000008c000000| Untracked 
| 193|0x000000008c100000, 0x000000008c100000, 0x000000008c200000|  0%| F|  |TAMS 0x000000008c100000| PB 0x000000008c100000| Untracked 
| 194|0x000000008c200000, 0x000000008c300000, 0x000000008c300000|100%| O|  |TAMS 0x000000008c200000| PB 0x000000008c200000| Untracked 
| 195|0x000000008c300000, 0x000000008c400000, 0x000000008c400000|100%| O|  |TAMS 0x000000008c300000| PB 0x000000008c300000| Untracked 
| 196|0x000000008c400000, 0x000000008c500000, 0x000000008c500000|100%| O|  |TAMS 0x000000008c400000| PB 0x000000008c400000| Untracked 
| 197|0x000000008c500000, 0x000000008c600000, 0x000000008c600000|100%| O|  |TAMS 0x000000008c500000| PB 0x000000008c500000| Untracked 
| 198|0x000000008c600000, 0x000000008c700000, 0x000000008c700000|100%| O|  |TAMS 0x000000008c600000| PB 0x000000008c600000| Untracked 
| 199|0x000000008c700000, 0x000000008c800000, 0x000000008c800000|100%| O|  |TAMS 0x000000008c700000| PB 0x000000008c700000| Untracked 
| 200|0x000000008c800000, 0x000000008c900000, 0x000000008c900000|100%| O|  |TAMS 0x000000008c800000| PB 0x000000008c800000| Untracked 
| 201|0x000000008c900000, 0x000000008ca00000, 0x000000008ca00000|100%| O|  |TAMS 0x000000008c900000| PB 0x000000008c900000| Untracked 
| 202|0x000000008ca00000, 0x000000008cb00000, 0x000000008cb00000|100%| O|  |TAMS 0x000000008ca00000| PB 0x000000008ca00000| Untracked 
| 203|0x000000008cb00000, 0x000000008cc00000, 0x000000008cc00000|100%| O|  |TAMS 0x000000008cb00000| PB 0x000000008cb00000| Untracked 
| 204|0x000000008cc00000, 0x000000008cd00000, 0x000000008cd00000|100%| O|  |TAMS 0x000000008cc00000| PB 0x000000008cc00000| Untracked 
| 205|0x000000008cd00000, 0x000000008ce00000, 0x000000008ce00000|100%| O|  |TAMS 0x000000008cd00000| PB 0x000000008cd00000| Untracked 
| 206|0x000000008ce00000, 0x000000008cf00000, 0x000000008cf00000|100%| O|  |TAMS 0x000000008ce00000| PB 0x000000008ce00000| Untracked 
| 207|0x000000008cf00000, 0x000000008d000000, 0x000000008d000000|100%| O|  |TAMS 0x000000008cf00000| PB 0x000000008cf00000| Untracked 
| 208|0x000000008d000000, 0x000000008d100000, 0x000000008d100000|100%| O|  |TAMS 0x000000008d000000| PB 0x000000008d000000| Untracked 
| 209|0x000000008d100000, 0x000000008d200000, 0x000000008d200000|100%| O|  |TAMS 0x000000008d100000| PB 0x000000008d100000| Untracked 
| 210|0x000000008d200000, 0x000000008d300000, 0x000000008d300000|100%| O|  |TAMS 0x000000008d200000| PB 0x000000008d200000| Untracked 
| 211|0x000000008d300000, 0x000000008d400000, 0x000000008d400000|100%| O|  |TAMS 0x000000008d300000| PB 0x000000008d300000| Untracked 
| 212|0x000000008d400000, 0x000000008d500000, 0x000000008d500000|100%| O|  |TAMS 0x000000008d400000| PB 0x000000008d400000| Untracked 
| 213|0x000000008d500000, 0x000000008d600000, 0x000000008d600000|100%| O|  |TAMS 0x000000008d500000| PB 0x000000008d500000| Untracked 
| 214|0x000000008d600000, 0x000000008d700000, 0x000000008d700000|100%| O|  |TAMS 0x000000008d600000| PB 0x000000008d600000| Untracked 
| 215|0x000000008d700000, 0x000000008d700000, 0x000000008d800000|  0%| F|  |TAMS 0x000000008d700000| PB 0x000000008d700000| Untracked 
| 216|0x000000008d800000, 0x000000008d900000, 0x000000008d900000|100%| O|  |TAMS 0x000000008d800000| PB 0x000000008d800000| Untracked 
| 217|0x000000008d900000, 0x000000008da00000, 0x000000008da00000|100%| O|  |TAMS 0x000000008d900000| PB 0x000000008d900000| Untracked 
| 218|0x000000008da00000, 0x000000008db00000, 0x000000008db00000|100%| O|  |TAMS 0x000000008da00000| PB 0x000000008da00000| Untracked 
| 219|0x000000008db00000, 0x000000008dc00000, 0x000000008dc00000|100%| O|  |TAMS 0x000000008db00000| PB 0x000000008db00000| Untracked 
| 220|0x000000008dc00000, 0x000000008dd00000, 0x000000008dd00000|100%| O|  |TAMS 0x000000008dc00000| PB 0x000000008dc00000| Untracked 
| 221|0x000000008dd00000, 0x000000008de00000, 0x000000008de00000|100%| O|  |TAMS 0x000000008dd00000| PB 0x000000008dd00000| Untracked 
| 222|0x000000008de00000, 0x000000008df00000, 0x000000008df00000|100%| O|  |TAMS 0x000000008de00000| PB 0x000000008de00000| Untracked 
| 223|0x000000008df00000, 0x000000008e000000, 0x000000008e000000|100%| O|  |TAMS 0x000000008df00000| PB 0x000000008df00000| Untracked 
| 224|0x000000008e000000, 0x000000008e100000, 0x000000008e100000|100%| O|  |TAMS 0x000000008e000000| PB 0x000000008e000000| Untracked 
| 225|0x000000008e100000, 0x000000008e200000, 0x000000008e200000|100%| O|  |TAMS 0x000000008e100000| PB 0x000000008e100000| Untracked 
| 226|0x000000008e200000, 0x000000008e300000, 0x000000008e300000|100%| O|  |TAMS 0x000000008e200000| PB 0x000000008e200000| Untracked 
| 227|0x000000008e300000, 0x000000008e400000, 0x000000008e400000|100%| O|  |TAMS 0x000000008e300000| PB 0x000000008e300000| Untracked 
| 228|0x000000008e400000, 0x000000008e500000, 0x000000008e500000|100%| O|  |TAMS 0x000000008e400000| PB 0x000000008e400000| Untracked 
| 229|0x000000008e500000, 0x000000008e600000, 0x000000008e600000|100%| O|  |TAMS 0x000000008e500000| PB 0x000000008e500000| Untracked 
| 230|0x000000008e600000, 0x000000008e700000, 0x000000008e700000|100%| O|  |TAMS 0x000000008e600000| PB 0x000000008e600000| Untracked 
| 231|0x000000008e700000, 0x000000008e800000, 0x000000008e800000|100%| O|  |TAMS 0x000000008e700000| PB 0x000000008e700000| Untracked 
| 232|0x000000008e800000, 0x000000008e900000, 0x000000008e900000|100%| O|  |TAMS 0x000000008e800000| PB 0x000000008e800000| Untracked 
| 233|0x000000008e900000, 0x000000008ea00000, 0x000000008ea00000|100%| O|  |TAMS 0x000000008e900000| PB 0x000000008e900000| Untracked 
| 234|0x000000008ea00000, 0x000000008eb00000, 0x000000008eb00000|100%| O|  |TAMS 0x000000008ea00000| PB 0x000000008ea00000| Untracked 
| 235|0x000000008eb00000, 0x000000008eb00000, 0x000000008ec00000|  0%| F|  |TAMS 0x000000008eb00000| PB 0x000000008eb00000| Untracked 
| 236|0x000000008ec00000, 0x000000008ed00000, 0x000000008ed00000|100%| O|  |TAMS 0x000000008ec00000| PB 0x000000008ec00000| Untracked 
| 237|0x000000008ed00000, 0x000000008ee00000, 0x000000008ee00000|100%| O|  |TAMS 0x000000008ed00000| PB 0x000000008ed00000| Untracked 
| 238|0x000000008ee00000, 0x000000008ee00000, 0x000000008ef00000|  0%| F|  |TAMS 0x000000008ee00000| PB 0x000000008ee00000| Untracked 
| 239|0x000000008ef00000, 0x000000008ef00000, 0x000000008f000000|  0%| F|  |TAMS 0x000000008ef00000| PB 0x000000008ef00000| Untracked 
| 240|0x000000008f000000, 0x000000008f000000, 0x000000008f100000|  0%| F|  |TAMS 0x000000008f000000| PB 0x000000008f000000| Untracked 
| 241|0x000000008f100000, 0x000000008f200000, 0x000000008f200000|100%| O|  |TAMS 0x000000008f100000| PB 0x000000008f100000| Untracked 
| 242|0x000000008f200000, 0x000000008f300000, 0x000000008f300000|100%| O|  |TAMS 0x000000008f200000| PB 0x000000008f200000| Untracked 
| 243|0x000000008f300000, 0x000000008f400000, 0x000000008f400000|100%| O|  |TAMS 0x000000008f300000| PB 0x000000008f300000| Untracked 
| 244|0x000000008f400000, 0x000000008f500000, 0x000000008f500000|100%| O|  |TAMS 0x000000008f400000| PB 0x000000008f400000| Untracked 
| 245|0x000000008f500000, 0x000000008f600000, 0x000000008f600000|100%| O|  |TAMS 0x000000008f500000| PB 0x000000008f500000| Untracked 
| 246|0x000000008f600000, 0x000000008f700000, 0x000000008f700000|100%| O|  |TAMS 0x000000008f600000| PB 0x000000008f600000| Untracked 
| 247|0x000000008f700000, 0x000000008f800000, 0x000000008f800000|100%| O|  |TAMS 0x000000008f700000| PB 0x000000008f700000| Untracked 
| 248|0x000000008f800000, 0x000000008f900000, 0x000000008f900000|100%| O|  |TAMS 0x000000008f800000| PB 0x000000008f800000| Untracked 
| 249|0x000000008f900000, 0x000000008fa00000, 0x000000008fa00000|100%| O|  |TAMS 0x000000008f900000| PB 0x000000008f900000| Untracked 
| 250|0x000000008fa00000, 0x000000008fb00000, 0x000000008fb00000|100%| O|  |TAMS 0x000000008fa00000| PB 0x000000008fa00000| Untracked 
| 251|0x000000008fb00000, 0x000000008fc00000, 0x000000008fc00000|100%| O|  |TAMS 0x000000008fb00000| PB 0x000000008fb00000| Untracked 
| 252|0x000000008fc00000, 0x000000008fd00000, 0x000000008fd00000|100%| O|  |TAMS 0x000000008fc00000| PB 0x000000008fc00000| Untracked 
| 253|0x000000008fd00000, 0x000000008fd300f0, 0x000000008fe00000| 18%| O|  |TAMS 0x000000008fd00000| PB 0x000000008fd00000| Untracked 
| 254|0x000000008fe00000, 0x000000008fe00000, 0x000000008ff00000|  0%| F|  |TAMS 0x000000008fe00000| PB 0x000000008fe00000| Untracked 
| 255|0x000000008ff00000, 0x000000008ff00000, 0x0000000090000000|  0%| F|  |TAMS 0x000000008ff00000| PB 0x000000008ff00000| Untracked 
| 256|0x0000000090000000, 0x0000000090000000, 0x0000000090100000|  0%| F|  |TAMS 0x0000000090000000| PB 0x0000000090000000| Untracked 
| 257|0x0000000090100000, 0x0000000090100000, 0x0000000090200000|  0%| F|  |TAMS 0x0000000090100000| PB 0x0000000090100000| Untracked 
| 258|0x0000000090200000, 0x0000000090200000, 0x0000000090300000|  0%| F|  |TAMS 0x0000000090200000| PB 0x0000000090200000| Untracked 
| 259|0x0000000090300000, 0x0000000090300000, 0x0000000090400000|  0%| F|  |TAMS 0x0000000090300000| PB 0x0000000090300000| Untracked 
| 260|0x0000000090400000, 0x0000000090400000, 0x0000000090500000|  0%| F|  |TAMS 0x0000000090400000| PB 0x0000000090400000| Untracked 
| 261|0x0000000090500000, 0x0000000090500000, 0x0000000090600000|  0%| F|  |TAMS 0x0000000090500000| PB 0x0000000090500000| Untracked 
| 262|0x0000000090600000, 0x0000000090600000, 0x0000000090700000|  0%| F|  |TAMS 0x0000000090600000| PB 0x0000000090600000| Untracked 
| 263|0x0000000090700000, 0x0000000090700000, 0x0000000090800000|  0%| F|  |TAMS 0x0000000090700000| PB 0x0000000090700000| Untracked 
| 264|0x0000000090800000, 0x0000000090800000, 0x0000000090900000|  0%| F|  |TAMS 0x0000000090800000| PB 0x0000000090800000| Untracked 
| 265|0x0000000090900000, 0x0000000090900000, 0x0000000090a00000|  0%| F|  |TAMS 0x0000000090900000| PB 0x0000000090900000| Untracked 
| 266|0x0000000090a00000, 0x0000000090a00000, 0x0000000090b00000|  0%| F|  |TAMS 0x0000000090a00000| PB 0x0000000090a00000| Untracked 
| 267|0x0000000090b00000, 0x0000000090b00000, 0x0000000090c00000|  0%| F|  |TAMS 0x0000000090b00000| PB 0x0000000090b00000| Untracked 
| 268|0x0000000090c00000, 0x0000000090d00000, 0x0000000090d00000|100%| S|CS|TAMS 0x0000000090c00000| PB 0x0000000090c00000| Complete 
| 269|0x0000000090d00000, 0x0000000090e00000, 0x0000000090e00000|100%| S|CS|TAMS 0x0000000090d00000| PB 0x0000000090d00000| Complete 
| 270|0x0000000090e00000, 0x0000000090f00000, 0x0000000090f00000|100%| S|CS|TAMS 0x0000000090e00000| PB 0x0000000090e00000| Complete 
| 271|0x0000000090f00000, 0x0000000091000000, 0x0000000091000000|100%| S|CS|TAMS 0x0000000090f00000| PB 0x0000000090f00000| Complete 
| 272|0x0000000091000000, 0x0000000091100000, 0x0000000091100000|100%| S|CS|TAMS 0x0000000091000000| PB 0x0000000091000000| Complete 
| 273|0x0000000091100000, 0x0000000091200000, 0x0000000091200000|100%| S|CS|TAMS 0x0000000091100000| PB 0x0000000091100000| Complete 
| 274|0x0000000091200000, 0x0000000091300000, 0x0000000091300000|100%| S|CS|TAMS 0x0000000091200000| PB 0x0000000091200000| Complete 
| 275|0x0000000091300000, 0x0000000091400000, 0x0000000091400000|100%| S|CS|TAMS 0x0000000091300000| PB 0x0000000091300000| Complete 
| 276|0x0000000091400000, 0x0000000091500000, 0x0000000091500000|100%| S|CS|TAMS 0x0000000091400000| PB 0x0000000091400000| Complete 
| 277|0x0000000091500000, 0x0000000091600000, 0x0000000091600000|100%| S|CS|TAMS 0x0000000091500000| PB 0x0000000091500000| Complete 
| 278|0x0000000091600000, 0x0000000091700000, 0x0000000091700000|100%| S|CS|TAMS 0x0000000091600000| PB 0x0000000091600000| Complete 
| 279|0x0000000091700000, 0x0000000091800000, 0x0000000091800000|100%| S|CS|TAMS 0x0000000091700000| PB 0x0000000091700000| Complete 
| 280|0x0000000091800000, 0x0000000091900000, 0x0000000091900000|100%| S|CS|TAMS 0x0000000091800000| PB 0x0000000091800000| Complete 
| 281|0x0000000091900000, 0x0000000091a00000, 0x0000000091a00000|100%| S|CS|TAMS 0x0000000091900000| PB 0x0000000091900000| Complete 
| 282|0x0000000091a00000, 0x0000000091b00000, 0x0000000091b00000|100%| S|CS|TAMS 0x0000000091a00000| PB 0x0000000091a00000| Complete 
| 283|0x0000000091b00000, 0x0000000091b00000, 0x0000000091c00000|  0%| F|  |TAMS 0x0000000091b00000| PB 0x0000000091b00000| Untracked 
| 284|0x0000000091c00000, 0x0000000091c00000, 0x0000000091d00000|  0%| F|  |TAMS 0x0000000091c00000| PB 0x0000000091c00000| Untracked 
| 285|0x0000000091d00000, 0x0000000091d00000, 0x0000000091e00000|  0%| F|  |TAMS 0x0000000091d00000| PB 0x0000000091d00000| Untracked 
| 286|0x0000000091e00000, 0x0000000091e00000, 0x0000000091f00000|  0%| F|  |TAMS 0x0000000091e00000| PB 0x0000000091e00000| Untracked 
| 287|0x0000000091f00000, 0x0000000091f00000, 0x0000000092000000|  0%| F|  |TAMS 0x0000000091f00000| PB 0x0000000091f00000| Untracked 
| 288|0x0000000092000000, 0x0000000092000000, 0x0000000092100000|  0%| F|  |TAMS 0x0000000092000000| PB 0x0000000092000000| Untracked 
| 289|0x0000000092100000, 0x0000000092100000, 0x0000000092200000|  0%| F|  |TAMS 0x0000000092100000| PB 0x0000000092100000| Untracked 
| 290|0x0000000092200000, 0x0000000092200000, 0x0000000092300000|  0%| F|  |TAMS 0x0000000092200000| PB 0x0000000092200000| Untracked 
| 291|0x0000000092300000, 0x0000000092300000, 0x0000000092400000|  0%| F|  |TAMS 0x0000000092300000| PB 0x0000000092300000| Untracked 
| 292|0x0000000092400000, 0x0000000092400000, 0x0000000092500000|  0%| F|  |TAMS 0x0000000092400000| PB 0x0000000092400000| Untracked 
| 293|0x0000000092500000, 0x0000000092500000, 0x0000000092600000|  0%| F|  |TAMS 0x0000000092500000| PB 0x0000000092500000| Untracked 
| 294|0x0000000092600000, 0x0000000092600000, 0x0000000092700000|  0%| F|  |TAMS 0x0000000092600000| PB 0x0000000092600000| Untracked 
| 295|0x0000000092700000, 0x0000000092700000, 0x0000000092800000|  0%| F|  |TAMS 0x0000000092700000| PB 0x0000000092700000| Untracked 
| 296|0x0000000092800000, 0x0000000092800000, 0x0000000092900000|  0%| F|  |TAMS 0x0000000092800000| PB 0x0000000092800000| Untracked 
| 297|0x0000000092900000, 0x0000000092900000, 0x0000000092a00000|  0%| F|  |TAMS 0x0000000092900000| PB 0x0000000092900000| Untracked 
| 298|0x0000000092a00000, 0x0000000092a00000, 0x0000000092b00000|  0%| F|  |TAMS 0x0000000092a00000| PB 0x0000000092a00000| Untracked 
| 299|0x0000000092b00000, 0x0000000092b00000, 0x0000000092c00000|  0%| F|  |TAMS 0x0000000092b00000| PB 0x0000000092b00000| Untracked 
| 300|0x0000000092c00000, 0x0000000092c00000, 0x0000000092d00000|  0%| F|  |TAMS 0x0000000092c00000| PB 0x0000000092c00000| Untracked 
| 301|0x0000000092d00000, 0x0000000092d00000, 0x0000000092e00000|  0%| F|  |TAMS 0x0000000092d00000| PB 0x0000000092d00000| Untracked 
| 302|0x0000000092e00000, 0x0000000092e00000, 0x0000000092f00000|  0%| F|  |TAMS 0x0000000092e00000| PB 0x0000000092e00000| Untracked 
| 303|0x0000000092f00000, 0x0000000092f00000, 0x0000000093000000|  0%| F|  |TAMS 0x0000000092f00000| PB 0x0000000092f00000| Untracked 
| 304|0x0000000093000000, 0x0000000093000000, 0x0000000093100000|  0%| F|  |TAMS 0x0000000093000000| PB 0x0000000093000000| Untracked 
| 305|0x0000000093100000, 0x0000000093100000, 0x0000000093200000|  0%| F|  |TAMS 0x0000000093100000| PB 0x0000000093100000| Untracked 
| 306|0x0000000093200000, 0x0000000093200000, 0x0000000093300000|  0%| F|  |TAMS 0x0000000093200000| PB 0x0000000093200000| Untracked 
| 307|0x0000000093300000, 0x0000000093300000, 0x0000000093400000|  0%| F|  |TAMS 0x0000000093300000| PB 0x0000000093300000| Untracked 
| 308|0x0000000093400000, 0x0000000093400000, 0x0000000093500000|  0%| F|  |TAMS 0x0000000093400000| PB 0x0000000093400000| Untracked 
| 309|0x0000000093500000, 0x0000000093500000, 0x0000000093600000|  0%| F|  |TAMS 0x0000000093500000| PB 0x0000000093500000| Untracked 
| 310|0x0000000093600000, 0x0000000093600000, 0x0000000093700000|  0%| F|  |TAMS 0x0000000093600000| PB 0x0000000093600000| Untracked 
| 311|0x0000000093700000, 0x0000000093700000, 0x0000000093800000|  0%| F|  |TAMS 0x0000000093700000| PB 0x0000000093700000| Untracked 
| 312|0x0000000093800000, 0x0000000093800000, 0x0000000093900000|  0%| F|  |TAMS 0x0000000093800000| PB 0x0000000093800000| Untracked 
| 313|0x0000000093900000, 0x0000000093900000, 0x0000000093a00000|  0%| F|  |TAMS 0x0000000093900000| PB 0x0000000093900000| Untracked 
| 314|0x0000000093a00000, 0x0000000093a00000, 0x0000000093b00000|  0%| F|  |TAMS 0x0000000093a00000| PB 0x0000000093a00000| Untracked 
| 315|0x0000000093b00000, 0x0000000093b00000, 0x0000000093c00000|  0%| F|  |TAMS 0x0000000093b00000| PB 0x0000000093b00000| Untracked 
| 316|0x0000000093c00000, 0x0000000093c00000, 0x0000000093d00000|  0%| F|  |TAMS 0x0000000093c00000| PB 0x0000000093c00000| Untracked 
| 317|0x0000000093d00000, 0x0000000093d00000, 0x0000000093e00000|  0%| F|  |TAMS 0x0000000093d00000| PB 0x0000000093d00000| Untracked 
| 318|0x0000000093e00000, 0x0000000093e00000, 0x0000000093f00000|  0%| F|  |TAMS 0x0000000093e00000| PB 0x0000000093e00000| Untracked 
| 319|0x0000000093f00000, 0x0000000093f00000, 0x0000000094000000|  0%| F|  |TAMS 0x0000000093f00000| PB 0x0000000093f00000| Untracked 
| 320|0x0000000094000000, 0x0000000094000000, 0x0000000094100000|  0%| F|  |TAMS 0x0000000094000000| PB 0x0000000094000000| Untracked 
| 321|0x0000000094100000, 0x0000000094100000, 0x0000000094200000|  0%| F|  |TAMS 0x0000000094100000| PB 0x0000000094100000| Untracked 
| 322|0x0000000094200000, 0x0000000094200000, 0x0000000094300000|  0%| F|  |TAMS 0x0000000094200000| PB 0x0000000094200000| Untracked 
| 323|0x0000000094300000, 0x0000000094300000, 0x0000000094400000|  0%| F|  |TAMS 0x0000000094300000| PB 0x0000000094300000| Untracked 
| 324|0x0000000094400000, 0x0000000094400000, 0x0000000094500000|  0%| F|  |TAMS 0x0000000094400000| PB 0x0000000094400000| Untracked 
| 325|0x0000000094500000, 0x0000000094500000, 0x0000000094600000|  0%| F|  |TAMS 0x0000000094500000| PB 0x0000000094500000| Untracked 
| 326|0x0000000094600000, 0x0000000094600000, 0x0000000094700000|  0%| F|  |TAMS 0x0000000094600000| PB 0x0000000094600000| Untracked 
| 327|0x0000000094700000, 0x0000000094700000, 0x0000000094800000|  0%| F|  |TAMS 0x0000000094700000| PB 0x0000000094700000| Untracked 
| 328|0x0000000094800000, 0x0000000094800000, 0x0000000094900000|  0%| F|  |TAMS 0x0000000094800000| PB 0x0000000094800000| Untracked 
| 329|0x0000000094900000, 0x0000000094900000, 0x0000000094a00000|  0%| F|  |TAMS 0x0000000094900000| PB 0x0000000094900000| Untracked 
| 330|0x0000000094a00000, 0x0000000094a00000, 0x0000000094b00000|  0%| F|  |TAMS 0x0000000094a00000| PB 0x0000000094a00000| Untracked 
| 331|0x0000000094b00000, 0x0000000094b00000, 0x0000000094c00000|  0%| F|  |TAMS 0x0000000094b00000| PB 0x0000000094b00000| Untracked 
| 332|0x0000000094c00000, 0x0000000094c00000, 0x0000000094d00000|  0%| F|  |TAMS 0x0000000094c00000| PB 0x0000000094c00000| Untracked 
| 333|0x0000000094d00000, 0x0000000094d00000, 0x0000000094e00000|  0%| F|  |TAMS 0x0000000094d00000| PB 0x0000000094d00000| Untracked 
| 334|0x0000000094e00000, 0x0000000094e00000, 0x0000000094f00000|  0%| F|  |TAMS 0x0000000094e00000| PB 0x0000000094e00000| Untracked 
| 335|0x0000000094f00000, 0x0000000094f00000, 0x0000000095000000|  0%| F|  |TAMS 0x0000000094f00000| PB 0x0000000094f00000| Untracked 
| 336|0x0000000095000000, 0x0000000095000000, 0x0000000095100000|  0%| F|  |TAMS 0x0000000095000000| PB 0x0000000095000000| Untracked 
| 337|0x0000000095100000, 0x0000000095100000, 0x0000000095200000|  0%| F|  |TAMS 0x0000000095100000| PB 0x0000000095100000| Untracked 
| 338|0x0000000095200000, 0x0000000095200000, 0x0000000095300000|  0%| F|  |TAMS 0x0000000095200000| PB 0x0000000095200000| Untracked 
| 339|0x0000000095300000, 0x0000000095300000, 0x0000000095400000|  0%| F|  |TAMS 0x0000000095300000| PB 0x0000000095300000| Untracked 
| 340|0x0000000095400000, 0x0000000095400000, 0x0000000095500000|  0%| F|  |TAMS 0x0000000095400000| PB 0x0000000095400000| Untracked 
| 341|0x0000000095500000, 0x0000000095500000, 0x0000000095600000|  0%| F|  |TAMS 0x0000000095500000| PB 0x0000000095500000| Untracked 
| 342|0x0000000095600000, 0x0000000095600000, 0x0000000095700000|  0%| F|  |TAMS 0x0000000095600000| PB 0x0000000095600000| Untracked 
| 343|0x0000000095700000, 0x0000000095700000, 0x0000000095800000|  0%| F|  |TAMS 0x0000000095700000| PB 0x0000000095700000| Untracked 
| 344|0x0000000095800000, 0x0000000095800000, 0x0000000095900000|  0%| F|  |TAMS 0x0000000095800000| PB 0x0000000095800000| Untracked 
| 345|0x0000000095900000, 0x0000000095900000, 0x0000000095a00000|  0%| F|  |TAMS 0x0000000095900000| PB 0x0000000095900000| Untracked 
| 346|0x0000000095a00000, 0x0000000095a00000, 0x0000000095b00000|  0%| F|  |TAMS 0x0000000095a00000| PB 0x0000000095a00000| Untracked 
| 347|0x0000000095b00000, 0x0000000095b00000, 0x0000000095c00000|  0%| F|  |TAMS 0x0000000095b00000| PB 0x0000000095b00000| Untracked 
| 348|0x0000000095c00000, 0x0000000095c00000, 0x0000000095d00000|  0%| F|  |TAMS 0x0000000095c00000| PB 0x0000000095c00000| Untracked 
| 349|0x0000000095d00000, 0x0000000095d00000, 0x0000000095e00000|  0%| F|  |TAMS 0x0000000095d00000| PB 0x0000000095d00000| Untracked 
| 350|0x0000000095e00000, 0x0000000095e00000, 0x0000000095f00000|  0%| F|  |TAMS 0x0000000095e00000| PB 0x0000000095e00000| Untracked 
| 351|0x0000000095f00000, 0x0000000095f00000, 0x0000000096000000|  0%| F|  |TAMS 0x0000000095f00000| PB 0x0000000095f00000| Untracked 
| 352|0x0000000096000000, 0x0000000096000000, 0x0000000096100000|  0%| F|  |TAMS 0x0000000096000000| PB 0x0000000096000000| Untracked 
| 353|0x0000000096100000, 0x0000000096100000, 0x0000000096200000|  0%| F|  |TAMS 0x0000000096100000| PB 0x0000000096100000| Untracked 
| 354|0x0000000096200000, 0x0000000096200000, 0x0000000096300000|  0%| F|  |TAMS 0x0000000096200000| PB 0x0000000096200000| Untracked 
| 355|0x0000000096300000, 0x0000000096300000, 0x0000000096400000|  0%| F|  |TAMS 0x0000000096300000| PB 0x0000000096300000| Untracked 
| 356|0x0000000096400000, 0x0000000096400000, 0x0000000096500000|  0%| F|  |TAMS 0x0000000096400000| PB 0x0000000096400000| Untracked 
| 357|0x0000000096500000, 0x0000000096500000, 0x0000000096600000|  0%| F|  |TAMS 0x0000000096500000| PB 0x0000000096500000| Untracked 
| 358|0x0000000096600000, 0x0000000096600000, 0x0000000096700000|  0%| F|  |TAMS 0x0000000096600000| PB 0x0000000096600000| Untracked 
| 359|0x0000000096700000, 0x0000000096700000, 0x0000000096800000|  0%| F|  |TAMS 0x0000000096700000| PB 0x0000000096700000| Untracked 
| 360|0x0000000096800000, 0x0000000096800000, 0x0000000096900000|  0%| F|  |TAMS 0x0000000096800000| PB 0x0000000096800000| Untracked 
| 361|0x0000000096900000, 0x0000000096900000, 0x0000000096a00000|  0%| F|  |TAMS 0x0000000096900000| PB 0x0000000096900000| Untracked 
| 362|0x0000000096a00000, 0x0000000096a00000, 0x0000000096b00000|  0%| F|  |TAMS 0x0000000096a00000| PB 0x0000000096a00000| Untracked 
| 363|0x0000000096b00000, 0x0000000096b00000, 0x0000000096c00000|  0%| F|  |TAMS 0x0000000096b00000| PB 0x0000000096b00000| Untracked 
| 364|0x0000000096c00000, 0x0000000096c00000, 0x0000000096d00000|  0%| F|  |TAMS 0x0000000096c00000| PB 0x0000000096c00000| Untracked 
| 365|0x0000000096d00000, 0x0000000096d00000, 0x0000000096e00000|  0%| F|  |TAMS 0x0000000096d00000| PB 0x0000000096d00000| Untracked 
| 366|0x0000000096e00000, 0x0000000096e00000, 0x0000000096f00000|  0%| F|  |TAMS 0x0000000096e00000| PB 0x0000000096e00000| Untracked 
| 367|0x0000000096f00000, 0x0000000096f00000, 0x0000000097000000|  0%| F|  |TAMS 0x0000000096f00000| PB 0x0000000096f00000| Untracked 
| 368|0x0000000097000000, 0x0000000097000000, 0x0000000097100000|  0%| F|  |TAMS 0x0000000097000000| PB 0x0000000097000000| Untracked 
| 369|0x0000000097100000, 0x0000000097100000, 0x0000000097200000|  0%| F|  |TAMS 0x0000000097100000| PB 0x0000000097100000| Untracked 
| 370|0x0000000097200000, 0x0000000097200000, 0x0000000097300000|  0%| F|  |TAMS 0x0000000097200000| PB 0x0000000097200000| Untracked 
| 371|0x0000000097300000, 0x0000000097300000, 0x0000000097400000|  0%| F|  |TAMS 0x0000000097300000| PB 0x0000000097300000| Untracked 
| 372|0x0000000097400000, 0x0000000097400000, 0x0000000097500000|  0%| F|  |TAMS 0x0000000097400000| PB 0x0000000097400000| Untracked 
| 373|0x0000000097500000, 0x0000000097500000, 0x0000000097600000|  0%| F|  |TAMS 0x0000000097500000| PB 0x0000000097500000| Untracked 
| 374|0x0000000097600000, 0x0000000097600000, 0x0000000097700000|  0%| F|  |TAMS 0x0000000097600000| PB 0x0000000097600000| Untracked 
| 375|0x0000000097700000, 0x0000000097700000, 0x0000000097800000|  0%| F|  |TAMS 0x0000000097700000| PB 0x0000000097700000| Untracked 
| 376|0x0000000097800000, 0x0000000097800000, 0x0000000097900000|  0%| F|  |TAMS 0x0000000097800000| PB 0x0000000097800000| Untracked 
| 377|0x0000000097900000, 0x0000000097900000, 0x0000000097a00000|  0%| F|  |TAMS 0x0000000097900000| PB 0x0000000097900000| Untracked 
| 378|0x0000000097a00000, 0x0000000097a00000, 0x0000000097b00000|  0%| F|  |TAMS 0x0000000097a00000| PB 0x0000000097a00000| Untracked 
| 379|0x0000000097b00000, 0x0000000097b00000, 0x0000000097c00000|  0%| F|  |TAMS 0x0000000097b00000| PB 0x0000000097b00000| Untracked 
| 380|0x0000000097c00000, 0x0000000097c00000, 0x0000000097d00000|  0%| F|  |TAMS 0x0000000097c00000| PB 0x0000000097c00000| Untracked 
| 381|0x0000000097d00000, 0x0000000097d00000, 0x0000000097e00000|  0%| F|  |TAMS 0x0000000097d00000| PB 0x0000000097d00000| Untracked 
| 382|0x0000000097e00000, 0x0000000097e00000, 0x0000000097f00000|  0%| F|  |TAMS 0x0000000097e00000| PB 0x0000000097e00000| Untracked 
| 383|0x0000000097f00000, 0x0000000097f00000, 0x0000000098000000|  0%| F|  |TAMS 0x0000000097f00000| PB 0x0000000097f00000| Untracked 
| 384|0x0000000098000000, 0x0000000098000000, 0x0000000098100000|  0%| F|  |TAMS 0x0000000098000000| PB 0x0000000098000000| Untracked 
| 385|0x0000000098100000, 0x0000000098100000, 0x0000000098200000|  0%| F|  |TAMS 0x0000000098100000| PB 0x0000000098100000| Untracked 
| 386|0x0000000098200000, 0x0000000098200000, 0x0000000098300000|  0%| F|  |TAMS 0x0000000098200000| PB 0x0000000098200000| Untracked 
| 387|0x0000000098300000, 0x0000000098300000, 0x0000000098400000|  0%| F|  |TAMS 0x0000000098300000| PB 0x0000000098300000| Untracked 
| 388|0x0000000098400000, 0x0000000098400000, 0x0000000098500000|  0%| F|  |TAMS 0x0000000098400000| PB 0x0000000098400000| Untracked 
| 389|0x0000000098500000, 0x0000000098500000, 0x0000000098600000|  0%| F|  |TAMS 0x0000000098500000| PB 0x0000000098500000| Untracked 
| 390|0x0000000098600000, 0x0000000098600000, 0x0000000098700000|  0%| F|  |TAMS 0x0000000098600000| PB 0x0000000098600000| Untracked 
| 391|0x0000000098700000, 0x0000000098700000, 0x0000000098800000|  0%| F|  |TAMS 0x0000000098700000| PB 0x0000000098700000| Untracked 
| 392|0x0000000098800000, 0x0000000098800000, 0x0000000098900000|  0%| F|  |TAMS 0x0000000098800000| PB 0x0000000098800000| Untracked 
| 393|0x0000000098900000, 0x0000000098900000, 0x0000000098a00000|  0%| F|  |TAMS 0x0000000098900000| PB 0x0000000098900000| Untracked 
| 394|0x0000000098a00000, 0x0000000098a00000, 0x0000000098b00000|  0%| F|  |TAMS 0x0000000098a00000| PB 0x0000000098a00000| Untracked 
| 395|0x0000000098b00000, 0x0000000098b00000, 0x0000000098c00000|  0%| F|  |TAMS 0x0000000098b00000| PB 0x0000000098b00000| Untracked 
| 396|0x0000000098c00000, 0x0000000098c00000, 0x0000000098d00000|  0%| F|  |TAMS 0x0000000098c00000| PB 0x0000000098c00000| Untracked 
| 397|0x0000000098d00000, 0x0000000098d00000, 0x0000000098e00000|  0%| F|  |TAMS 0x0000000098d00000| PB 0x0000000098d00000| Untracked 
| 398|0x0000000098e00000, 0x0000000098e00000, 0x0000000098f00000|  0%| F|  |TAMS 0x0000000098e00000| PB 0x0000000098e00000| Untracked 
| 399|0x0000000098f00000, 0x0000000098f00000, 0x0000000099000000|  0%| F|  |TAMS 0x0000000098f00000| PB 0x0000000098f00000| Untracked 
| 400|0x0000000099000000, 0x0000000099000000, 0x0000000099100000|  0%| F|  |TAMS 0x0000000099000000| PB 0x0000000099000000| Untracked 
| 401|0x0000000099100000, 0x0000000099100000, 0x0000000099200000|  0%| F|  |TAMS 0x0000000099100000| PB 0x0000000099100000| Untracked 
| 402|0x0000000099200000, 0x0000000099200000, 0x0000000099300000|  0%| F|  |TAMS 0x0000000099200000| PB 0x0000000099200000| Untracked 
| 403|0x0000000099300000, 0x0000000099300000, 0x0000000099400000|  0%| F|  |TAMS 0x0000000099300000| PB 0x0000000099300000| Untracked 
| 404|0x0000000099400000, 0x0000000099400000, 0x0000000099500000|  0%| F|  |TAMS 0x0000000099400000| PB 0x0000000099400000| Untracked 
| 405|0x0000000099500000, 0x0000000099500000, 0x0000000099600000|  0%| F|  |TAMS 0x0000000099500000| PB 0x0000000099500000| Untracked 
| 406|0x0000000099600000, 0x0000000099600000, 0x0000000099700000|  0%| F|  |TAMS 0x0000000099600000| PB 0x0000000099600000| Untracked 
| 407|0x0000000099700000, 0x0000000099700000, 0x0000000099800000|  0%| F|  |TAMS 0x0000000099700000| PB 0x0000000099700000| Untracked 
| 408|0x0000000099800000, 0x0000000099800000, 0x0000000099900000|  0%| F|  |TAMS 0x0000000099800000| PB 0x0000000099800000| Untracked 
| 409|0x0000000099900000, 0x0000000099900000, 0x0000000099a00000|  0%| F|  |TAMS 0x0000000099900000| PB 0x0000000099900000| Untracked 
| 410|0x0000000099a00000, 0x0000000099a00000, 0x0000000099b00000|  0%| F|  |TAMS 0x0000000099a00000| PB 0x0000000099a00000| Untracked 
| 411|0x0000000099b00000, 0x0000000099b00000, 0x0000000099c00000|  0%| F|  |TAMS 0x0000000099b00000| PB 0x0000000099b00000| Untracked 
| 412|0x0000000099c00000, 0x0000000099c00000, 0x0000000099d00000|  0%| F|  |TAMS 0x0000000099c00000| PB 0x0000000099c00000| Untracked 
| 413|0x0000000099d00000, 0x0000000099d00000, 0x0000000099e00000|  0%| F|  |TAMS 0x0000000099d00000| PB 0x0000000099d00000| Untracked 
| 414|0x0000000099e00000, 0x0000000099e00000, 0x0000000099f00000|  0%| F|  |TAMS 0x0000000099e00000| PB 0x0000000099e00000| Untracked 
| 415|0x0000000099f00000, 0x0000000099f00000, 0x000000009a000000|  0%| F|  |TAMS 0x0000000099f00000| PB 0x0000000099f00000| Untracked 
| 416|0x000000009a000000, 0x000000009a000000, 0x000000009a100000|  0%| F|  |TAMS 0x000000009a000000| PB 0x000000009a000000| Untracked 
| 417|0x000000009a100000, 0x000000009a100000, 0x000000009a200000|  0%| F|  |TAMS 0x000000009a100000| PB 0x000000009a100000| Untracked 
| 418|0x000000009a200000, 0x000000009a200000, 0x000000009a300000|  0%| F|  |TAMS 0x000000009a200000| PB 0x000000009a200000| Untracked 
| 419|0x000000009a300000, 0x000000009a300000, 0x000000009a400000|  0%| F|  |TAMS 0x000000009a300000| PB 0x000000009a300000| Untracked 
| 420|0x000000009a400000, 0x000000009a400000, 0x000000009a500000|  0%| F|  |TAMS 0x000000009a400000| PB 0x000000009a400000| Untracked 
| 421|0x000000009a500000, 0x000000009a500000, 0x000000009a600000|  0%| F|  |TAMS 0x000000009a500000| PB 0x000000009a500000| Untracked 
| 422|0x000000009a600000, 0x000000009a600000, 0x000000009a700000|  0%| F|  |TAMS 0x000000009a600000| PB 0x000000009a600000| Untracked 
| 423|0x000000009a700000, 0x000000009a700000, 0x000000009a800000|  0%| F|  |TAMS 0x000000009a700000| PB 0x000000009a700000| Untracked 
| 424|0x000000009a800000, 0x000000009a800000, 0x000000009a900000|  0%| F|  |TAMS 0x000000009a800000| PB 0x000000009a800000| Untracked 
| 425|0x000000009a900000, 0x000000009a900000, 0x000000009aa00000|  0%| F|  |TAMS 0x000000009a900000| PB 0x000000009a900000| Untracked 
| 644|0x00000000a8400000, 0x00000000a8400000, 0x00000000a8500000|  0%| F|  |TAMS 0x00000000a8400000| PB 0x00000000a8400000| Untracked 
| 645|0x00000000a8500000, 0x00000000a8500000, 0x00000000a8600000|  0%| F|  |TAMS 0x00000000a8500000| PB 0x00000000a8500000| Untracked 
| 646|0x00000000a8600000, 0x00000000a8600000, 0x00000000a8700000|  0%| F|  |TAMS 0x00000000a8600000| PB 0x00000000a8600000| Untracked 
| 647|0x00000000a8700000, 0x00000000a8700000, 0x00000000a8800000|  0%| F|  |TAMS 0x00000000a8700000| PB 0x00000000a8700000| Untracked 
| 648|0x00000000a8800000, 0x00000000a8800000, 0x00000000a8900000|  0%| F|  |TAMS 0x00000000a8800000| PB 0x00000000a8800000| Untracked 
| 666|0x00000000a9a00000, 0x00000000a9a00000, 0x00000000a9b00000|  0%| F|  |TAMS 0x00000000a9a00000| PB 0x00000000a9a00000| Untracked 
| 667|0x00000000a9b00000, 0x00000000a9b00000, 0x00000000a9c00000|  0%| F|  |TAMS 0x00000000a9b00000| PB 0x00000000a9b00000| Untracked 
| 668|0x00000000a9c00000, 0x00000000a9c00000, 0x00000000a9d00000|  0%| F|  |TAMS 0x00000000a9c00000| PB 0x00000000a9c00000| Untracked 
| 669|0x00000000a9d00000, 0x00000000a9d00000, 0x00000000a9e00000|  0%| F|  |TAMS 0x00000000a9d00000| PB 0x00000000a9d00000| Untracked 
| 670|0x00000000a9e00000, 0x00000000a9e00000, 0x00000000a9f00000|  0%| F|  |TAMS 0x00000000a9e00000| PB 0x00000000a9e00000| Untracked 
| 671|0x00000000a9f00000, 0x00000000a9f00000, 0x00000000aa000000|  0%| F|  |TAMS 0x00000000a9f00000| PB 0x00000000a9f00000| Untracked 
| 672|0x00000000aa000000, 0x00000000aa000000, 0x00000000aa100000|  0%| F|  |TAMS 0x00000000aa000000| PB 0x00000000aa000000| Untracked 
| 673|0x00000000aa100000, 0x00000000aa100000, 0x00000000aa200000|  0%| F|  |TAMS 0x00000000aa100000| PB 0x00000000aa100000| Untracked 
| 674|0x00000000aa200000, 0x00000000aa200000, 0x00000000aa300000|  0%| F|  |TAMS 0x00000000aa200000| PB 0x00000000aa200000| Untracked 
| 675|0x00000000aa300000, 0x00000000aa300000, 0x00000000aa400000|  0%| F|  |TAMS 0x00000000aa300000| PB 0x00000000aa300000| Untracked 
|2017|0x00000000fe100000, 0x00000000fe100000, 0x00000000fe200000|  0%| F|  |TAMS 0x00000000fe100000| PB 0x00000000fe100000| Untracked 
|2018|0x00000000fe200000, 0x00000000fe200000, 0x00000000fe300000|  0%| F|  |TAMS 0x00000000fe200000| PB 0x00000000fe200000| Untracked 
|2019|0x00000000fe300000, 0x00000000fe300000, 0x00000000fe400000|  0%| F|  |TAMS 0x00000000fe300000| PB 0x00000000fe300000| Untracked 
|2020|0x00000000fe400000, 0x00000000fe400000, 0x00000000fe500000|  0%| F|  |TAMS 0x00000000fe400000| PB 0x00000000fe400000| Untracked 
|2021|0x00000000fe500000, 0x00000000fe500000, 0x00000000fe600000|  0%| F|  |TAMS 0x00000000fe500000| PB 0x00000000fe500000| Untracked 
|2022|0x00000000fe600000, 0x00000000fe600000, 0x00000000fe700000|  0%| F|  |TAMS 0x00000000fe600000| PB 0x00000000fe600000| Untracked 
|2023|0x00000000fe700000, 0x00000000fe700000, 0x00000000fe800000|  0%| F|  |TAMS 0x00000000fe700000| PB 0x00000000fe700000| Untracked 
|2024|0x00000000fe800000, 0x00000000fe800000, 0x00000000fe900000|  0%| F|  |TAMS 0x00000000fe800000| PB 0x00000000fe800000| Untracked 
|2025|0x00000000fe900000, 0x00000000fe900000, 0x00000000fea00000|  0%| F|  |TAMS 0x00000000fe900000| PB 0x00000000fe900000| Untracked 
|2026|0x00000000fea00000, 0x00000000fea00000, 0x00000000feb00000|  0%| F|  |TAMS 0x00000000fea00000| PB 0x00000000fea00000| Untracked 
|2027|0x00000000feb00000, 0x00000000feb00000, 0x00000000fec00000|  0%| F|  |TAMS 0x00000000feb00000| PB 0x00000000feb00000| Untracked 
|2028|0x00000000fec00000, 0x00000000fed00000, 0x00000000fed00000|100%| O|  |TAMS 0x00000000fec00000| PB 0x00000000fec00000| Untracked 
|2029|0x00000000fed00000, 0x00000000fee00000, 0x00000000fee00000|100%| O|  |TAMS 0x00000000fed00000| PB 0x00000000fed00000| Untracked 
|2030|0x00000000fee00000, 0x00000000fef00000, 0x00000000fef00000|100%| O|  |TAMS 0x00000000fee00000| PB 0x00000000fee00000| Untracked 
|2031|0x00000000fef00000, 0x00000000ff000000, 0x00000000ff000000|100%| O|  |TAMS 0x00000000fef00000| PB 0x00000000fef00000| Untracked 
|2032|0x00000000ff000000, 0x00000000ff100000, 0x00000000ff100000|100%| O|  |TAMS 0x00000000ff000000| PB 0x00000000ff000000| Untracked 
|2033|0x00000000ff100000, 0x00000000ff200000, 0x00000000ff200000|100%| O|  |TAMS 0x00000000ff100000| PB 0x00000000ff100000| Untracked 
|2034|0x00000000ff200000, 0x00000000ff300000, 0x00000000ff300000|100%| O|  |TAMS 0x00000000ff200000| PB 0x00000000ff200000| Untracked 
|2035|0x00000000ff300000, 0x00000000ff400000, 0x00000000ff400000|100%| O|  |TAMS 0x00000000ff300000| PB 0x00000000ff300000| Untracked 
|2036|0x00000000ff400000, 0x00000000ff500000, 0x00000000ff500000|100%| O|  |TAMS 0x00000000ff400000| PB 0x00000000ff400000| Untracked 
|2037|0x00000000ff500000, 0x00000000ff600000, 0x00000000ff600000|100%| O|  |TAMS 0x00000000ff500000| PB 0x00000000ff500000| Untracked 
|2038|0x00000000ff600000, 0x00000000ff700000, 0x00000000ff700000|100%| O|  |TAMS 0x00000000ff600000| PB 0x00000000ff600000| Untracked 
|2039|0x00000000ff700000, 0x00000000ff700000, 0x00000000ff800000|  0%| F|  |TAMS 0x00000000ff700000| PB 0x00000000ff700000| Untracked 
|2040|0x00000000ff800000, 0x00000000ff800000, 0x00000000ff900000|  0%| F|  |TAMS 0x00000000ff800000| PB 0x00000000ff800000| Untracked 
|2041|0x00000000ff900000, 0x00000000ffa00000, 0x00000000ffa00000|100%| O|  |TAMS 0x00000000ff900000| PB 0x00000000ff900000| Untracked 
|2042|0x00000000ffa00000, 0x00000000ffa00000, 0x00000000ffb00000|  0%| F|  |TAMS 0x00000000ffa00000| PB 0x00000000ffa00000| Untracked 
|2043|0x00000000ffb00000, 0x00000000ffb00000, 0x00000000ffc00000|  0%| F|  |TAMS 0x00000000ffb00000| PB 0x00000000ffb00000| Untracked 
|2044|0x00000000ffc00000, 0x00000000ffc00000, 0x00000000ffd00000|  0%| F|  |TAMS 0x00000000ffc00000| PB 0x00000000ffc00000| Untracked 
|2045|0x00000000ffd00000, 0x00000000ffd00000, 0x00000000ffe00000|  0%| F|  |TAMS 0x00000000ffd00000| PB 0x00000000ffd00000| Untracked 
|2046|0x00000000ffe00000, 0x00000000fff00000, 0x00000000fff00000|100%| O|  |TAMS 0x00000000ffe00000| PB 0x00000000ffe00000| Untracked 
|2047|0x00000000fff00000, 0x00000000fff00000, 0x0000000100000000|  0%| F|  |TAMS 0x00000000fff00000| PB 0x00000000fff00000| Untracked 

Card table byte_map: [0x00000183a98f0000,0x00000183a9cf0000] _byte_map_base: 0x00000183a94f0000

Marking Bits: (CMBitMap*) 0x0000018394b6e5f0
 Bits: [0x00000183a9cf0000, 0x00000183abcf0000)

Polling page: 0x0000018394ca0000

Metaspace:

Usage:
  Non-class:    152.05 MB used.
      Class:     22.33 MB used.
       Both:    174.38 MB used.

Virtual space:
  Non-class space:      192.00 MB reserved,     153.25 MB ( 80%) committed,  3 nodes.
      Class space:        1.00 GB reserved,      23.50 MB (  2%) committed,  1 nodes.
             Both:        1.19 GB reserved,     176.75 MB ( 15%) committed. 

Chunk freelists:
   Non-Class:  6.10 MB
       Class:  8.38 MB
        Both:  14.47 MB

MaxMetaspaceSize: unlimited
CompressedClassSpaceSize: 1.00 GB
Initial GC threshold: 21.00 MB
Current GC threshold: 294.19 MB
CDS: off
 - commit_granule_bytes: 65536.
 - commit_granule_words: 8192.
 - virtual_space_node_default_size: 8388608.
 - enlarge_chunks_in_place: 1.
 - use_allocation_guard: 0.


Internal statistics:

num_allocs_failed_limit: 12.
num_arena_births: 4616.
num_arena_deaths: 56.
num_vsnodes_births: 4.
num_vsnodes_deaths: 0.
num_space_committed: 2821.
num_space_uncommitted: 0.
num_chunks_returned_to_freelist: 117.
num_chunks_taken_from_freelist: 11947.
num_chunk_merges: 30.
num_chunk_splits: 7916.
num_chunks_enlarged: 5190.
num_inconsistent_stats: 0.

CodeHeap 'non-profiled nmethods': size=119168Kb used=13795Kb max_used=21656Kb free=105372Kb
 bounds [0x00000183a10b0000, 0x00000183a25f0000, 0x00000183a8510000]
CodeHeap 'profiled nmethods': size=119104Kb used=32893Kb max_used=52028Kb free=86210Kb
 bounds [0x0000018399510000, 0x000001839c7e0000, 0x00000183a0960000]
CodeHeap 'non-nmethods': size=7488Kb used=4766Kb max_used=4929Kb free=2721Kb
 bounds [0x00000183a0960000, 0x00000183a0e40000, 0x00000183a10b0000]
 total_blobs=15908 nmethods=14777 adapters=1029
 compilation: enabled
              stopped_count=0, restarted_count=0
 full_count=0

Compilation events (20 events):
Event: 677.583 Thread 0x00000183b85e0330 nmethod 46426 0x00000183a12f0690 code [0x00000183a12f0820, 0x00000183a12f08f0]
Event: 677.584 Thread 0x00000183b85e0330 46425 %     4       com.android.tools.r8.internal.O7::a @ 1441 (2157 bytes)
Event: 677.584 Thread 0x00000183b65c6960 nmethod 46424% 0x00000183a1120910 code [0x00000183a1120ae0, 0x00000183a1120fa8]
Event: 677.584 Thread 0x00000183b65c6960 45396       4       java.util.PriorityQueue::siftUpComparable (52 bytes)
Event: 677.584 Thread 0x00000183bc32a3d0 46427       3       com.android.tools.r8.internal.x10::u2 (167 bytes)
Event: 677.585 Thread 0x00000183af015310 46428       2       com.android.tools.r8.dex.code.O1::<init> (16 bytes)
Event: 677.585 Thread 0x00000183af015310 nmethod 46428 0x000001839a972490 code [0x000001839a972620, 0x000001839a972750]
Event: 677.585 Thread 0x00000183bc32a3d0 nmethod 46427 0x0000018399578510 code [0x0000018399578860, 0x0000018399579f58]
Event: 677.587 Thread 0x00000183bc7bda90 46429       3       com.android.tools.r8.internal.Y6::a (177 bytes)
Event: 677.588 Thread 0x00000183bc7bda90 nmethod 46429 0x000001839a51de90 code [0x000001839a51e180, 0x000001839a51ed58]
Event: 677.592 Thread 0x00000183af015310 46432       2       com.android.tools.r8.internal.L4::a (223 bytes)
Event: 677.594 Thread 0x00000183af015310 nmethod 46432 0x000001839a206010 code [0x000001839a206280, 0x000001839a206dd0]
Event: 677.596 Thread 0x00000183b65c6960 nmethod 45396 0x00000183a152b810 code [0x00000183a152ba20, 0x00000183a152c2e8]
Event: 677.596 Thread 0x00000183b65c6960 46433       4       com.android.tools.r8.graph.Y0::equals (49 bytes)
Event: 677.596 Thread 0x00000183bc32a3d0 46436       3       com.android.tools.r8.internal.bV::a (186 bytes)
Event: 677.597 Thread 0x00000183bc7bda90 46437   !   2       java.util.TreeMap::addAllForTreeSet (23 bytes)
Event: 677.597 Thread 0x00000183af015310 46438       2       com.android.tools.r8.ir.regalloc.c::A (114 bytes)
Event: 677.597 Thread 0x00000183bc7bda90 nmethod 46437 0x000001839a5a7010 code [0x000001839a5a71e0, 0x000001839a5a73e0]
Event: 677.598 Thread 0x00000183af015310 nmethod 46438 0x000001839a5db490 code [0x000001839a5db660, 0x000001839a5db988]
Event: 677.598 Thread 0x00000183bc32a3d0 nmethod 46436 0x000001839a3d0010 code [0x000001839a3d0340, 0x000001839a3d18f8]

GC Heap History (20 events):
Event: 673.594 GC heap after
{Heap after GC invocations=140 (full 0):
 garbage-first heap   total 483328K, used 231218K [0x0000000080000000, 0x0000000100000000)
  region size 1024K, 11 young (11264K), 11 survivors (11264K)
 Metaspace       used 162719K, committed 165184K, reserved 1245184K
  class space    used 20567K, committed 21824K, reserved 1048576K
}
Event: 674.719 GC heap before
{Heap before GC invocations=140 (full 0):
 garbage-first heap   total 483328K, used 439090K [0x0000000080000000, 0x0000000100000000)
  region size 1024K, 215 young (220160K), 11 survivors (11264K)
 Metaspace       used 167201K, committed 169600K, reserved 1245184K
  class space    used 21257K, committed 22464K, reserved 1048576K
}
Event: 674.741 GC heap after
{Heap after GC invocations=141 (full 0):
 garbage-first heap   total 483328K, used 261243K [0x0000000080000000, 0x0000000100000000)
  region size 1024K, 27 young (27648K), 27 survivors (27648K)
 Metaspace       used 167201K, committed 169600K, reserved 1245184K
  class space    used 21257K, committed 22464K, reserved 1048576K
}
Event: 675.145 GC heap before
{Heap before GC invocations=142 (full 0):
 garbage-first heap   total 483328K, used 412795K [0x0000000080000000, 0x0000000100000000)
  region size 1024K, 191 young (195584K), 27 survivors (27648K)
 Metaspace       used 172013K, committed 174464K, reserved 1245184K
  class space    used 22092K, committed 23296K, reserved 1048576K
}
Event: 675.170 GC heap after
{Heap after GC invocations=143 (full 0):
 garbage-first heap   total 483328K, used 265338K [0x0000000080000000, 0x0000000100000000)
  region size 1024K, 24 young (24576K), 24 survivors (24576K)
 Metaspace       used 172013K, committed 174464K, reserved 1245184K
  class space    used 22092K, committed 23296K, reserved 1048576K
}
Event: 675.600 GC heap before
{Heap before GC invocations=143 (full 0):
 garbage-first heap   total 483328K, used 427130K [0x0000000080000000, 0x0000000100000000)
  region size 1024K, 183 young (187392K), 24 survivors (24576K)
 Metaspace       used 176013K, committed 178496K, reserved 1245184K
  class space    used 22583K, committed 23808K, reserved 1048576K
}
Event: 675.615 GC heap after
{Heap after GC invocations=144 (full 0):
 garbage-first heap   total 483328K, used 264356K [0x0000000080000000, 0x0000000100000000)
  region size 1024K, 9 young (9216K), 9 survivors (9216K)
 Metaspace       used 176013K, committed 178496K, reserved 1245184K
  class space    used 22583K, committed 23808K, reserved 1048576K
}
Event: 676.060 GC heap before
{Heap before GC invocations=144 (full 0):
 garbage-first heap   total 483328K, used 433316K [0x0000000080000000, 0x0000000100000000)
  region size 1024K, 175 young (179200K), 9 survivors (9216K)
 Metaspace       used 177043K, committed 179520K, reserved 1245184K
  class space    used 22701K, committed 23936K, reserved 1048576K
}
Event: 676.065 GC heap after
{Heap after GC invocations=145 (full 0):
 garbage-first heap   total 483328K, used 263264K [0x0000000080000000, 0x0000000100000000)
  region size 1024K, 8 young (8192K), 8 survivors (8192K)
 Metaspace       used 177043K, committed 179520K, reserved 1245184K
  class space    used 22701K, committed 23936K, reserved 1048576K
}
Event: 676.447 GC heap before
{Heap before GC invocations=146 (full 0):
 garbage-first heap   total 483328K, used 442464K [0x0000000080000000, 0x0000000100000000)
  region size 1024K, 183 young (187392K), 8 survivors (8192K)
 Metaspace       used 177754K, committed 180224K, reserved 1245184K
  class space    used 22774K, committed 24000K, reserved 1048576K
}
Event: 676.456 GC heap after
{Heap after GC invocations=147 (full 0):
 garbage-first heap   total 483328K, used 267222K [0x0000000080000000, 0x0000000100000000)
  region size 1024K, 12 young (12288K), 12 survivors (12288K)
 Metaspace       used 177754K, committed 180224K, reserved 1245184K
  class space    used 22774K, committed 24000K, reserved 1048576K
}
Event: 676.739 GC heap before
{Heap before GC invocations=147 (full 0):
 garbage-first heap   total 483328K, used 444374K [0x0000000080000000, 0x0000000100000000)
  region size 1024K, 185 young (189440K), 12 survivors (12288K)
 Metaspace       used 177911K, committed 180352K, reserved 1245184K
  class space    used 22784K, committed 24000K, reserved 1048576K
}
Event: 676.749 GC heap after
{Heap after GC invocations=148 (full 0):
 garbage-first heap   total 483328K, used 261531K [0x0000000080000000, 0x0000000100000000)
  region size 1024K, 14 young (14336K), 14 survivors (14336K)
 Metaspace       used 177911K, committed 180352K, reserved 1245184K
  class space    used 22784K, committed 24000K, reserved 1048576K
}
Event: 676.923 GC heap before
{Heap before GC invocations=148 (full 0):
 garbage-first heap   total 483328K, used 441755K [0x0000000080000000, 0x0000000100000000)
  region size 1024K, 191 young (195584K), 14 survivors (14336K)
 Metaspace       used 178073K, committed 180544K, reserved 1245184K
  class space    used 22810K, committed 24064K, reserved 1048576K
}
Event: 676.934 GC heap after
{Heap after GC invocations=149 (full 0):
 garbage-first heap   total 483328K, used 264607K [0x0000000080000000, 0x0000000100000000)
  region size 1024K, 12 young (12288K), 12 survivors (12288K)
 Metaspace       used 178073K, committed 180544K, reserved 1245184K
  class space    used 22810K, committed 24064K, reserved 1048576K
}
Event: 677.208 GC heap before
{Heap before GC invocations=149 (full 0):
 garbage-first heap   total 483328K, used 442783K [0x0000000080000000, 0x0000000100000000)
  region size 1024K, 187 young (191488K), 12 survivors (12288K)
 Metaspace       used 178339K, committed 180800K, reserved 1245184K
  class space    used 22855K, committed 24064K, reserved 1048576K
}
Event: 677.219 GC heap after
{Heap after GC invocations=150 (full 0):
 garbage-first heap   total 483328K, used 274488K [0x0000000080000000, 0x0000000100000000)
  region size 1024K, 21 young (21504K), 21 survivors (21504K)
 Metaspace       used 178339K, committed 180800K, reserved 1245184K
  class space    used 22855K, committed 24064K, reserved 1048576K
}
Event: 677.403 GC heap before
{Heap before GC invocations=151 (full 0):
 garbage-first heap   total 483328K, used 434232K [0x0000000080000000, 0x0000000100000000)
  region size 1024K, 178 young (182272K), 21 survivors (21504K)
 Metaspace       used 178505K, committed 180928K, reserved 1245184K
  class space    used 22861K, committed 24064K, reserved 1048576K
}
Event: 677.417 GC heap after
{Heap after GC invocations=152 (full 0):
 garbage-first heap   total 483328K, used 278052K [0x0000000080000000, 0x0000000100000000)
  region size 1024K, 16 young (16384K), 16 survivors (16384K)
 Metaspace       used 178505K, committed 180928K, reserved 1245184K
  class space    used 22861K, committed 24064K, reserved 1048576K
}
Event: 677.598 GC heap before
{Heap before GC invocations=152 (full 0):
 garbage-first heap   total 483328K, used 440868K [0x0000000080000000, 0x0000000100000000)
  region size 1024K, 175 young (179200K), 16 survivors (16384K)
 Metaspace       used 178563K, committed 180992K, reserved 1245184K
  class space    used 22862K, committed 24064K, reserved 1048576K
}

Dll operation events (3 events):
Event: 0.005 Loaded shared library C:\Program Files\Android\Android Studio\jbr\bin\java.dll
Event: 0.008 Loaded shared library C:\Program Files\Android\Android Studio\jbr\bin\zip.dll
Event: 0.236 Loaded shared library C:\Program Files\Android\Android Studio\jbr\bin\verify.dll

Deoptimization events (20 events):
Event: 677.474 Thread 0x00000183b5a62400 DEOPT PACKING pc=0x00000183997b2893 sp=0x00000077179fa870
Event: 677.474 Thread 0x00000183b5a62400 DEOPT UNPACKING pc=0x00000183a09b4e42 sp=0x00000077179f9d18 mode 0
Event: 677.475 Thread 0x00000183b5a61d70 DEOPT PACKING pc=0x000001839afc1227 sp=0x0000007717cf9930
Event: 677.475 Thread 0x00000183b5a61d70 DEOPT UNPACKING pc=0x00000183a09b4e42 sp=0x0000007717cf8dc8 mode 0
Event: 677.480 Thread 0x00000183b5a62400 Uncommon trap: trap_request=0xffffff45 fr.pc=0x00000183a10ca430 relative=0x0000000000000150
Event: 677.480 Thread 0x00000183b5a62400 Uncommon trap: reason=unstable_if action=reinterpret pc=0x00000183a10ca430 method=com.android.tools.r8.graph.q0.h(Ljava/lang/Object;)Z @ 51 c2
Event: 677.480 Thread 0x00000183b5a62400 DEOPT PACKING pc=0x00000183a10ca430 sp=0x00000077179fa4f0
Event: 677.480 Thread 0x00000183b5a62400 DEOPT UNPACKING pc=0x00000183a09b46a2 sp=0x00000077179fa480 mode 2
Event: 677.504 Thread 0x00000183b5a61d70 DEOPT PACKING pc=0x00000183997b2893 sp=0x0000007717cf9420
Event: 677.504 Thread 0x00000183b5a61d70 DEOPT UNPACKING pc=0x00000183a09b4e42 sp=0x0000007717cf88c8 mode 0
Event: 677.521 Thread 0x00000183b5a644d0 DEOPT PACKING pc=0x0000018399ee2f54 sp=0x0000007716ffce70
Event: 677.521 Thread 0x00000183b5a644d0 DEOPT UNPACKING pc=0x00000183a09b4e42 sp=0x0000007716ffc390 mode 0
Event: 677.532 Thread 0x00000183b5a62400 DEOPT PACKING pc=0x0000018399ee2f54 sp=0x00000077179fd100
Event: 677.532 Thread 0x00000183b5a62400 DEOPT UNPACKING pc=0x00000183a09b4e42 sp=0x00000077179fc620 mode 0
Event: 677.551 Thread 0x00000183bb7176f0 DEOPT PACKING pc=0x00000183997b2893 sp=0x00000077241f99d0
Event: 677.551 Thread 0x00000183bb7176f0 DEOPT UNPACKING pc=0x00000183a09b4e42 sp=0x00000077241f8e78 mode 0
Event: 677.553 Thread 0x00000183b5a61d70 DEOPT PACKING pc=0x000001839afc1206 sp=0x0000007717cf9930
Event: 677.553 Thread 0x00000183b5a61d70 DEOPT UNPACKING pc=0x00000183a09b4e42 sp=0x0000007717cf8dd0 mode 0
Event: 677.564 Thread 0x00000183bcc2c0a0 DEOPT PACKING pc=0x000001839a31059d sp=0x0000007716bf96d0
Event: 677.564 Thread 0x00000183bcc2c0a0 DEOPT UNPACKING pc=0x00000183a09b4e42 sp=0x0000007716bf8b88 mode 0

Classes loaded (20 events):
Event: 675.132 Loading class java/util/stream/SliceOps$1
Event: 675.132 Loading class java/util/stream/SliceOps$1 done
Event: 675.142 Loading class java/util/stream/SliceOps$1$1
Event: 675.142 Loading class java/util/stream/SliceOps$1$1 done
Event: 675.144 Loading class java/util/PriorityQueue
Event: 675.145 Loading class java/util/PriorityQueue done
Event: 675.183 Loading class java/util/IdentityHashMap$ValueIterator
Event: 675.183 Loading class java/util/IdentityHashMap$ValueIterator done
Event: 675.202 Loading class java/util/AbstractList$SubList
Event: 675.202 Loading class java/util/AbstractList$SubList done
Event: 675.202 Loading class java/util/AbstractList$SubList$1
Event: 675.202 Loading class java/util/AbstractList$SubList$1 done
Event: 676.125 Loading class java/nio/ShortBuffer
Event: 676.130 Loading class java/nio/ShortBuffer done
Event: 676.377 Loading class java/nio/ByteBufferAsShortBufferL
Event: 676.377 Loading class java/nio/ByteBufferAsShortBufferL done
Event: 676.446 Loading class java/util/zip/Adler32
Event: 676.457 Loading class java/util/zip/Adler32 done
Event: 676.824 Loading class java/util/IdentityHashMap$EntrySet
Event: 676.824 Loading class java/util/IdentityHashMap$EntrySet done

Classes unloaded (20 events):
Event: 582.561 Thread 0x00000183aef9b6f0 Unloading class 0x0000000100f59000 'JetGradlePlugin$_apply_closure1$_closure2$_closure3'
Event: 582.561 Thread 0x00000183aef9b6f0 Unloading class 0x0000000100f54990 'JetGradlePlugin$_apply_closure1$_closure2'
Event: 582.561 Thread 0x00000183aef9b6f0 Unloading class 0x0000000100f54590 'JetGradlePlugin$_apply_closure1'
Event: 582.561 Thread 0x00000183aef9b6f0 Unloading class 0x0000000100f542e0 'JetGradlePlugin'
Event: 582.561 Thread 0x00000183aef9b6f0 Unloading class 0x0000000100f54000 'RegistryProcessor'
Event: 676.299 Thread 0x00000183aef9b6f0 Unloading class 0x00000001016a9400 'java/lang/invoke/LambdaForm$DMH+0x00000001016a9400'
Event: 676.299 Thread 0x00000183aef9b6f0 Unloading class 0x00000001016a8400 'java/lang/invoke/LambdaForm$DMH+0x00000001016a8400'
Event: 676.299 Thread 0x00000183aef9b6f0 Unloading class 0x00000001016a8c00 'java/lang/invoke/LambdaForm$DMH+0x00000001016a8c00'
Event: 676.299 Thread 0x00000183aef9b6f0 Unloading class 0x00000001016a8800 'java/lang/invoke/LambdaForm$DMH+0x00000001016a8800'
Event: 676.299 Thread 0x00000183aef9b6f0 Unloading class 0x00000001016a8000 'java/lang/invoke/LambdaForm$DMH+0x00000001016a8000'
Event: 676.299 Thread 0x00000183aef9b6f0 Unloading class 0x00000001015dcc00 'java/lang/invoke/LambdaForm$DMH+0x00000001015dcc00'
Event: 676.299 Thread 0x00000183aef9b6f0 Unloading class 0x00000001015dc800 'java/lang/invoke/LambdaForm$DMH+0x00000001015dc800'
Event: 676.299 Thread 0x00000183aef9b6f0 Unloading class 0x00000001015dc400 'java/lang/invoke/LambdaForm$DMH+0x00000001015dc400'
Event: 676.299 Thread 0x00000183aef9b6f0 Unloading class 0x00000001015dd000 'java/lang/invoke/LambdaForm$DMH+0x00000001015dd000'
Event: 676.299 Thread 0x00000183aef9b6f0 Unloading class 0x00000001015ae000 'java/lang/invoke/LambdaForm$MH+0x00000001015ae000'
Event: 676.299 Thread 0x00000183aef9b6f0 Unloading class 0x00000001015adc00 'java/lang/invoke/LambdaForm$MH+0x00000001015adc00'
Event: 676.299 Thread 0x00000183aef9b6f0 Unloading class 0x00000001015ad400 'java/lang/invoke/LambdaForm$DMH+0x00000001015ad400'
Event: 676.299 Thread 0x00000183aef9b6f0 Unloading class 0x00000001015ad000 'java/lang/invoke/LambdaForm$DMH+0x00000001015ad000'
Event: 676.299 Thread 0x00000183aef9b6f0 Unloading class 0x00000001015ac000 'java/lang/invoke/LambdaForm$DMH+0x00000001015ac000'
Event: 676.299 Thread 0x00000183aef9b6f0 Unloading class 0x00000001015ac400 'java/lang/invoke/LambdaForm$DMH+0x00000001015ac400'

Classes redefined (0 events):
No events

Internal exceptions (20 events):
Event: 676.474 Thread 0x00000183bb7169d0 Exception <a 'sun/nio/fs/WindowsException'{0x00000000fff107d8}> (0x00000000fff107d8) 
thrown [s\src\hotspot\share\prims\jni.cpp, line 535]
Event: 676.477 Thread 0x00000183b5a637b0 Exception <a 'sun/nio/fs/WindowsException'{0x00000000fe6023b0}> (0x00000000fe6023b0) 
thrown [s\src\hotspot\share\prims\jni.cpp, line 535]
Event: 676.477 Thread 0x00000183bb714f90 Exception <a 'sun/nio/fs/WindowsException'{0x00000000ffdd8b20}> (0x00000000ffdd8b20) 
thrown [s\src\hotspot\share\prims\jni.cpp, line 535]
Event: 676.495 Thread 0x00000183bcc2ba10 Exception <a 'sun/nio/fs/WindowsException'{0x00000000ffbe4210}> (0x00000000ffbe4210) 
thrown [s\src\hotspot\share\prims\jni.cpp, line 535]
Event: 676.510 Thread 0x00000183bafc78a0 Exception <a 'sun/nio/fs/WindowsException'{0x00000000fffadc48}> (0x00000000fffadc48) 
thrown [s\src\hotspot\share\prims\jni.cpp, line 535]
Event: 676.517 Thread 0x00000183b5a61d70 Exception <a 'sun/nio/fs/WindowsException'{0x00000000aa385f68}> (0x00000000aa385f68) 
thrown [s\src\hotspot\share\prims\jni.cpp, line 535]
Event: 676.528 Thread 0x00000183c2b80570 Exception <a 'sun/nio/fs/WindowsException'{0x00000000aa378270}> (0x00000000aa378270) 
thrown [s\src\hotspot\share\prims\jni.cpp, line 535]
Event: 676.529 Thread 0x00000183b5a616e0 Exception <a 'sun/nio/fs/WindowsException'{0x00000000a9b95978}> (0x00000000a9b95978) 
thrown [s\src\hotspot\share\prims\jni.cpp, line 535]
Event: 676.679 Thread 0x00000183bb7169d0 Exception <a 'sun/nio/fs/WindowsException'{0x0000000095aed1d0}> (0x0000000095aed1d0) 
thrown [s\src\hotspot\share\prims\jni.cpp, line 535]
Event: 676.907 Thread 0x00000183b5a637b0 Exception <a 'sun/nio/fs/WindowsException'{0x00000000931f1f10}> (0x00000000931f1f10) 
thrown [s\src\hotspot\share\prims\jni.cpp, line 535]
Event: 676.953 Thread 0x00000183bcc2ee90 Implicit null exception at 0x00000183a16e5c60 to 0x00000183a16e5da0
Event: 677.085 Thread 0x00000183b5a63120 Exception <a 'sun/nio/fs/WindowsException'{0x0000000095c164a8}> (0x0000000095c164a8) 
thrown [s\src\hotspot\share\prims\jni.cpp, line 535]
Event: 677.359 Thread 0x00000183bcc2ee90 Exception <a 'sun/nio/fs/WindowsException'{0x0000000095a23fc0}> (0x0000000095a23fc0) 
thrown [s\src\hotspot\share\prims\jni.cpp, line 535]
Event: 677.363 Thread 0x00000183b5a616e0 Implicit null exception at 0x00000183a23b91f3 to 0x00000183a23be72c
Event: 677.387 Thread 0x00000183b5a644d0 Implicit null exception at 0x00000183a21b8ce0 to 0x00000183a21b8e58
Event: 677.424 Thread 0x00000183b5a616e0 Implicit null exception at 0x00000183a1146a20 to 0x00000183a1146d5f
Event: 677.443 Thread 0x00000183b5a616e0 Exception <a 'sun/nio/fs/WindowsException'{0x00000000fe594208}> (0x00000000fe594208) 
thrown [s\src\hotspot\share\prims\jni.cpp, line 535]
Event: 677.474 Thread 0x00000183b5a616e0 Implicit null exception at 0x00000183a2455aa0 to 0x00000183a2455c98
Event: 677.497 Thread 0x00000183b5a644d0 Exception <a 'sun/nio/fs/WindowsException'{0x0000000098f1e8a8}> (0x0000000098f1e8a8) 
thrown [s\src\hotspot\share\prims\jni.cpp, line 535]
Event: 677.523 Thread 0x00000183b5a62400 Exception <a 'sun/nio/fs/WindowsException'{0x0000000097821728}> (0x0000000097821728) 
thrown [s\src\hotspot\share\prims\jni.cpp, line 535]

ZGC Phase Switch (0 events):
No events

VM Operations (20 events):
Event: 676.749 Executing VM operation: G1CollectForAllocation (G1 Evacuation Pause) done
Event: 676.837 Executing VM operation: HandshakeAllThreads (Deoptimize)
Event: 676.840 Executing VM operation: HandshakeAllThreads (Deoptimize) done
Event: 676.894 Executing VM operation: ICBufferFull
Event: 676.895 Executing VM operation: ICBufferFull done
Event: 676.923 Executing VM operation: G1CollectForAllocation (G1 Evacuation Pause)
Event: 676.934 Executing VM operation: G1CollectForAllocation (G1 Evacuation Pause) done
Event: 676.967 Executing VM operation: HandshakeAllThreads (Deoptimize)
Event: 677.090 Executing VM operation: HandshakeAllThreads (Deoptimize) done
Event: 677.138 Executing VM operation: HandshakeAllThreads (Deoptimize)
Event: 677.161 Executing VM operation: HandshakeAllThreads (Deoptimize) done
Event: 677.162 Executing VM operation: G1PauseRemark
Event: 677.184 Executing VM operation: G1PauseRemark done
Event: 677.207 Executing VM operation: G1CollectForAllocation (G1 Evacuation Pause)
Event: 677.219 Executing VM operation: G1CollectForAllocation (G1 Evacuation Pause) done
Event: 677.303 Executing VM operation: G1PauseCleanup
Event: 677.304 Executing VM operation: G1PauseCleanup done
Event: 677.402 Executing VM operation: G1CollectForAllocation (G1 Evacuation Pause)
Event: 677.417 Executing VM operation: G1CollectForAllocation (G1 Evacuation Pause) done
Event: 677.598 Executing VM operation: G1CollectForAllocation (G1 Evacuation Pause)

Memory protections (0 events):
No events

Nmethod flushes (20 events):
Event: 677.180 Thread 0x00000183aef9b6f0 flushing  nmethod 0x000001839c219910
Event: 677.180 Thread 0x00000183aef9b6f0 flushing  nmethod 0x000001839c219d10
Event: 677.180 Thread 0x00000183aef9b6f0 flushing  nmethod 0x000001839c21a110
Event: 677.180 Thread 0x00000183aef9b6f0 flushing  nmethod 0x000001839c21c590
Event: 677.180 Thread 0x00000183aef9b6f0 flushing  nmethod 0x000001839c2c0190
Event: 677.180 Thread 0x00000183aef9b6f0 flushing  nmethod 0x000001839c2c0590
Event: 677.180 Thread 0x00000183aef9b6f0 flushing  nmethod 0x000001839c2c2490
Event: 677.180 Thread 0x00000183aef9b6f0 flushing  nmethod 0x000001839c2c2f10
Event: 677.180 Thread 0x00000183aef9b6f0 flushing  nmethod 0x000001839c2c3a10
Event: 677.180 Thread 0x00000183aef9b6f0 flushing  nmethod 0x000001839c2c4c90
Event: 677.180 Thread 0x00000183aef9b6f0 flushing  nmethod 0x000001839c35f510
Event: 677.180 Thread 0x00000183aef9b6f0 flushing  nmethod 0x000001839c35fd90
Event: 677.180 Thread 0x00000183aef9b6f0 flushing  nmethod 0x000001839c363490
Event: 677.180 Thread 0x00000183aef9b6f0 flushing  nmethod 0x000001839c365910
Event: 677.180 Thread 0x00000183aef9b6f0 flushing  nmethod 0x000001839c41b310
Event: 677.180 Thread 0x00000183aef9b6f0 flushing  nmethod 0x000001839c41b790
Event: 677.180 Thread 0x00000183aef9b6f0 flushing  nmethod 0x000001839c41d010
Event: 677.180 Thread 0x00000183aef9b6f0 flushing  nmethod 0x000001839c41e790
Event: 677.180 Thread 0x00000183aef9b6f0 flushing  nmethod 0x000001839c41f090
Event: 677.180 Thread 0x00000183aef9b6f0 flushing  nmethod 0x000001839c41f490

Events (20 events):
Event: 673.602 Thread 0x00000183bafc9970 Thread added: 0x00000183c3dae9f0
Event: 673.602 Thread 0x00000183bafc9970 Thread added: 0x00000183c3dadcd0
Event: 673.602 Thread 0x00000183bafc9970 Thread added: 0x00000183c21dd490
Event: 673.602 Thread 0x00000183bafc9970 Thread added: 0x00000183c21dce00
Event: 673.603 Thread 0x00000183bafc9970 Thread added: 0x00000183c21dba50
Event: 673.603 Thread 0x00000183bafc9970 Thread added: 0x00000183c2c3b4d0
Event: 673.603 Thread 0x00000183bafc9970 Thread added: 0x00000183c2c3bb60
Event: 673.604 Thread 0x00000183bafc9970 Thread added: 0x00000183c2c3cf10
Event: 673.654 Thread 0x00000183bafc78a0 Thread added: 0x00000183bb714f90
Event: 673.654 Thread 0x00000183bafc78a0 Thread added: 0x00000183bb7176f0
Event: 673.655 Thread 0x00000183bafc78a0 Thread added: 0x00000183bb7169d0
Event: 673.907 Thread 0x00000183b8dfc090 Thread exited: 0x00000183b8dfc090
Event: 673.912 Thread 0x00000183bc32aaa0 Thread exited: 0x00000183bc32aaa0
Event: 673.912 Thread 0x00000183bc7bd3c0 Thread exited: 0x00000183bc7bd3c0
Event: 674.116 Thread 0x00000183bc7bda90 Thread added: 0x00000183c36abee0
Event: 674.119 Thread 0x00000183bc7bda90 Thread added: 0x00000183b85e0330
Event: 674.122 Thread 0x00000183af015310 Thread added: 0x00000183cd118850
Event: 674.298 Thread 0x00000183b76110d0 Thread added: 0x00000183b65c7030
Event: 674.299 Thread 0x00000183b76110d0 Thread added: 0x00000183b65c6960
Event: 674.326 Thread 0x00000183aeffffc0 Thread added: 0x00000183bb992d00


Dynamic libraries:
0x00007ff7589e0000 - 0x00007ff7589ea000 	C:\Program Files\Android\Android Studio\jbr\bin\java.exe
0x00007ff8a1f10000 - 0x00007ff8a2108000 	C:\WINDOWS\SYSTEM32\ntdll.dll
0x00007ff8a0380000 - 0x00007ff8a0442000 	C:\WINDOWS\System32\KERNEL32.DLL
0x00007ff89fab0000 - 0x00007ff89fdaf000 	C:\WINDOWS\System32\KERNELBASE.dll
0x00007ff89f820000 - 0x00007ff89f920000 	C:\WINDOWS\System32\ucrtbase.dll
0x00007ff88efb0000 - 0x00007ff88efc8000 	C:\Program Files\Android\Android Studio\jbr\bin\jli.dll
0x00007ff894110000 - 0x00007ff89412b000 	C:\Program Files\Android\Android Studio\jbr\bin\VCRUNTIME140.dll
0x00007ff8a0950000 - 0x00007ff8a0aed000 	C:\WINDOWS\System32\USER32.dll
0x00007ff88c120000 - 0x00007ff88c3ba000 	C:\WINDOWS\WinSxS\amd64_microsoft.windows.common-controls_6595b64144ccf1df_6.0.19041.4355_none_60b8b9eb71f62e16\COMCTL32.dll
0x00007ff89f950000 - 0x00007ff89f972000 	C:\WINDOWS\System32\win32u.dll
0x00007ff89ffa0000 - 0x00007ff8a003e000 	C:\WINDOWS\System32\msvcrt.dll
0x00007ff8a1460000 - 0x00007ff8a148b000 	C:\WINDOWS\System32\GDI32.dll
0x00007ff89fdb0000 - 0x00007ff89fec7000 	C:\WINDOWS\System32\gdi32full.dll
0x00007ff89fa10000 - 0x00007ff89faad000 	C:\WINDOWS\System32\msvcp_win.dll
0x00007ff8a1490000 - 0x00007ff8a14bf000 	C:\WINDOWS\System32\IMM32.DLL
0x00007ff89c680000 - 0x00007ff89c68c000 	C:\Program Files\Android\Android Studio\jbr\bin\vcruntime140_1.dll
0x00007ff87a250000 - 0x00007ff87a2dd000 	C:\Program Files\Android\Android Studio\jbr\bin\msvcp140.dll
0x00007ff85a870000 - 0x00007ff85b4f3000 	C:\Program Files\Android\Android Studio\jbr\bin\server\jvm.dll
0x00007ff8a15c0000 - 0x00007ff8a1671000 	C:\WINDOWS\System32\ADVAPI32.dll
0x00007ff8a14c0000 - 0x00007ff8a155f000 	C:\WINDOWS\System32\sechost.dll
0x00007ff8a0250000 - 0x00007ff8a0373000 	C:\WINDOWS\System32\RPCRT4.dll
0x00007ff89f920000 - 0x00007ff89f947000 	C:\WINDOWS\System32\bcrypt.dll
0x00007ff8a1690000 - 0x00007ff8a16fb000 	C:\WINDOWS\System32\WS2_32.dll
0x00007ff89eae0000 - 0x00007ff89eb2b000 	C:\WINDOWS\SYSTEM32\POWRPROF.dll
0x00007ff8965d0000 - 0x00007ff8965f7000 	C:\WINDOWS\SYSTEM32\WINMM.dll
0x00007ff8996b0000 - 0x00007ff8996ba000 	C:\WINDOWS\SYSTEM32\VERSION.dll
0x00007ff89e9a0000 - 0x00007ff89e9b2000 	C:\WINDOWS\SYSTEM32\UMPDC.dll
0x00007ff89d440000 - 0x00007ff89d452000 	C:\WINDOWS\SYSTEM32\kernel.appcore.dll
0x00007ff89b300000 - 0x00007ff89b30a000 	C:\Program Files\Android\Android Studio\jbr\bin\jimage.dll
0x00007ff895c90000 - 0x00007ff895e74000 	C:\WINDOWS\SYSTEM32\DBGHELP.DLL
0x00007ff881e60000 - 0x00007ff881e94000 	C:\WINDOWS\SYSTEM32\dbgcore.DLL
0x00007ff89f980000 - 0x00007ff89fa02000 	C:\WINDOWS\System32\bcryptPrimitives.dll
0x00007ff892ee0000 - 0x00007ff892eee000 	C:\Program Files\Android\Android Studio\jbr\bin\instrument.dll
0x00007ff8940f0000 - 0x00007ff894110000 	C:\Program Files\Android\Android Studio\jbr\bin\java.dll
0x00007ff890940000 - 0x00007ff890958000 	C:\Program Files\Android\Android Studio\jbr\bin\zip.dll
0x00007ff8a0af0000 - 0x00007ff8a125e000 	C:\WINDOWS\System32\SHELL32.dll
0x00007ff89d640000 - 0x00007ff89dde4000 	C:\WINDOWS\SYSTEM32\windows.storage.dll
0x00007ff8a05f0000 - 0x00007ff8a0945000 	C:\WINDOWS\System32\combase.dll
0x00007ff89efd0000 - 0x00007ff89efff000 	C:\WINDOWS\SYSTEM32\Wldp.dll
0x00007ff8a1260000 - 0x00007ff8a132d000 	C:\WINDOWS\System32\OLEAUT32.dll
0x00007ff8a1330000 - 0x00007ff8a13dd000 	C:\WINDOWS\System32\SHCORE.dll
0x00007ff8a1400000 - 0x00007ff8a1455000 	C:\WINDOWS\System32\shlwapi.dll
0x00007ff89f4d0000 - 0x00007ff89f4f4000 	C:\WINDOWS\SYSTEM32\profapi.dll
0x00007ff89a860000 - 0x00007ff89a870000 	C:\Program Files\Android\Android Studio\jbr\bin\net.dll
0x00007ff899810000 - 0x00007ff89991d000 	C:\WINDOWS\SYSTEM32\WINHTTP.dll
0x00007ff89ed30000 - 0x00007ff89ed9a000 	C:\WINDOWS\system32\mswsock.dll
0x00007ff8903a0000 - 0x00007ff8903b6000 	C:\Program Files\Android\Android Studio\jbr\bin\nio.dll
0x00007ff892fd0000 - 0x00007ff892fe0000 	C:\Program Files\Android\Android Studio\jbr\bin\verify.dll
0x00007ff883ef0000 - 0x00007ff883f17000 	C:\Users\Saya\.gradle\native\c067742578af261105cb4f569cf0c3c89f3d7b1fecec35dd04571415982c5e48\windows-amd64\native-platform.dll
0x00007ff86a0b0000 - 0x00007ff86a1f4000 	C:\Users\Saya\.gradle\native\38dada09dfb8b06ba9b0570ebf7e218e3eb74d4ef43ca46872605cf95ebc2f47\windows-amd64\native-platform-file-events.dll
0x00007ff895420000 - 0x00007ff895429000 	C:\Program Files\Android\Android Studio\jbr\bin\management.dll
0x00007ff894190000 - 0x00007ff89419b000 	C:\Program Files\Android\Android Studio\jbr\bin\management_ext.dll
0x00007ff8a13f0000 - 0x00007ff8a13f8000 	C:\WINDOWS\System32\PSAPI.DLL
0x00007ff89ef20000 - 0x00007ff89ef38000 	C:\WINDOWS\SYSTEM32\CRYPTSP.dll
0x00007ff89e5e0000 - 0x00007ff89e614000 	C:\WINDOWS\system32\rsaenh.dll
0x00007ff89f450000 - 0x00007ff89f47e000 	C:\WINDOWS\SYSTEM32\USERENV.dll
0x00007ff89ef40000 - 0x00007ff89ef4c000 	C:\WINDOWS\SYSTEM32\CRYPTBASE.dll
0x00007ff89e9c0000 - 0x00007ff89e9fb000 	C:\WINDOWS\SYSTEM32\IPHLPAPI.DLL
0x00007ff8a1680000 - 0x00007ff8a1688000 	C:\WINDOWS\System32\NSI.dll
0x00007ff89a290000 - 0x00007ff89a299000 	C:\Program Files\Android\Android Studio\jbr\bin\extnet.dll
0x00007ff87d7a0000 - 0x00007ff87d7a7000 	C:\WINDOWS\system32\wshunix.dll
0x00007ff89ea10000 - 0x00007ff89eada000 	C:\WINDOWS\SYSTEM32\DNSAPI.dll
0x00007ff897180000 - 0x00007ff89718a000 	C:\Windows\System32\rasadhlp.dll
0x00007ff895730000 - 0x00007ff8957b0000 	C:\WINDOWS\System32\fwpuclnt.dll
0x00007ff87f4f0000 - 0x00007ff87f507000 	C:\WINDOWS\system32\napinsp.dll
0x00007ff87f4d0000 - 0x00007ff87f4eb000 	C:\WINDOWS\system32\pnrpnsp.dll
0x00007ff8817e0000 - 0x00007ff8817f5000 	C:\WINDOWS\system32\wshbth.dll
0x00007ff89c060000 - 0x00007ff89c07d000 	C:\WINDOWS\system32\NLAapi.dll
0x00007ff87f4b0000 - 0x00007ff87f4c2000 	C:\WINDOWS\System32\winrnr.dll
0x00007ff89e830000 - 0x00007ff89e863000 	C:\WINDOWS\SYSTEM32\ntmarta.dll

dbghelp: loaded successfully - version: 4.0.5 - missing functions: none
symbol engine: initialized successfully - sym options: 0x614 - pdb path: .;C:\Program Files\Android\Android Studio\jbr\bin;C:\WINDOWS\SYSTEM32;C:\WINDOWS\WinSxS\amd64_microsoft.windows.common-controls_6595b64144ccf1df_6.0.19041.4355_none_60b8b9eb71f62e16;C:\Program Files\Android\Android Studio\jbr\bin\server;C:\Users\Saya\.gradle\native\c067742578af261105cb4f569cf0c3c89f3d7b1fecec35dd04571415982c5e48\windows-amd64;C:\Users\Saya\.gradle\native\38dada09dfb8b06ba9b0570ebf7e218e3eb74d4ef43ca46872605cf95ebc2f47\windows-amd64

VM Arguments:
jvm_args: --add-opens=java.base/java.util=ALL-UNNAMED --add-opens=java.base/java.lang=ALL-UNNAMED --add-opens=java.base/java.lang.invoke=ALL-UNNAMED --add-opens=java.prefs/java.util.prefs=ALL-UNNAMED --add-opens=java.base/java.nio.charset=ALL-UNNAMED --add-opens=java.base/java.net=ALL-UNNAMED --add-opens=java.base/java.util.concurrent.atomic=ALL-UNNAMED -Xmx2048m -Dfile.encoding=UTF-8 -Duser.country=ID -Duser.language=en -Duser.variant -javaagent:C:\Users\Saya\.gradle\wrapper\dists\gradle-8.5-bin\5t9huq95ubn472n8rpzujfbqh\gradle-8.5\lib\agents\gradle-instrumentation-agent-8.5.jar 
java_command: org.gradle.launcher.daemon.bootstrap.GradleDaemon 8.5
java_class_path (initial): C:\Users\Saya\.gradle\wrapper\dists\gradle-8.5-bin\5t9huq95ubn472n8rpzujfbqh\gradle-8.5\lib\gradle-launcher-8.5.jar
Launcher Type: SUN_STANDARD

[Global flags]
     intx CICompilerCount                          = 12                                        {product} {ergonomic}
     uint ConcGCThreads                            = 3                                         {product} {ergonomic}
     uint G1ConcRefinementThreads                  = 13                                        {product} {ergonomic}
   size_t G1HeapRegionSize                         = 1048576                                   {product} {ergonomic}
    uintx GCDrainStackTargetSize                   = 64                                        {product} {ergonomic}
   size_t InitialHeapSize                          = 266338304                                 {product} {ergonomic}
   size_t MarkStackSize                            = 4194304                                   {product} {ergonomic}
   size_t MaxHeapSize                              = 2147483648                                {product} {command line}
   size_t MaxNewSize                               = 1287651328                                {product} {ergonomic}
   size_t MinHeapDeltaBytes                        = 1048576                                   {product} {ergonomic}
   size_t MinHeapSize                              = 8388608                                   {product} {ergonomic}
    uintx NonNMethodCodeHeapSize                   = 7602480                                {pd product} {ergonomic}
    uintx NonProfiledCodeHeapSize                  = 122027880                              {pd product} {ergonomic}
    uintx ProfiledCodeHeapSize                     = 122027880                              {pd product} {ergonomic}
    uintx ReservedCodeCacheSize                    = 251658240                              {pd product} {ergonomic}
     bool SegmentedCodeCache                       = true                                      {product} {ergonomic}
   size_t SoftMaxHeapSize                          = 2147483648                             {manageable} {ergonomic}
     bool UseCompressedOops                        = true                           {product lp64_product} {ergonomic}
     bool UseG1GC                                  = true                                      {product} {ergonomic}
     bool UseLargePagesIndividualAllocation        = false                                  {pd product} {ergonomic}

Logging:
Log output configuration:
 #0: stdout all=warning uptime,level,tags foldmultilines=false
 #1: stderr all=off uptime,level,tags foldmultilines=false

Environment Variables:
PATH=C:\Program Files\Google\Chrome\Application;C:\Program Files\Common Files\Oracle\Java\javapath;C:\Program Files (x86)\VMware\VMware Workstation\bin\;C:\WINDOWS\system32;C:\WINDOWS;C:\WINDOWS\System32\Wbem;C:\WINDOWS\System32\WindowsPowerShell\v1.0\;C:\WINDOWS\System32\OpenSSH\;C:\Program Files\Microsoft SQL Server\150\Tools\Binn\;C:\Program Files\Microsoft SQL Server\Client SDK\ODBC\170\Tools\Binn\;C:\Program Files\dotnet\;C:\Program Files (x86)\Microsoft SQL Server\160\Tools\Binn\;C:\Program Files\Microsoft SQL Server\160\Tools\Binn\;C:\Program Files\Microsoft SQL Server\160\DTS\Binn\;C:\Program Files (x86)\Microsoft SQL Server\160\DTS\Binn\;C:\Program Files\Azure Data Studio\bin;C:\Program Files\nodejs\;C:\Program Files\Git\cmd;C:\Users\Saya\AppData\Local\Microsoft\WindowsApps;C:\Users\Saya\.dotnet\tools;C:\Program Files\Azure Data Studio\bin;C:\Users\Saya\AppData\Local\Programs\Microsoft VS Code\bin;C:\Program Files\JetBrains\IntelliJ IDEA Community Edition 2023.2.3\bin;;C:\Users\Saya\AppData\Roaming\npm;C:\Users\Saya\AppData\Local\GitHubDesktop\bin
USERNAME=Saya
OS=Windows_NT
PROCESSOR_IDENTIFIER=Intel64 Family 6 Model 165 Stepping 5, GenuineIntel
TMP=C:\Users\Saya\AppData\Local\Temp
TEMP=C:\Users\Saya\AppData\Local\Temp




Periodic native trim disabled

JNI global refs:
JNI global refs: 44, weak refs: 259

JNI global refs memory usage: 835, weak refs: 3361

Process memory usage:
Resident Set Size: 1162876K (6% of 16634376K total physical memory with 410972K free physical memory)

OOME stack traces (most recent first):
Classloader memory used:
Loader org.gradle.internal.classloader.VisitableURLClassLoader$InstrumentingVisitableURLClassLoader: 63430K
Loader org.gradle.internal.classloader.VisitableURLClassLoader                         : 51893K
Loader bootstrap                                                                       : 38026K
Loader org.gradle.initialization.MixInLegacyTypesClassLoader                           : 14336K
Loader org.gradle.internal.classloader.VisitableURLClassLoader                         : 8549K
Loader jdk.internal.loader.ClassLoaders$PlatformClassLoader                            : 871K
Loader jdk.internal.reflect.DelegatingClassLoader                                      : 751K
Loader org.gradle.groovy.scripts.internal.DefaultScriptCompilationHandler$ScriptClassLoader: 354K
Loader jdk.internal.loader.ClassLoaders$AppClassLoader                                 : 228K
Loader org.codehaus.groovy.runtime.callsite.CallSiteClassLoader                        : 105K
Loader groovy.lang.GroovyClassLoader$InnerLoader                                       : 13152B
Loader sun.reflect.misc.MethodUtil                                                     : 2952B

Classes loaded by more than one classloader:
Class com.google.common.collect.Iterables                                             : loaded 3 times (x 67B)
Class com.google.common.collect.Iterators$MergingIterator                             : loaded 3 times (x 77B)
Class com.google.common.collect.ImmutableList$SubList                                 : loaded 3 times (x 205B)
Class com.google.common.collect.RegularImmutableMap$KeySet                            : loaded 3 times (x 148B)
Class com.google.common.collect.ForwardingObject                                      : loaded 3 times (x 68B)
Class com.google.common.collect.ImmutableSet$SetBuilderImpl                           : loaded 3 times (x 72B)
Class com.google.common.collect.ImmutableList                                         : loaded 3 times (x 202B)
Class com.google.common.base.CharMatcher$InRange                                      : loaded 3 times (x 107B)
Class com.google.common.collect.SetMultimap                                           : loaded 3 times (x 66B)
Class com.google.common.collect.ImmutableSet$Builder                                  : loaded 3 times (x 81B)
Class com.google.common.collect.ImmutableMapEntrySet$RegularEntrySet                  : loaded 3 times (x 148B)
Class com.google.common.collect.RangeSet                                              : loaded 3 times (x 66B)
Class com.google.common.collect.RangeGwtSerializationDependencies                     : loaded 3 times (x 67B)
Class com.google.common.base.Joiner$2                                                 : loaded 3 times (x 75B)
Class com.google.common.base.CharMatcher$1                                            : loaded 3 times (x 109B)
Class com.google.common.base.CharMatcher$NamedFastMatcher                             : loaded 3 times (x 108B)
Class com.google.common.base.CharMatcher$IsEither                                     : loaded 3 times (x 107B)
Class com.google.common.collect.PeekingIterator                                       : loaded 3 times (x 66B)
Class com.google.common.base.Joiner$1                                                 : loaded 3 times (x 76B)
Class com.google.common.base.CharMatcher                                              : loaded 3 times (x 107B)
Class com.google.common.collect.ImmutableSetMultimap                                  : loaded 3 times (x 176B)
Class com.google.common.base.Preconditions                                            : loaded 3 times (x 67B)
Class com.google.common.base.CharMatcher$Is                                           : loaded 3 times (x 107B)
Class com.google.common.base.CharMatcher$Negated                                      : loaded 3 times (x 109B)
Class com.google.common.collect.ImmutableRangeSet$ComplementRanges                    : loaded 3 times (x 203B)
Class com.google.common.collect.ImmutableSet$RegularSetBuilderImpl                    : loaded 3 times (x 73B)
Class org.gradle.internal.IoActions                                                   : loaded 3 times (x 67B)
Class org.gradle.api.GradleException                                                  : loaded 3 times (x 78B)
Class com.google.common.collect.ImmutableEntry                                        : loaded 3 times (x 78B)
Class [Lcom.google.common.collect.AbstractMapEntry;                                   : loaded 3 times (x 65B)
Class com.google.common.collect.AbstractRangeSet                                      : loaded 3 times (x 110B)
Class com.google.common.collect.ImmutableList$1                                       : loaded 3 times (x 93B)
Class com.google.common.base.CharMatcher$NegatedFastMatcher                           : loaded 3 times (x 109B)
Class com.google.common.base.Predicate                                                : loaded 3 times (x 66B)
Class com.google.common.collect.ImmutableMap                                          : loaded 3 times (x 116B)
Class com.google.common.base.CharMatcher$FastMatcher                                  : loaded 3 times (x 107B)
Class org.gradle.internal.Cast                                                        : loaded 3 times (x 67B)
Class org.gradle.api.Action                                                           : loaded 3 times (x 66B)
Class com.google.common.base.CharMatcher$Or                                           : loaded 3 times (x 108B)
Class com.google.common.collect.ImmutableSet                                          : loaded 3 times (x 141B)
Class com.google.common.collect.RegularImmutableMap$Values                            : loaded 3 times (x 203B)
Class com.google.common.base.CharMatcher$BitSetMatcher                                : loaded 3 times (x 108B)
Class com.google.common.collect.ImmutableRangeSet$Builder                             : loaded 3 times (x 73B)
Class [Lcom.google.common.collect.ImmutableEntry;                                     : loaded 3 times (x 65B)
Class com.google.common.collect.RegularImmutableMap                                   : loaded 3 times (x 117B)
Class com.google.common.collect.ImmutableMap$MapViewOfValuesAsSingletonSets           : loaded 3 times (x 122B)
Class com.google.common.collect.RegularImmutableList                                  : loaded 3 times (x 209B)
Class com.google.common.base.Function                                                 : loaded 3 times (x 66B)
Class com.google.common.collect.ImmutableMapEntry$NonTerminalImmutableMapEntry        : loaded 3 times (x 81B)
Class com.google.common.collect.ImmutableMultimap                                     : loaded 3 times (x 143B)
Class com.google.common.collect.ImmutableMapEntry                                     : loaded 3 times (x 81B)
Class com.google.common.collect.RegularImmutableSortedSet                             : loaded 3 times (x 296B)
Class com.google.common.base.CharMatcher$IsNot                                        : loaded 3 times (x 107B)
Class com.google.common.collect.ImmutableSortedSet                                    : loaded 3 times (x 296B)
Class com.google.common.collect.RegularImmutableSet                                   : loaded 3 times (x 145B)
Class com.google.common.collect.UnmodifiableListIterator                              : loaded 3 times (x 91B)
Class com.google.common.collect.ImmutableAsList                                       : loaded 3 times (x 205B)
Class com.google.common.collect.Iterators$9                                           : loaded 3 times (x 77B)
Class com.google.common.collect.Lists                                                 : loaded 3 times (x 67B)
Class com.google.common.collect.ImmutableCollection                                   : loaded 3 times (x 121B)
Class com.google.common.base.CharMatcher$AnyOf                                        : loaded 3 times (x 108B)
Class com.google.common.base.CharMatcher$ForPredicate                                 : loaded 3 times (x 108B)
Class com.google.common.collect.Iterators$5                                           : loaded 3 times (x 78B)
Class com.google.common.collect.SortedIterable                                        : loaded 3 times (x 66B)
Class com.google.common.collect.Iterators$4                                           : loaded 3 times (x 78B)
Class com.google.common.collect.ImmutableBiMap                                        : loaded 3 times (x 139B)
Class com.google.common.collect.SingletonImmutableSet                                 : loaded 3 times (x 142B)
Class com.google.common.collect.ImmutableMap$IteratorBasedImmutableMap                : loaded 3 times (x 122B)
Class com.google.common.collect.Iterators$1                                           : loaded 3 times (x 77B)
Class com.google.common.collect.ImmutableList$ReverseImmutableList                    : loaded 3 times (x 205B)
Class org.gradle.api.UncheckedIOException                                             : loaded 3 times (x 78B)
Class com.google.common.collect.SingletonImmutableList                                : loaded 3 times (x 203B)
Class com.google.common.collect.Multimap                                              : loaded 3 times (x 66B)
Class com.google.common.collect.ImmutableMap$Builder                                  : loaded 3 times (x 78B)
Class com.google.common.collect.ImmutableMapEntrySet                                  : loaded 3 times (x 148B)
Class com.google.common.collect.AbstractIndexedListIterator                           : loaded 3 times (x 92B)
Class com.google.common.collect.ObjectArrays                                          : loaded 3 times (x 67B)
Class com.google.common.collect.AbstractIterator                                      : loaded 3 times (x 78B)
Class com.google.common.collect.BiMap                                                 : loaded 3 times (x 66B)
Class com.google.common.collect.ImmutableMap$1                                        : loaded 3 times (x 77B)
Class com.google.common.collect.IndexedImmutableSet                                   : loaded 3 times (x 148B)
Class com.google.common.base.CharMatcher$And                                          : loaded 3 times (x 108B)
Class com.google.common.collect.Lists$StringAsImmutableList                           : loaded 3 times (x 203B)
Class com.google.common.collect.Range                                                 : loaded 3 times (x 83B)
Class com.google.common.collect.Iterators                                             : loaded 3 times (x 67B)
Class com.google.common.collect.ImmutableRangeSet$1                                   : loaded 3 times (x 206B)
Class [Lcom.google.common.collect.ImmutableMapEntry;                                  : loaded 3 times (x 65B)
Class com.google.common.collect.RegularImmutableAsList                                : loaded 3 times (x 213B)
Class com.google.common.collect.ImmutableList$Builder                                 : loaded 3 times (x 73B)
Class com.google.common.collect.AbstractMultimap                                      : loaded 3 times (x 119B)
Class com.google.common.collect.AbstractMapEntry                                      : loaded 3 times (x 77B)
Class com.google.common.collect.UnmodifiableIterator                                  : loaded 3 times (x 76B)
Class com.google.common.collect.Platform                                              : loaded 3 times (x 67B)
Class com.google.common.base.Joiner                                                   : loaded 3 times (x 75B)
Class com.google.common.collect.BaseImmutableMultimap                                 : loaded 3 times (x 119B)
Class com.google.common.collect.ImmutableRangeSet$AsSet                               : loaded 3 times (x 296B)
Class com.google.common.collect.Iterators$ArrayItr                                    : loaded 3 times (x 93B)
Class com.google.common.collect.ImmutableRangeSet                                     : loaded 3 times (x 111B)
Class com.google.common.collect.ImmutableCollection$Builder                           : loaded 3 times (x 72B)
Class org.gradle.tooling.internal.gradle.DefaultProjectIdentifier                     : loaded 2 times (x 82B)
Class com.google.common.collect.AbstractIterator$1                                    : loaded 2 times (x 67B)
Class org.objectweb.asm.tree.ClassNode                                                : loaded 2 times (x 86B)
Class org.apache.commons.io.output.StringBuilderWriter                                : loaded 2 times (x 96B)
Class com.google.common.collect.ImmutableEnumMap                                      : loaded 2 times (x 121B)
Class com.google.common.collect.ListMultimap                                          : loaded 2 times (x 66B)
Class com.amazon.ion.impl._Private_IonContainer                                       : loaded 2 times (x 66B)
Class com.intellij.gradle.toolingExtension.impl.model.buildScriptClasspathModel.GradleBuildScriptClasspathSerializationService$ReadContext: loaded 2 times (x 68B)
Class org.gradle.internal.impldep.gnu.trove.TObjectIntHashMap                         : loaded 2 times (x 105B)
Class org.jetbrains.kotlin.idea.gradleTooling.model.allopen.AllOpenModel              : loaded 2 times (x 66B)
Class kotlin.jvm.internal.ArrayIteratorKt                                             : loaded 2 times (x 67B)
Class com.google.common.collect.Iterators$PeekingImpl                                 : loaded 2 times (x 85B)
Class com.google.common.collect.ComparatorOrdering                                    : loaded 2 times (x 111B)
Class com.google.common.collect.Iterators$EmptyModifiableIterator                     : loaded 2 times (x 82B)
Class com.google.common.collect.Sets$1                                                : loaded 2 times (x 135B)
Class org.objectweb.asm.AnnotationVisitor                                             : loaded 2 times (x 73B)
Class com.google.common.base.Splitter                                                 : loaded 2 times (x 68B)
Class org.gradle.api.internal.DefaultClassPathProvider                                : loaded 2 times (x 72B)
Class com.amazon.ion.impl.SharedSymbolTable                                           : loaded 2 times (x 89B)
Class com.amazon.ion.impl.bin.IonRawBinaryWriter                                      : loaded 2 times (x 165B)
Class com.amazon.ion.SymbolToken                                                      : loaded 2 times (x 66B)
Class kotlin.text.StringsKt__StringNumberConversionsJVMKt                             : loaded 2 times (x 67B)
Class com.google.common.collect.NaturalOrdering                                       : loaded 2 times (x 111B)
Class kotlin.text.MatchResult                                                         : loaded 2 times (x 66B)
Class com.android.builder.model.AndroidProject                                        : loaded 2 times (x 66B)
Class com.android.builder.model.v2.models.BasicAndroidProject                         : loaded 2 times (x 66B)
Class kotlin.sequences.SequenceScope                                                  : loaded 2 times (x 69B)
Class kotlin.sequences.Sequence                                                       : loaded 2 times (x 66B)
Class com.google.common.io.CharSource$ConcatenatedCharSource                          : loaded 2 times (x 82B)
Class org.apache.commons.io.FilenameUtils                                             : loaded 2 times (x 67B)
Class com.google.common.collect.MapMakerInternalMap$Strength$1                        : loaded 2 times (x 76B)
Class com.google.common.collect.Maps$ViewCachingAbstractMap                           : loaded 2 times (x 121B)
Class com.google.common.collect.Sets$2                                                : loaded 2 times (x 135B)
Class [Lorg.gradle.api.internal.ClassPathProvider;                                    : loaded 2 times (x 65B)
Class org.gradle.api.internal.ClassPathProvider                                       : loaded 2 times (x 66B)
Class com.amazon.ion.impl.lite.IonBoolLite                                            : loaded 2 times (x 174B)
Class org.gradle.internal.impldep.gnu.trove.TObjectHash$NULL                          : loaded 2 times (x 67B)
Class kotlin.collections.CollectionsKt___CollectionsKt$asSequence$$inlined$Sequence$1 : loaded 2 times (x 71B)
Class com.google.common.collect.MapMakerInternalMap$Strength$2                        : loaded 2 times (x 76B)
Class com.google.common.reflect.Types$ClassOwnership$1                                : loaded 2 times (x 76B)
Class [Lorg.objectweb.asm.AnnotationVisitor;                                          : loaded 2 times (x 65B)
Class com.google.common.collect.Sets$3                                                : loaded 2 times (x 135B)
Class com.google.common.util.concurrent.AbstractFuture$SafeAtomicHelper               : loaded 2 times (x 73B)
Class com.google.common.cache.LocalCache$LocalLoadingCache                            : loaded 2 times (x 130B)
Class com.google.common.base.AbstractIterator$State                                   : loaded 2 times (x 75B)
Class org.gradle.internal.service.UnknownServiceException                             : loaded 2 times (x 79B)
Class org.gradle.internal.impldep.gnu.trove.PrimeFinder                               : loaded 2 times (x 67B)
Class org.jetbrains.kotlin.idea.gradleTooling.model.kapt.KaptGradleModel              : loaded 2 times (x 66B)
Class org.jetbrains.kotlin.idea.gradleTooling.KotlinDslScriptAdditionalTask           : loaded 2 times (x 66B)
Class org.jetbrains.plugins.gradle.model.ClasspathEntryModel                          : loaded 2 times (x 66B)
Class com.google.common.collect.MapMakerInternalMap$StrongValueEntry                  : loaded 2 times (x 66B)
Class com.google.common.io.ByteArrayDataInput                                         : loaded 2 times (x 66B)
Class com.google.common.reflect.Types$ClassOwnership$2                                : loaded 2 times (x 76B)
Class com.google.common.reflect.TypeResolver                                          : loaded 2 times (x 68B)
Class com.google.common.collect.Sets$4                                                : loaded 2 times (x 135B)
Class org.objectweb.asm.ModuleVisitor                                                 : loaded 2 times (x 76B)
Class com.google.common.cache.LocalCache$Strength$1                                   : loaded 2 times (x 77B)
Class com.android.ide.gradle.model.AdditionalClassifierArtifactsModelParameter        : loaded 2 times (x 66B)
Class com.amazon.ion.IonTimestamp                                                     : loaded 2 times (x 66B)
Class com.amazon.ion.impl.bin.PooledBlockAllocatorProvider$PooledBlockAllocator       : loaded 2 times (x 77B)
Class org.jetbrains.plugins.gradle.tooling.serialization.GradleExtensionsSerializationService: loaded 2 times (x 73B)
Class org.gradle.api.JavaVersion                                                      : loaded 2 times (x 75B)
Class org.gradle.tooling.model.Dependency                                             : loaded 2 times (x 66B)
Class org.apache.commons.io.filefilter.NotFileFilter                                  : loaded 2 times (x 80B)
Class com.google.common.reflect.Types$ClassOwnership$3                                : loaded 2 times (x 67B)
Class com.google.common.util.concurrent.SettableFuture                                : loaded 2 times (x 110B)
Class com.google.common.cache.LocalCache$Strength$2                                   : loaded 2 times (x 77B)
Class com.amazon.ion.IonDatagram                                                      : loaded 2 times (x 66B)
Class com.amazon.ion.impl._Private_RecyclingStack$ElementFactory                      : loaded 2 times (x 66B)
Class com.amazon.ion.impl.bin.IonManagedBinaryWriter$ImportedSymbolResolverMode$1$1   : loaded 2 times (x 74B)
Class com.amazon.ion.impl._Private_ByteTransferSink                                   : loaded 2 times (x 66B)
Class com.intellij.openapi.externalSystem.model.project.dependencies.ResolutionState  : loaded 2 times (x 75B)
Class kotlin.text.StringsKt__RegexExtensionsJVMKt                                     : loaded 2 times (x 67B)
Class com.android.builder.model.v2.ide.AbstractArtifact                               : loaded 2 times (x 66B)
Class com.google.common.collect.AllEqualOrdering                                      : loaded 2 times (x 110B)
Class kotlin.collections.ArraysKt___ArraysJvmKt                                       : loaded 2 times (x 67B)
Class kotlin.collections.CollectionsKt__CollectionsKt                                 : loaded 2 times (x 67B)
Class org.apache.commons.io.IOCase                                                    : loaded 2 times (x 68B)
Class com.google.common.collect.Interners$InternerImpl                                : loaded 2 times (x 71B)
Class com.google.common.collect.Interner                                              : loaded 2 times (x 66B)
Class com.google.common.collect.TransformedIterator                                   : loaded 2 times (x 76B)
Class com.google.common.io.ByteStreams                                                : loaded 2 times (x 67B)
Class com.google.common.cache.LocalCache$Strength$3                                   : loaded 2 times (x 77B)
Class com.google.common.collect.MapDifference                                         : loaded 2 times (x 66B)
Class com.google.common.base.Splitter$1                                               : loaded 2 times (x 73B)
Class org.jetbrains.plugins.gradle.model.ExternalLibraryDependency                    : loaded 2 times (x 66B)
Class kotlin.text.Regex$Companion                                                     : loaded 2 times (x 67B)
Class com.google.common.collect.MapMaker$Dummy                                        : loaded 2 times (x 75B)
Class org.objectweb.asm.tree.LdcInsnNode                                              : loaded 2 times (x 74B)
Class com.google.common.reflect.Invokable                                             : loaded 2 times (x 116B)
Class org.objectweb.asm.FieldWriter                                                   : loaded 2 times (x 73B)
Class com.google.common.cache.CacheBuilder$NullListener                               : loaded 2 times (x 78B)
Class org.gradle.internal.classpath.TransformedClassPath                              : loaded 2 times (x 92B)
Class com.amazon.ion.IonValue                                                         : loaded 2 times (x 66B)
Class com.android.builder.model.v2.models.AndroidDsl                                  : loaded 2 times (x 66B)
Class kotlin.text.StringsKt__AppendableKt                                             : loaded 2 times (x 67B)
Class sync_studio_tooling3211_9t2vx6umsb4ur5lbpnc18fgy0$_run_closure1                 : loaded 2 times (x 135B)
Class kotlin.jvm.internal.FunctionReference                                           : loaded 2 times (x 118B)
Class [Lkotlin.coroutines.intrinsics.CoroutineSingletons;                             : loaded 2 times (x 65B)
Class kotlin.jvm.internal.FunctionBase                                                : loaded 2 times (x 66B)
Class kotlin.enums.EnumEntriesList                                                    : loaded 2 times (x 219B)
Class [Lorg.apache.commons.io.filefilter.IOFileFilter;                                : loaded 2 times (x 65B)
Class org.apache.commons.io.filefilter.AbstractFileFilter                             : loaded 2 times (x 79B)
Class com.google.common.collect.ImmutableListMultimap                                 : loaded 2 times (x 174B)
Class com.google.common.reflect.Types$ParameterizedTypeImpl                           : loaded 2 times (x 77B)
Class com.google.common.cache.CacheLoader$FunctionToCacheLoader                       : loaded 2 times (x 71B)
Class com.amazon.ion.impl.bin.IonRawBinaryWriter$ContainerType                        : loaded 2 times (x 75B)
Class com.amazon.ion.impl._Private_IonTextWriterBuilder$Mutable                       : loaded 2 times (x 97B)
Class com.amazon.ion.IonWriter                                                        : loaded 2 times (x 66B)
Class kotlin.comparisons.ComparisonsKt___ComparisonsJvmKt                             : loaded 2 times (x 67B)
Class com.amazon.ion.impl.bin._Private_IonRawWriter                                   : loaded 2 times (x 66B)
Class kotlin.collections.CollectionsKt__IteratorsJVMKt                                : loaded 2 times (x 67B)
Class com.google.common.collect.EmptyImmutableListMultimap                            : loaded 2 times (x 174B)
Class com.google.common.reflect.TypeResolver$TypeVariableKey                          : loaded 2 times (x 68B)
Class org.apache.commons.io.output.ByteArrayOutputStream                              : loaded 2 times (x 88B)
Class com.google.common.base.MoreObjects                                              : loaded 2 times (x 67B)
Class org.jetbrains.plugins.gradle.model.IntelliJSettings                             : loaded 2 times (x 66B)
Class org.jetbrains.kotlin.idea.gradleTooling.KotlinSourceSetContainer                : loaded 2 times (x 66B)
Class com.amazon.ion.impl.bin.IonRawBinaryWriter$PreallocationMode                    : loaded 2 times (x 78B)
Class com.android.builder.model.v2.ide.TestInfo$Execution                             : loaded 2 times (x 75B)
Class com.amazon.ion.impl.lite.IonSystemLite                                          : loaded 2 times (x 271B)
Class kotlin.Result                                                                   : loaded 2 times (x 68B)
Class [Lorg.objectweb.asm.Attribute;                                                  : loaded 2 times (x 65B)
Class [Lorg.objectweb.asm.Type;                                                       : loaded 2 times (x 65B)
Class com.google.common.base.Splitter$5                                               : loaded 2 times (x 76B)
Class org.gradle.internal.service.ServiceLocator                                      : loaded 2 times (x 66B)
Class com.android.ide.gradle.model.GradlePropertiesModel                              : loaded 2 times (x 66B)
Class com.amazon.ion.impl.IonWriterSystem                                             : loaded 2 times (x 167B)
Class com.amazon.ion.impl.bin.Symbols$2                                               : loaded 2 times (x 103B)
Class com.amazon.ion.impl.bin._Private_IonManagedWriter                               : loaded 2 times (x 66B)
Class org.jetbrains.kotlin.android.synthetic.idea.AndroidExtensionsGradleModel        : loaded 2 times (x 66B)
Class com.intellij.gradle.toolingExtension.util.GradleVersionUtil                     : loaded 2 times (x 67B)
Class org.gradle.api.internal.classpath.EffectiveClassPath                            : loaded 2 times (x 86B)
Class kotlin.sequences.TransformingSequence$iterator$1                                : loaded 2 times (x 75B)
Class kotlin.Pair                                                                     : loaded 2 times (x 68B)
Class org.gradle.tooling.internal.adapter.ProtocolToModelAdapter$SupportedPropertyInvoker: loaded 2 times (x 72B)
Class org.gradle.tooling.model.UnsupportedMethodException                             : loaded 2 times (x 78B)
Class org.apache.commons.io.FileExistsException                                       : loaded 2 times (x 78B)
Class org.objectweb.asm.tree.AnnotationNode                                           : loaded 2 times (x 75B)
Class com.google.common.base.Ascii                                                    : loaded 2 times (x 67B)
Class com.google.common.collect.SingletonImmutableBiMap                               : loaded 2 times (x 140B)
Class com.google.common.cache.LocalCache$1                                            : loaded 2 times (x 85B)
Class com.amazon.ion.impl.lite.IonContainerLite                                       : loaded 2 times (x 244B)
Class com.amazon.ion.IonBufferConfiguration$OversizedSymbolTableHandler               : loaded 2 times (x 66B)
Class com.amazon.ion.system.IonWriterBuilder                                          : loaded 2 times (x 70B)
Class org.jetbrains.plugins.gradle.tooling.serialization.ToolingStreamApiUtils        : loaded 2 times (x 67B)
Class com.amazon.ion.facet.Faceted                                                    : loaded 2 times (x 66B)
Class org.apache.commons.io.filefilter.FileFilterUtils                                : loaded 2 times (x 67B)
Class kotlin.sequences.SequencesKt___SequencesKt$flatMap$2                            : loaded 2 times (x 121B)
Class kotlin.collections.CollectionsKt__MutableCollectionsKt                          : loaded 2 times (x 67B)
Class com.google.common.io.CharSource$StringCharSource                                : loaded 2 times (x 82B)
Class com.google.common.io.ByteSource$ByteArrayByteSource                             : loaded 2 times (x 81B)
Class com.google.common.collect.MapMakerInternalMap$AbstractStrongKeyEntry            : loaded 2 times (x 78B)
Class com.google.common.reflect.TypeToken$SimpleTypeToken                             : loaded 2 times (x 69B)
Class com.google.common.collect.Sets$ImprovedAbstractSet                              : loaded 2 times (x 131B)
Class com.google.common.cache.LocalCache$2                                            : loaded 2 times (x 138B)
Class com.amazon.ion.impl.bin.utf8.Poolable                                           : loaded 2 times (x 75B)
Class com.amazon.ion.IonSymbol                                                        : loaded 2 times (x 66B)
Class org.jetbrains.plugins.gradle.tooling.serialization.AnnotationProcessingModelSerializationService$WriteContext: loaded 2 times (x 68B)
Class org.gradle.internal.impldep.gnu.trove.THash                                     : loaded 2 times (x 77B)
Class kotlin.io.TerminateException                                                    : loaded 2 times (x 78B)
Class kotlin.io.FilesKt__FilePathComponentsKt                                         : loaded 2 times (x 67B)
Class com.android.builder.model.v2.ide.CodeShrinker                                   : loaded 2 times (x 75B)
Class com.google.common.collect.Ordering                                              : loaded 2 times (x 110B)
Class org.jetbrains.plugins.gradle.tooling.serialization.internal.IdeaProjectSerializationService: loaded 2 times (x 73B)
Class kotlin.reflect.KCallable                                                        : loaded 2 times (x 66B)
Class com.google.common.util.concurrent.AbstractFuture$UnsafeAtomicHelper$1           : loaded 2 times (x 72B)
Class com.amazon.ion.impl.lite.IonStructLite                                          : loaded 2 times (x 294B)
Class com.amazon.ion.impl._Private_ReaderWriter                                       : loaded 2 times (x 66B)
Class com.amazon.ion.impl.bin.AbstractSymbolTable                                     : loaded 2 times (x 103B)
Class com.amazon.ion.Decimal                                                          : loaded 2 times (x 129B)
Class com.amazon.ion.impl.bin._Private_IonManagedBinaryWriterBuilder$AllocatorMode$1  : loaded 2 times (x 76B)
Class org.jetbrains.plugins.gradle.tooling.serialization.ProjectDependenciesSerializationService$WriteContext: loaded 2 times (x 68B)
Class org.jetbrains.plugins.gradle.tooling.serialization.ProjectDependenciesSerializationService: loaded 2 times (x 73B)
Class kotlin.collections.AbstractIterator                                             : loaded 2 times (x 79B)
Class kotlin.text.CharsKt                                                             : loaded 2 times (x 67B)
Class org.jetbrains.kotlin.idea.projectModel.KotlinTaskProperties                     : loaded 2 times (x 66B)
Class org.gradle.internal.classloader.ClassLoaderVisitor                              : loaded 2 times (x 72B)
Class org.gradle.tooling.internal.adapter.CollectionMapper                            : loaded 2 times (x 69B)
Class com.google.common.base.Optional                                                 : loaded 2 times (x 76B)
Class com.google.common.util.concurrent.AbstractFuture$Trusted                        : loaded 2 times (x 66B)
Class com.google.common.base.CharMatcher$RangesMatcher                                : loaded 2 times (x 108B)
Class com.android.ide.gradle.model.ArtifactIdentifierImpl                             : loaded 2 times (x 73B)
Class com.amazon.ion.impl.lite.IonFloatLite                                           : loaded 2 times (x 182B)
Class com.amazon.ion.impl._Private_IonTextWriterBuilder                               : loaded 2 times (x 97B)
Class com.amazon.ion.impl.bin._Private_IonManagedBinaryWriterBuilder$AllocatorMode$2  : loaded 2 times (x 76B)
Class org.gradle.internal.impldep.gnu.trove.Equality                                  : loaded 2 times (x 66B)
Class [Lcom.android.builder.model.v2.ide.LibraryType;                                 : loaded 2 times (x 65B)
Class com.android.builder.model.v2.ide.LibraryType                                    : loaded 2 times (x 75B)
Class com.google.common.base.CharMatcher$None                                         : loaded 2 times (x 108B)
Class com.google.common.collect.ExplicitOrdering                                      : loaded 2 times (x 111B)
Class com.google.common.io.ByteSink$AsCharSink                                        : loaded 2 times (x 76B)
Class com.google.common.util.concurrent.UncheckedExecutionException                   : loaded 2 times (x 78B)
Class org.jetbrains.plugins.gradle.ExternalDependencyId                               : loaded 2 times (x 66B)
Class com.amazon.ion.impl._Private_RecyclingStack                                     : loaded 2 times (x 68B)
Class com.amazon.ion.impl._Private_IonReaderBuilder                                   : loaded 2 times (x 91B)
Class com.amazon.ion.IonMutableCatalog                                                : loaded 2 times (x 66B)
Class com.intellij.gradle.toolingExtension.impl.model.buildScriptClasspathModel.GradleBuildScriptClasspathSerializationService$WriteContext: loaded 2 times (x 68B)
Class org.gradle.tooling.internal.adapter.ProtocolToModelAdapter                      : loaded 2 times (x 76B)
Class build_122h7z009ih01xuw9i2qbos2c                                                 : loaded 2 times (x 176B)
Class com.google.common.collect.ImmutableSortedSetFauxverideShim                      : loaded 2 times (x 143B)
Class com.google.common.base.CharMatcher$JavaLetterOrDigit                            : loaded 2 times (x 107B)
Class org.gradle.internal.InternalTransformer                                         : loaded 2 times (x 66B)
Class org.gradle.internal.impldep.gnu.trove.TObjectCanonicalHashingStrategy           : loaded 2 times (x 76B)
Class kotlin.collections.ArraysKt___ArraysKt$asSequence$$inlined$Sequence$1           : loaded 2 times (x 71B)
Class [Lcom.google.common.collect.AbstractIterator$State;                             : loaded 2 times (x 65B)
Class com.android.builder.model.v2.ide.AndroidGradlePluginProjectFlags$BooleanFlag    : loaded 2 times (x 75B)
Class kotlin.collections.MapsKt__MapsJVMKt                                            : loaded 2 times (x 67B)
Class kotlin.collections.EmptyList                                                    : loaded 2 times (x 170B)
Class org.gradle.internal.time.DefaultTimer                                           : loaded 2 times (x 76B)
Class com.google.common.collect.AbstractMapBasedMultimap$KeySet$1                     : loaded 2 times (x 78B)
Class org.objectweb.asm.ClassWriter                                                   : loaded 2 times (x 100B)
Class com.google.common.cache.CacheLoader$UnsupportedLoadingOperationException        : loaded 2 times (x 78B)
Class settings_di2g6s8vcoi99qfx47imczyhr$_run_closure1$_closure2                      : loaded 2 times (x 135B)
Class org.gradle.internal.classloader.ClasspathUtil$1                                 : loaded 2 times (x 72B)
Class com.amazon.ion.impl.bin.PooledBlockAllocatorProvider$PooledBlockAllocator$1     : loaded 2 times (x 75B)
Class com.amazon.ion.impl.lite.IonStringLite                                          : loaded 2 times (x 208B)
Class com.google.common.io.ByteSource$ConcatenatedByteSource                          : loaded 2 times (x 81B)
Class kotlin.collections.AbstractList$Companion                                       : loaded 2 times (x 67B)
Class kotlin.sequences.SequencesKt___SequencesKt                                      : loaded 2 times (x 67B)
Class org.gradle.tooling.internal.adapter.ProtocolToModelAdapter$ViewKey              : loaded 2 times (x 68B)
Class org.objectweb.asm.tree.LookupSwitchInsnNode                                     : loaded 2 times (x 74B)
Class com.google.common.base.Objects                                                  : loaded 2 times (x 67B)
Class org.objectweb.asm.FieldVisitor                                                  : loaded 2 times (x 72B)
Class org.gradle.api.internal.classpath.DefaultModuleRegistry$DefaultModule           : loaded 2 times (x 82B)
Class com.amazon.ion.impl.bin.Block                                                   : loaded 2 times (x 75B)
Class org.jetbrains.kotlin.idea.gradleTooling.model.lombok.LombokModel                : loaded 2 times (x 66B)
Class com.android.builder.model.v2.CustomSourceDirectory                              : loaded 2 times (x 66B)
Class com.google.common.collect.ReverseNaturalOrdering                                : loaded 2 times (x 110B)
Class com.google.common.collect.NullsFirstOrdering                                    : loaded 2 times (x 111B)
Class kotlin.ResultKt                                                                 : loaded 2 times (x 67B)
Class org.gradle.tooling.internal.adapter.ProtocolToModelAdapter$PropertyCachingMethodInvoker: loaded 2 times (x 72B)
Class com.google.common.reflect.Reflection                                            : loaded 2 times (x 67B)
Class com.google.common.primitives.Ints                                               : loaded 2 times (x 67B)
Class com.amazon.ion.impl.bin.utf8.Utf8StringEncoderPool$1                            : loaded 2 times (x 72B)
Class com.amazon.ion.impl.lite.IonLoaderLite                                          : loaded 2 times (x 78B)
Class com.amazon.ion.impl.lite.IonContext                                             : loaded 2 times (x 66B)
Class com.amazon.ion.impl.IonWriterSystemText                                         : loaded 2 times (x 186B)
Class [Lcom.amazon.ion.impl.bin.IonManagedBinaryWriter$ImportedSymbolResolverMode;    : loaded 2 times (x 65B)
Class com.amazon.ion.ValueFactory                                                     : loaded 2 times (x 66B)
Class org.jetbrains.plugins.gradle.model.ExternalTask                                 : loaded 2 times (x 66B)
Class com.amazon.ion.impl.bin.IonManagedBinaryWriter$ImportedSymbolResolverMode$2     : loaded 2 times (x 76B)
Class org.gradle.internal.classloader.DefaultClassLoaderFactory                       : loaded 2 times (x 78B)
Class com.android.builder.model.v2.models.ProjectSyncIssues                           : loaded 2 times (x 66B)
Class kotlin.collections.ArraysKt__ArraysKt                                           : loaded 2 times (x 67B)
Class kotlin.Result$Failure                                                           : loaded 2 times (x 68B)
Class org.gradle.internal.time.DefaultCountdownTimer                                  : loaded 2 times (x 84B)
Class com.google.common.math.MathPreconditions                                        : loaded 2 times (x 67B)
Class com.google.common.collect.Multiset                                              : loaded 2 times (x 66B)
Class com.google.common.collect.ArrayListMultimapGwtSerializationDependencies         : loaded 2 times (x 168B)
Class com.amazon.ion.impl._Private_IonReaderBuilder$TwoElementSequenceInputStream     : loaded 2 times (x 88B)
Class com.amazon.ion.impl.bin.IonManagedBinaryWriter$SymbolResolver                   : loaded 2 times (x 66B)
Class com.amazon.ion.impl._Private_SymbolToken                                        : loaded 2 times (x 66B)
Class com.amazon.ion.impl.bin._Private_IonManagedBinaryWriterBuilder$AllocatorMode    : loaded 2 times (x 76B)
Class org.jetbrains.plugins.gradle.tooling.util.ObjectCollector                       : loaded 2 times (x 68B)
Class org.jetbrains.plugins.gradle.model.GradleTaskModel                              : loaded 2 times (x 66B)
Class com.google.common.base.Suppliers                                                : loaded 2 times (x 67B)
Class kotlin.collections.SetsKt__SetsJVMKt                                            : loaded 2 times (x 67B)
Class org.gradle.tooling.internal.adapter.ProtocolToModelAdapter$AdaptingMethodInvoker: loaded 2 times (x 72B)
Class org.gradle.tooling.internal.gradle.DefaultBuildIdentifier                       : loaded 2 times (x 75B)
Class kotlin.Function                                                                 : loaded 2 times (x 66B)
Class org.apache.commons.io.output.NullOutputStream                                   : loaded 2 times (x 81B)
Class org.gradle.api.internal.classpath.Module                                        : loaded 2 times (x 66B)
Class com.intellij.openapi.externalSystem.model.project.IExternalSystemSourceType     : loaded 2 times (x 66B)
Class com.amazon.ion.impl._Private_IonReaderBuilder$Mutable                           : loaded 2 times (x 91B)
Class kotlin.io.FileAlreadyExistsException                                            : loaded 2 times (x 78B)
Class kotlin.internal.ProgressionUtilKt                                               : loaded 2 times (x 67B)
Class com.google.common.cache.Weigher                                                 : loaded 2 times (x 66B)
Class org.gradle.api.internal.classpath.UnknownModuleException                        : loaded 2 times (x 78B)
Class org.gradle.cache.GlobalCache                                                    : loaded 2 times (x 66B)
Class org.jetbrains.plugins.gradle.tooling.serialization.ProjectDependenciesSerializationService$ReadContext: loaded 2 times (x 68B)
Class org.gradle.internal.impldep.gnu.trove.TObjectIdentityHashingStrategy            : loaded 2 times (x 74B)
Class com.intellij.openapi.externalSystem.model.project.dependencies.ProjectDependencies: loaded 2 times (x 66B)
Class kotlin.sequences.DistinctIterator                                               : loaded 2 times (x 79B)
Class org.apache.commons.io.Charsets                                                  : loaded 2 times (x 67B)
Class com.google.common.base.Stopwatch                                                : loaded 2 times (x 68B)
Class com.google.common.cache.LocalCache$Strength                                     : loaded 2 times (x 77B)
Class com.google.common.cache.Cache                                                   : loaded 2 times (x 66B)
Class com.google.gson.stream.JsonReader$1                                             : loaded 2 times (x 68B)
Class [Lcom.google.common.cache.CacheBuilder$OneWeigher;                              : loaded 2 times (x 65B)
Class com.google.common.io.AppendableWriter                                           : loaded 2 times (x 96B)
Class org.apache.commons.io.filefilter.IOFileFilter                                   : loaded 2 times (x 66B)
Class com.google.common.io.Files$2                                                    : loaded 2 times (x 72B)
Class com.google.common.util.concurrent.AbstractFuture$Cancellation                   : loaded 2 times (x 68B)
Class com.android.ide.gradle.model.artifacts.AdditionalClassifierArtifactsModel       : loaded 2 times (x 66B)
Class com.amazon.ion.IonBufferConfiguration                                           : loaded 2 times (x 69B)
Class com.amazon.ion.impl.bin.Symbols                                                 : loaded 2 times (x 67B)
Class org.jetbrains.plugins.gradle.tooling.serialization.RepositoriesModelSerializationService: loaded 2 times (x 78B)
Class com.android.builder.model.Variant                                               : loaded 2 times (x 66B)
Class org.gradle.tooling.internal.gradle.GradleProjectIdentity                        : loaded 2 times (x 66B)
Class com.google.common.base.Present                                                  : loaded 2 times (x 77B)
Class com.google.common.collect.AbstractMapBasedMultimap$WrappedCollection$WrappedIterator: loaded 2 times (x 80B)
Class org.objectweb.asm.tree.FrameNode                                                : loaded 2 times (x 75B)
Class org.objectweb.asm.tree.LineNumberNode                                           : loaded 2 times (x 75B)
Class com.google.common.cache.RemovalListener                                         : loaded 2 times (x 66B)
Class org.gradle.api.internal.DefaultClassPathRegistry                                : loaded 2 times (x 72B)
Class [Lcom.amazon.ion.impl.bin.AbstractIonWriter$WriteValueOptimization;             : loaded 2 times (x 65B)
Class org.jetbrains.plugins.gradle.tooling.serialization.RepositoriesModelSerializationService$ReadContext: loaded 2 times (x 68B)
Class com.google.common.base.Platform$JdkPatternCompiler                              : loaded 2 times (x 71B)
Class kotlin.ranges.ClosedRange                                                       : loaded 2 times (x 66B)
Class com.android.builder.model.v2.ide.JavaArtifact                                   : loaded 2 times (x 66B)
Class com.android.builder.model.ProjectSyncIssues                                     : loaded 2 times (x 66B)
Class com.google.common.collect.ImmutableMultimap$Keys                                : loaded 2 times (x 162B)
Class com.google.common.reflect.Invokable$ConstructorInvokable                        : loaded 2 times (x 120B)
Class com.google.common.primitives.IntsMethodsForWeb                                  : loaded 2 times (x 67B)
Class org.gradle.api.internal.ClassPathRegistry                                       : loaded 2 times (x 66B)
Class org.gradle.internal.classpath.DefaultClassPath$ImmutableUniqueList              : loaded 2 times (x 195B)
Class com.amazon.ion.impl.bin.IonManagedBinaryWriter$UserState                        : loaded 2 times (x 81B)
Class com.amazon.ion.impl._Private_IonWriter                                          : loaded 2 times (x 66B)
Class com.amazon.ion.impl.bin._Private_IonManagedBinaryWriterBuilder                  : loaded 2 times (x 68B)
Class org.jetbrains.plugins.gradle.tooling.serialization.internal.adapter.InternalBuildIdentifier: loaded 2 times (x 71B)
Class com.intellij.gradle.toolingExtension.impl.model.projectModel.GradleExternalProjectSerializationService$WriteContext: loaded 2 times (x 69B)
Class kotlin.text.StringsKt__StringsJVMKt                                             : loaded 2 times (x 67B)
Class kotlin.collections.IntIterator                                                  : loaded 2 times (x 78B)
Class com.google.common.collect.NullnessCasts                                         : loaded 2 times (x 67B)
Class com.google.common.collect.MapMakerInternalMap$Segment                           : loaded 2 times (x 138B)
Class com.google.common.reflect.TypeToken                                             : loaded 2 times (x 69B)
Class com.google.common.base.ExtraObjectsMethodsForWeb                                : loaded 2 times (x 67B)
Class org.apache.commons.io.IOUtils                                                   : loaded 2 times (x 67B)
Class [Lcom.amazon.ion.SymbolToken;                                                   : loaded 2 times (x 65B)
Class kotlin.text.StringsKt__IndentKt                                                 : loaded 2 times (x 67B)
Class com.android.builder.model.v2.dsl.SigningConfig                                  : loaded 2 times (x 66B)
Class org.objectweb.asm.MethodTooLargeException                                       : loaded 2 times (x 79B)
Class com.android.builder.model.v2.models.AndroidProject                              : loaded 2 times (x 66B)
Class com.android.builder.model.v2.AndroidModel                                       : loaded 2 times (x 66B)
Class kotlin.collections.SetsKt                                                       : loaded 2 times (x 67B)
Class com.google.common.collect.MapMakerInternalMap$Strength                          : loaded 2 times (x 76B)
Class com.google.common.io.ByteSink                                                   : loaded 2 times (x 72B)
Class org.objectweb.asm.tree.UnsupportedClassVersionException                         : loaded 2 times (x 78B)
Class com.google.common.cache.CacheBuilder                                            : loaded 2 times (x 68B)
Class org.gradle.internal.classpath.ClassPath                                         : loaded 2 times (x 66B)
Class org.jetbrains.plugins.gradle.model.ExternalProjectDependency                    : loaded 2 times (x 66B)
Class org.jetbrains.plugins.gradle.tooling.serialization.KotlinDslScriptsModelSerializationService: loaded 2 times (x 77B)
Class org.jetbrains.kotlin.idea.gradleTooling.model.noarg.NoArgModel                  : loaded 2 times (x 66B)
Class kotlin.reflect.KFunction                                                        : loaded 2 times (x 66B)
Class kotlin.collections.ArrayDeque                                                   : loaded 2 times (x 203B)
Class build_122h7z009ih01xuw9i2qbos2c$_run_closure1                                   : loaded 2 times (x 135B)
Class com.google.common.collect.Interners$InternerBuilder                             : loaded 2 times (x 72B)
Class com.google.common.io.Files$FileByteSource                                       : loaded 2 times (x 81B)
Class org.objectweb.asm.tree.IincInsnNode                                             : loaded 2 times (x 74B)
Class [Lcom.google.common.reflect.Types$JavaVersion;                                  : loaded 2 times (x 65B)
Class com.google.common.base.JdkPattern                                               : loaded 2 times (x 71B)
Class com.amazon.ion.impl.bin.IonRawBinaryWriter$PatchList$Node                       : loaded 2 times (x 68B)
Class com.amazon.ion.system.IonSystemBuilder$Mutable                                  : loaded 2 times (x 71B)
Class com.amazon.ion.impl.bin.IonManagedBinaryWriter$SymbolResolverBuilder            : loaded 2 times (x 66B)
Class org.jetbrains.plugins.gradle.tooling.serialization.ExternalTestsSerializationService$WriteContext: loaded 2 times (x 68B)
Class org.jetbrains.kotlin.idea.gradleTooling.KotlinGradleModel                       : loaded 2 times (x 66B)
Class kotlin.collections.MapsKt__MapsKt                                               : loaded 2 times (x 67B)
Class kotlin.jvm.internal.Lambda                                                      : loaded 2 times (x 71B)
Class com.google.common.io.CharStreams$NullWriter                                     : loaded 2 times (x 95B)
Class com.google.common.io.CharSource$CharSequenceCharSource                          : loaded 2 times (x 82B)
Class org.objectweb.asm.tree.InnerClassNode                                           : loaded 2 times (x 69B)
Class org.objectweb.asm.tree.TypeInsnNode                                             : loaded 2 times (x 75B)
Class org.objectweb.asm.SymbolTable$Entry                                             : loaded 2 times (x 70B)
Class com.google.common.util.concurrent.AbstractFuture$AtomicHelper                   : loaded 2 times (x 72B)
Class com.google.gson.internal.JsonReaderInternalAccess                               : loaded 2 times (x 68B)
Class com.android.ide.gradle.model.ArtifactIdentifier                                 : loaded 2 times (x 66B)
Class com.amazon.ion.impl.bin.IonManagedBinaryWriter$LocalSymbolTableView             : loaded 2 times (x 103B)
Class com.android.builder.model.v2.ide.Variant                                        : loaded 2 times (x 66B)
Class com.intellij.util.containers.IntObjectHashMap$ArrayProducer                     : loaded 2 times (x 66B)
Class org.gradle.tooling.model.Model                                                  : loaded 2 times (x 66B)
Class org.apache.commons.io.filefilter.DirectoryFileFilter                            : loaded 2 times (x 79B)
Class org.objectweb.asm.Edge                                                          : loaded 2 times (x 68B)
Class com.google.common.base.Suppliers$SupplierOfInstance                             : loaded 2 times (x 75B)
Class com.android.ide.gradle.model.composites.BuildMap                                : loaded 2 times (x 66B)
Class com.amazon.ion.impl.bin.IonRawBinaryWriter$PatchList                            : loaded 2 times (x 81B)
Class com.amazon.ion.UnknownSymbolException                                           : loaded 2 times (x 82B)
Class com.android.builder.model.v2.ide.SyncIssue                                      : loaded 2 times (x 66B)
Class com.amazon.ion.impl.bin.IonManagedBinaryWriter$ImportedSymbolResolverMode$1     : loaded 2 times (x 76B)
Class com.amazon.ion.impl.lite.IonSymbolLite                                          : loaded 2 times (x 242B)
Class kotlin.Metadata                                                                 : loaded 2 times (x 66B)
Class kotlin.UninitializedPropertyAccessException                                     : loaded 2 times (x 78B)
Class org.objectweb.asm.tree.LabelNode                                                : loaded 2 times (x 76B)
Class org.objectweb.asm.tree.RecordComponentNode                                      : loaded 2 times (x 75B)
Class com.google.common.reflect.TypeToken$1                                           : loaded 2 times (x 123B)
Class org.jetbrains.plugins.gradle.model.IntelliJProjectSettings                      : loaded 2 times (x 66B)
Class org.jetbrains.kotlin.idea.gradleTooling.model.annotation.AnnotationBasedPluginModel: loaded 2 times (x 66B)
Class com.android.builder.model.v2.ide.Library                                        : loaded 2 times (x 66B)
Class kotlin.sequences.SequencesKt___SequencesKt$filterNotNull$1                      : loaded 2 times (x 74B)
Class com.android.builder.model.v2.models.Versions                                    : loaded 2 times (x 66B)
Class org.gradle.tooling.internal.adapter.ProtocolToModelAdapter$MethodInvocationCache: loaded 2 times (x 69B)
Class com.google.common.collect.AbstractMapBasedMultimap$AsMap$AsMapEntries           : loaded 2 times (x 134B)
Class com.google.common.reflect.TypeToken$2                                           : loaded 2 times (x 123B)
Class com.google.common.cache.LocalCache$Segment                                      : loaded 2 times (x 150B)
Class org.jetbrains.plugins.gradle.model.ExternalDependency                           : loaded 2 times (x 66B)
Class com.intellij.util.containers.IntObjectHashMap                                   : loaded 2 times (x 68B)
Class [Lcom.amazon.ion.impl.bin.IonRawBinaryWriter$StreamCloseMode;                   : loaded 2 times (x 65B)
Class org.jetbrains.kotlin.idea.gradleTooling.AndroidAwareGradleModelProvider$Companion: loaded 2 times (x 67B)
Class org.objectweb.asm.ClassVisitor                                                  : loaded 2 times (x 83B)
Class com.android.builder.model.v2.models.ndk.NativeModule                            : loaded 2 times (x 66B)
Class [Lorg.objectweb.asm.SymbolTable$Entry;                                          : loaded 2 times (x 65B)
Class com.google.common.cache.CacheLoader                                             : loaded 2 times (x 70B)
Class com.google.common.collect.AbstractListMultimap                                  : loaded 2 times (x 168B)
Class org.gradle.internal.installation.GradleInstallation$1                           : loaded 2 times (x 71B)
Class org.gradle.api.internal.classpath.ModuleRegistry                                : loaded 2 times (x 66B)
Class com.amazon.ion.impl.bin.IonManagedBinaryWriter$SymbolState$1                    : loaded 2 times (x 76B)
Class com.amazon.ion.impl.LocalSymbolTableAsStruct$Factory                            : loaded 2 times (x 75B)
Class [Lcom.amazon.ion.IonType;                                                       : loaded 2 times (x 65B)
Class com.intellij.gradle.toolingExtension.impl.model.sourceSetDependencyModel.GradleSourceSetDependencySerialisationService$SourceSetDependencyModelReadContext: loaded 2 times (x 68B)
Class com.intellij.gradle.toolingExtension.impl.model.dependencyModel.DependencyReadContext: loaded 2 times (x 68B)
Class org.jetbrains.plugins.gradle.model.VersionCatalogsModel                         : loaded 2 times (x 66B)
Class com.intellij.gradle.toolingExtension.impl.model.taskIndex.GradleTaskRequest     : loaded 2 times (x 66B)
Class com.android.builder.model.v2.ide.PrivacySandboxSdkInfo                          : loaded 2 times (x 66B)
Class [Lorg.objectweb.asm.Symbol;                                                     : loaded 2 times (x 65B)
Class org.gradle.tooling.internal.adapter.ObjectGraphAdapter                          : loaded 2 times (x 66B)
Class com.google.common.util.concurrent.internal.InternalFutureFailureAccess          : loaded 2 times (x 68B)
Class com.google.common.collect.ImmutableSet$JdkBackedSetBuilderImpl                  : loaded 2 times (x 72B)
Class com.google.common.base.Splitter$SplittingIterator                               : loaded 2 times (x 80B)
Class com.android.ide.gradle.model.LegacyAndroidGradlePluginPropertiesModelParameters : loaded 2 times (x 66B)
Class org.jetbrains.plugins.gradle.model.ProjectImportModelProvider                   : loaded 2 times (x 66B)
Class com.amazon.ion.impl.bin.IonManagedBinaryWriter$SymbolState$2                    : loaded 2 times (x 76B)
Class com.amazon.ion.IonNull                                                          : loaded 2 times (x 66B)
Class com.google.common.reflect.TypeCapture                                           : loaded 2 times (x 67B)
Class com.google.common.collect.ImmutableSortedAsList                                 : loaded 2 times (x 217B)
Class kotlin.text.RegexKt                                                             : loaded 2 times (x 67B)
Class kotlin.coroutines.intrinsics.IntrinsicsKt__IntrinsicsKt                         : loaded 2 times (x 67B)
Class com.google.common.collect.ImmutableMultimap$Values                              : loaded 2 times (x 122B)
Class com.google.common.io.Closer$SuppressingSuppressor                               : loaded 2 times (x 70B)
Class com.google.common.util.concurrent.AbstractFuture$UnsafeAtomicHelper             : loaded 2 times (x 72B)
Class com.google.common.cache.LocalCache$LocalManualCache$1                           : loaded 2 times (x 71B)
Class com.amazon.ion.impl.bin.IonRawBinaryWriter$ContainerInfo                        : loaded 2 times (x 72B)
Class com.amazon.ion.impl.bin.IonManagedBinaryWriter$SymbolState$3                    : loaded 2 times (x 76B)
Class com.amazon.ion.impl.bin.IonRawBinaryWriter$StreamFlushMode                      : loaded 2 times (x 75B)
Class com.amazon.ion.IonBinaryWriter                                                  : loaded 2 times (x 66B)
Class com.intellij.gradle.toolingExtension.impl.model.sourceSetArtifactIndex.GradleSourceSetArtifactBuildRequest: loaded 2 times (x 66B)
Class com.google.common.collect.TransformedListIterator                               : loaded 2 times (x 89B)
Class com.android.builder.model.v2.models.ModelBuilderParameter                       : loaded 2 times (x 66B)
Class kotlin.io.FilesKt__UtilsKt                                                      : loaded 2 times (x 67B)
Class com.google.common.collect.Lists$TransformingRandomAccessList                    : loaded 2 times (x 195B)
Class com.google.common.cache.LocalCache$Values                                       : loaded 2 times (x 114B)
Class kotlin.collections.CollectionsKt__CollectionsJVMKt                              : loaded 2 times (x 67B)
Class org.gradle.api.internal.classpath.DefaultModuleRegistry                         : loaded 2 times (x 82B)
Class com.amazon.ion.impl.bin.IonManagedBinaryWriter$SymbolState$4                    : loaded 2 times (x 76B)
Class org.jetbrains.plugins.gradle.tooling.serialization.internal.IdeaProjectSerializationService$WriteContext$1: loaded 2 times (x 79B)
Class org.jetbrains.plugins.gradle.model.ExternalProject                              : loaded 2 times (x 66B)
Class org.gradle.internal.operations.MultipleBuildOperationFailures                   : loaded 2 times (x 91B)
Class com.google.common.collect.ImmutableSet$CachingAsList                            : loaded 2 times (x 144B)
Class kotlin.collections.CollectionsKt__IteratorsKt                                   : loaded 2 times (x 67B)
Class kotlin.sequences.SequencesKt                                                    : loaded 2 times (x 67B)
Class com.google.common.util.concurrent.ListenableFuture                              : loaded 2 times (x 66B)
Class com.google.common.cache.ReferenceEntry                                          : loaded 2 times (x 66B)
Class com.google.common.base.Converter                                                : loaded 2 times (x 86B)
Class com.google.common.base.CharMatcher$Any                                          : loaded 2 times (x 108B)
Class com.amazon.ion.impl.bin.utf8.Pool                                               : loaded 2 times (x 70B)
Class com.amazon.ion.impl._Private_SymtabExtendsCache                                 : loaded 2 times (x 68B)
Class org.jetbrains.plugins.gradle.tooling.serialization.internal.IdeaProjectSerializationService$WriteContext$2: loaded 2 times (x 79B)
Class [Lcom.android.builder.model.v2.ide.CodeShrinker;                                : loaded 2 times (x 65B)
Class kotlin.text.StringsKt                                                           : loaded 2 times (x 67B)
Class org.gradle.tooling.internal.adapter.MethodInvocation                            : loaded 2 times (x 81B)
Class kotlin.sequences.TransformingSequence                                           : loaded 2 times (x 71B)
Class org.objectweb.asm.tree.IntInsnNode                                              : loaded 2 times (x 75B)
Class com.google.common.util.concurrent.AbstractFuture                                : loaded 2 times (x 102B)
Class com.google.common.base.FunctionalEquivalence                                    : loaded 2 times (x 79B)
Class com.google.common.collect.AbstractMapBasedMultimap                              : loaded 2 times (x 135B)
Class com.android.ide.gradle.model.artifacts.AdditionalClassifierArtifacts            : loaded 2 times (x 66B)
Class com.amazon.ion.impl._Private_IonSymbol                                          : loaded 2 times (x 66B)
Class com.amazon.ion.impl.lite.IonValueLite                                           : loaded 2 times (x 143B)
Class com.amazon.ion.IonContainer                                                     : loaded 2 times (x 66B)
Class com.amazon.ion.impl.bin.PooledBlockAllocatorProvider                            : loaded 2 times (x 69B)
Class org.jetbrains.plugins.gradle.tooling.serialization.AnnotationProcessingModelSerializationService$ReadContext: loaded 2 times (x 68B)
Class org.jetbrains.plugins.gradle.tooling.serialization.internal.IdeaProjectSerializationService$WriteContext$3: loaded 2 times (x 79B)
Class org.gradle.util.internal.DefaultGradleVersion$Stage                             : loaded 2 times (x 71B)
Class kotlin.coroutines.jvm.internal.RestrictedContinuationImpl                       : loaded 2 times (x 83B)
Class com.google.common.io.CharStreams                                                : loaded 2 times (x 67B)
Class com.google.common.collect.ImmutableMultiset                                     : loaded 2 times (x 159B)
Class org.objectweb.asm.tree.InsnNode                                                 : loaded 2 times (x 74B)
Class com.google.common.reflect.TypeResolver$TypeTable                                : loaded 2 times (x 69B)
Class org.objectweb.asm.RecordComponentVisitor                                        : loaded 2 times (x 73B)
Class com.google.common.cache.CacheLoader$SupplierToCacheLoader                       : loaded 2 times (x 71B)
Class org.jetbrains.kotlin.idea.gradleTooling.AndroidAwareGradleModelProvider         : loaded 2 times (x 79B)
Class org.jetbrains.plugins.gradle.tooling.serialization.internal.IdeaProjectSerializationService$WriteContext$4: loaded 2 times (x 79B)
Class com.intellij.gradle.toolingExtension.impl.model.sourceSetDependencyModel.GradleSourceSetDependencySerialisationService$Companion: loaded 2 times (x 67B)
Class [Lkotlin.Pair;                                                                  : loaded 2 times (x 65B)
Class kotlin.text.StringsKt__StringNumberConversionsKt                                : loaded 2 times (x 67B)
Class kotlin.io.FilesKt__FileReadWriteKt                                              : loaded 2 times (x 67B)
Class com.google.common.collect.UsingToStringOrdering                                 : loaded 2 times (x 110B)
Class kotlin.text.MatchNamedGroupCollection                                           : loaded 2 times (x 66B)
Class com.android.utils.FileUtils                                                     : loaded 2 times (x 67B)
Class org.gradle.internal.time.MonotonicClock                                         : loaded 2 times (x 73B)
Class com.google.common.reflect.TypeResolver$TypeTable$1                              : loaded 2 times (x 69B)
Class com.google.common.collect.Maps$EntryTransformer                                 : loaded 2 times (x 66B)
Class org.gradle.internal.service.ServiceLookupException                              : loaded 2 times (x 78B)
Class com.amazon.ion.BufferConfiguration$Builder                                      : loaded 2 times (x 74B)
Class org.jetbrains.plugins.gradle.tooling.serialization.internal.IdeaProjectSerializationService$WriteContext$5: loaded 2 times (x 79B)
Class com.intellij.gradle.toolingExtension.impl.model.sourceSetDependencyModel.GradleSourceSetDependencySerialisationService$SourceSetDependencyModelWriteContext: loaded 2 times (x 68B)
Class [Lkotlin.sequences.Sequence;                                                    : loaded 2 times (x 65B)
Class kotlin.sequences.SequencesKt___SequencesKt$sortedWith$1                         : loaded 2 times (x 71B)
Class com.google.common.collect.Lists$ReverseList                                     : loaded 2 times (x 196B)
Class com.android.builder.model.v2.ide.AaptOptions$Namespacing                        : loaded 2 times (x 75B)
Class org.objectweb.asm.tree.AbstractInsnNode                                         : loaded 2 times (x 74B)
Class [Lcom.google.common.cache.LocalCache$EntryFactory;                              : loaded 2 times (x 65B)
Class com.google.common.base.CharMatcher$JavaLetter                                   : loaded 2 times (x 107B)
Class org.gradle.internal.classloader.ClassLoaderFactory                              : loaded 2 times (x 66B)
Class com.amazon.ion.impl.bin.IntList                                                 : loaded 2 times (x 73B)
Class com.amazon.ion.impl.lite._Private_LiteDomTrampoline                             : loaded 2 times (x 67B)
Class com.amazon.ion.IonType                                                          : loaded 2 times (x 75B)
Class org.jetbrains.plugins.gradle.tooling.serialization.internal.IdeaProjectSerializationService$WriteContext$6: loaded 2 times (x 79B)
Class org.jetbrains.plugins.gradle.tooling.util.IntObjectMap                          : loaded 2 times (x 69B)
Class com.google.common.collect.ImmutableMap$SerializedForm                           : loaded 2 times (x 69B)
Class com.intellij.util.ThrowableConsumer                                             : loaded 2 times (x 66B)
Class com.android.builder.model.v2.ide.LibraryInfo                                    : loaded 2 times (x 66B)
Class com.google.common.cache.LocalCache$LocalManualCache                             : loaded 2 times (x 95B)
Class com.google.common.base.CommonPattern                                            : loaded 2 times (x 70B)
Class settings_di2g6s8vcoi99qfx47imczyhr$_run_closure1                                : loaded 2 times (x 135B)
Class org.gradle.internal.service.CachingServiceLocator                               : loaded 2 times (x 78B)
Class com.amazon.ion.impl.lite.ValueFactoryLite                                       : loaded 2 times (x 214B)
Class org.jetbrains.plugins.gradle.tooling.serialization.internal.IdeaProjectSerializationService$WriteContext$7: loaded 2 times (x 79B)
Class org.jetbrains.plugins.gradle.model.RepositoryModels                             : loaded 2 times (x 66B)
Class com.google.gson.stream.MalformedJsonException                                   : loaded 2 times (x 78B)
Class kotlin.jvm.internal.CallableReference                                           : loaded 2 times (x 102B)
Class org.apache.commons.io.filefilter.ConditionalFileFilter                          : loaded 2 times (x 66B)
Class com.google.common.collect.Streams                                               : loaded 2 times (x 67B)
Class com.google.common.collect.AbstractMapBasedMultimap$KeySet                       : loaded 2 times (x 133B)
Class com.google.common.math.IntMath                                                  : loaded 2 times (x 67B)
Class com.amazon.ion.impl.bin.WriteBuffer                                             : loaded 2 times (x 74B)
Class com.amazon.ion.impl.bin.IonManagedBinaryWriter                                  : loaded 2 times (x 162B)
Class org.jetbrains.plugins.gradle.tooling.serialization.internal.IdeaProjectSerializationService$WriteContext$8: loaded 2 times (x 79B)
Class [Lorg.gradle.api.JavaVersion;                                                   : loaded 2 times (x 65B)
Class com.google.common.io.ByteArrayDataOutput                                        : loaded 2 times (x 66B)
Class kotlin.ranges.IntRange                                                          : loaded 2 times (x 89B)
Class org.gradle.tooling.model.idea.IdeaDependencyScope                               : loaded 2 times (x 66B)
Class org.gradle.internal.time.TimeSource                                             : loaded 2 times (x 66B)
Class org.gradle.tooling.model.kotlin.dsl.KotlinDslScriptsModel                       : loaded 2 times (x 66B)
Class com.google.common.collect.MapMakerInternalMap$InternalEntry                     : loaded 2 times (x 66B)
Class com.google.common.reflect.Types$TypeVariableInvocationHandler                   : loaded 2 times (x 71B)
Class org.objectweb.asm.commons.InstructionAdapter                                    : loaded 2 times (x 183B)
Class com.google.common.collect.Iterators$10                                          : loaded 2 times (x 77B)
Class com.google.common.base.CharMatcher$JavaDigit                                    : loaded 2 times (x 107B)
Class com.amazon.ion.impl.lite.IonBlobLite                                            : loaded 2 times (x 215B)
Class com.amazon.ion.impl.LocalSymbolTable                                            : loaded 2 times (x 117B)
Class org.jetbrains.plugins.gradle.tooling.serialization.SerializationService         : loaded 2 times (x 66B)
Class org.objectweb.asm.tree.LocalVariableNode                                        : loaded 2 times (x 69B)
Class org.gradle.tooling.internal.adapter.TargetTypeProvider                          : loaded 2 times (x 66B)
Class com.android.builder.model.v2.ide.TestInfo                                       : loaded 2 times (x 66B)
Class com.android.builder.model.v2.ide.AndroidArtifact                                : loaded 2 times (x 66B)
Class org.gradle.tooling.internal.gradle.GradleBuildIdentity                          : loaded 2 times (x 66B)
Class kotlin.enums.EnumEntries                                                        : loaded 2 times (x 66B)
Class org.objectweb.asm.tree.TableSwitchInsnNode                                      : loaded 2 times (x 75B)
Class com.google.common.base.Equivalence                                              : loaded 2 times (x 78B)
Class com.amazon.ion.IonList                                                          : loaded 2 times (x 66B)
Class org.jetbrains.plugins.gradle.tooling.serialization.internal.adapter.Supplier    : loaded 2 times (x 66B)
Class com.android.builder.model.v2.ide.JavaCompileOptions                             : loaded 2 times (x 66B)
Class kotlin.ranges.IntProgression$Companion                                          : loaded 2 times (x 67B)
Class org.gradle.tooling.internal.adapter.ProtocolToModelAdapter$MixInMappingAction   : loaded 2 times (x 76B)
Class org.gradle.internal.exceptions.ResolutionProvider                               : loaded 2 times (x 66B)
Class com.google.common.collect.IndexedImmutableSet$1                                 : loaded 2 times (x 208B)
Class org.objectweb.asm.tree.VarInsnNode                                              : loaded 2 times (x 75B)
Class com.google.common.cache.CacheBuilder$OneWeigher                                 : loaded 2 times (x 78B)
Class com.amazon.ion.IonSystem                                                        : loaded 2 times (x 66B)
Class com.amazon.ion.impl.bin.IonManagedBinaryWriter$ImportedSymbolContext            : loaded 2 times (x 68B)
Class org.gradle.tooling.model.idea.IdeaCompilerOutput                                : loaded 2 times (x 66B)
Class org.gradle.tooling.model.ProjectIdentifier                                      : loaded 2 times (x 66B)
Class org.objectweb.asm.tree.ModuleNode                                               : loaded 2 times (x 78B)
Class com.google.common.reflect.Types$ClassOwnership$1LocalClass                      : loaded 2 times (x 67B)
Class com.google.common.collect.ImmutableBiMapFauxverideShim                          : loaded 2 times (x 116B)
Class org.gradle.internal.classloader.ClasspathUtil                                   : loaded 2 times (x 67B)
Class com.intellij.gradle.toolingExtension.impl.model.sourceSetModel.GradleSourceSetSerialisationService: loaded 2 times (x 73B)
Class com.android.builder.model.v2.ide.ComponentInfo                                  : loaded 2 times (x 66B)
Class kotlin.io.FileSystemException                                                   : loaded 2 times (x 78B)
Class com.android.builder.model.v2.ide.ProjectType                                    : loaded 2 times (x 75B)
Class org.objectweb.asm.tree.MethodNode                                               : loaded 2 times (x 105B)
Class com.google.common.base.Charsets                                                 : loaded 2 times (x 67B)
Class com.google.common.util.concurrent.Uninterruptibles                              : loaded 2 times (x 67B)
Class com.amazon.ion.impl.lite.IonIntLite                                             : loaded 2 times (x 185B)
Class com.amazon.ion.util._Private_FastAppendable                                     : loaded 2 times (x 66B)
Class [Lcom.amazon.ion.impl.bin.IonRawBinaryWriter$PreallocationMode;                 : loaded 2 times (x 65B)
Class kotlin.sequences.DistinctSequence                                               : loaded 2 times (x 71B)
Class com.android.builder.model.v2.dsl.BaseConfig                                     : loaded 2 times (x 66B)
Class org.gradle.internal.time.TimeSource$1                                           : loaded 2 times (x 73B)
Class kotlin.jvm.internal.DefaultConstructorMarker                                    : loaded 2 times (x 67B)
Class com.google.common.io.CharSource                                                 : loaded 2 times (x 81B)
Class org.objectweb.asm.tree.FieldNode                                                : loaded 2 times (x 75B)
Class com.google.common.collect.Maps                                                  : loaded 2 times (x 67B)
Class com.google.common.base.CharMatcher$JavaUpperCase                                : loaded 2 times (x 107B)
Class settings_di2g6s8vcoi99qfx47imczyhr                                              : loaded 2 times (x 175B)
Class org.gradle.api.specs.Spec                                                       : loaded 2 times (x 66B)
Class com.amazon.ion.impl.lite.IonSexpLite                                            : loaded 2 times (x 486B)
Class com.amazon.ion.impl.lite.IonListLite                                            : loaded 2 times (x 486B)
Class com.amazon.ion.IonFloat                                                         : loaded 2 times (x 66B)
Class org.jetbrains.plugins.gradle.model.AnnotationProcessingModel                    : loaded 2 times (x 66B)
Class com.android.builder.model.v2.ide.GraphItem                                      : loaded 2 times (x 66B)
Class com.google.common.collect.MapMaker                                              : loaded 2 times (x 68B)
Class com.google.common.reflect.Types$JavaVersion                                     : loaded 2 times (x 79B)
Class com.amazon.ion.impl.LocalSymbolTable$Factory                                    : loaded 2 times (x 73B)
Class com.amazon.ion.impl.bin.IonManagedBinaryWriter$ImportedSymbolResolverMode       : loaded 2 times (x 76B)
Class com.intellij.gradle.toolingExtension.impl.model.buildScriptClasspathModel.GradleBuildScriptClasspathSerializationService: loaded 2 times (x 73B)
Class kotlin.jvm.internal.ArrayIterator                                               : loaded 2 times (x 75B)
Class com.google.common.cache.LocalCache$LoadingValueReference                        : loaded 2 times (x 92B)
Class org.jetbrains.plugins.gradle.model.FileCollectionDependency                     : loaded 2 times (x 66B)
Class com.amazon.ion.impl.LocalSymbolTableAsStruct                                    : loaded 2 times (x 122B)
Class com.amazon.ion.impl.lite.IonTimestampLite                                       : loaded 2 times (x 188B)
Class org.gradle.internal.impldep.gnu.trove.TObjectHashingStrategy                    : loaded 2 times (x 66B)
Class com.intellij.gradle.toolingExtension.impl.model.utilDummyModel.DummyModel       : loaded 2 times (x 66B)
Class kotlin.collections.EmptyIterator                                                : loaded 2 times (x 85B)
Class kotlin.text.StringsKt__RegexExtensionsKt                                        : loaded 2 times (x 67B)
Class org.gradle.internal.time.Clock                                                  : loaded 2 times (x 66B)
Class com.google.common.io.LineReader$1                                               : loaded 2 times (x 71B)
Class com.google.common.collect.AbstractMapBasedMultimap$AsMap                        : loaded 2 times (x 124B)
Class org.apache.commons.io.filefilter.AndFileFilter                                  : loaded 2 times (x 90B)
Class com.google.common.collect.MapMakerInternalMap$StrongKeyDummyValueEntry          : loaded 2 times (x 80B)
Class com.google.common.reflect.Invokable$MethodInvokable                             : loaded 2 times (x 120B)
Class com.google.common.base.Platform                                                 : loaded 2 times (x 67B)
Class com.amazon.ion.IonString                                                        : loaded 2 times (x 66B)
Class org.jetbrains.plugins.gradle.model.jar.JarTaskManifestConfiguration             : loaded 2 times (x 66B)
Class org.jetbrains.plugins.gradle.model.GradleSourceSetDependencyModel               : loaded 2 times (x 66B)
Class [Lcom.android.builder.model.v2.ide.TestInfo$Execution;                          : loaded 2 times (x 65B)
Class com.android.builder.model.v2.dsl.ProductFlavor                                  : loaded 2 times (x 66B)
Class com.google.common.collect.CompoundOrdering                                      : loaded 2 times (x 111B)
Class kotlin.sequences.SequencesKt__SequencesJVMKt                                    : loaded 2 times (x 67B)
Class kotlin.coroutines.jvm.internal.RestrictedSuspendLambda                          : loaded 2 times (x 87B)
Class org.gradle.tooling.internal.adapter.TypeInspector                               : loaded 2 times (x 69B)
Class org.gradle.tooling.internal.adapter.ProtocolToModelAdapter$NoOpDecoration       : loaded 2 times (x 75B)
Class org.gradle.tooling.model.Element                                                : loaded 2 times (x 66B)
Class kotlin.collections.AbstractList                                                 : loaded 2 times (x 193B)
Class kotlin.collections.AbstractCollection                                           : loaded 2 times (x 113B)
Class com.google.common.collect.AbstractMapBasedMultimap$WrappedList                  : loaded 2 times (x 201B)
Class [Lorg.objectweb.asm.tree.AbstractInsnNode;                                      : loaded 2 times (x 65B)
Class org.objectweb.asm.tree.LocalVariableAnnotationNode                              : loaded 2 times (x 77B)
Class [Lorg.objectweb.asm.AnnotationWriter;                                           : loaded 2 times (x 65B)
Class com.google.common.primitives.Ints$IntConverter                                  : loaded 2 times (x 86B)
Class com.google.common.collect.Maps$8                                                : loaded 2 times (x 78B)
Class com.android.ide.gradle.model.LegacyV1AgpVersionModel                            : loaded 2 times (x 66B)
Class com.amazon.ion.BufferConfiguration                                              : loaded 2 times (x 69B)
Class com.amazon.ion.system.SimpleCatalog                                             : loaded 2 times (x 87B)
Class com.intellij.gradle.toolingExtension.impl.model.taskModel.GradleTaskSerialisationService: loaded 2 times (x 72B)
Class com.google.common.collect.Lists$ReverseList$1                                   : loaded 2 times (x 95B)
Class kotlin.text.StringsKt__StringBuilderJVMKt                                       : loaded 2 times (x 67B)
Class org.jetbrains.plugins.gradle.model.GradleExtensions                             : loaded 2 times (x 66B)
Class kotlin.text.Regex                                                               : loaded 2 times (x 68B)
Class kotlin.sequences.SequencesKt__SequenceBuilderKt$sequence$$inlined$Sequence$1    : loaded 2 times (x 71B)
Class [Lcom.google.common.collect.Iterators$EmptyModifiableIterator;                  : loaded 2 times (x 65B)
Class com.google.common.collect.Sets$SetView                                          : loaded 2 times (x 134B)
Class com.google.common.cache.LocalCache$StrongValueReference                         : loaded 2 times (x 86B)
Class com.google.common.util.concurrent.AbstractFuture$SynchronizedHelper             : loaded 2 times (x 72B)
Class com.google.common.base.CharMatcher$Invisible                                    : loaded 2 times (x 108B)
Class org.jetbrains.plugins.gradle.tooling.util.IntObjectMap$1                        : loaded 2 times (x 73B)
Class org.gradle.internal.impldep.com.google.common.base.Preconditions                : loaded 2 times (x 67B)
Class org.gradle.tooling.model.internal.ImmutableDomainObjectSet                      : loaded 2 times (x 151B)
Class com.google.common.graph.SuccessorsFunction                                      : loaded 2 times (x 66B)
Class [Lcom.google.gson.stream.JsonToken;                                             : loaded 2 times (x 65B)
Class org.objectweb.asm.Type                                                          : loaded 2 times (x 68B)
Class org.gradle.internal.classloader.VisitableURLClassLoader$InstrumentingVisitableURLClassLoader: loaded 2 times (x 119B)
Class [Lcom.amazon.ion.impl.bin.IonRawBinaryWriter$StreamFlushMode;                   : loaded 2 times (x 65B)
Class com.amazon.ion.UnsupportedIonVersionException                                   : loaded 2 times (x 81B)
Class kotlin.comparisons.ComparisonsKt__ComparisonsKt                                 : loaded 2 times (x 67B)
Class [Lcom.android.builder.model.v2.ide.AndroidGradlePluginProjectFlags$BooleanFlag; : loaded 2 times (x 65B)
Class com.android.builder.model.v2.ide.AndroidGradlePluginProjectFlags                : loaded 2 times (x 66B)
Class com.android.builder.model.v2.ide.BasicVariant                                   : loaded 2 times (x 66B)
Class kotlin.ranges.RangesKt__RangesKt                                                : loaded 2 times (x 67B)
Class kotlin.collections.SetsKt___SetsKt                                              : loaded 2 times (x 67B)
Class kotlin.sequences.SequencesKt__SequencesKt                                       : loaded 2 times (x 67B)
Class kotlin.coroutines.Continuation                                                  : loaded 2 times (x 66B)
Class com.google.common.collect.MapMakerInternalMap$StrongKeyDummyValueEntry$Helper   : loaded 2 times (x 75B)
Class org.apache.commons.io.FileUtils                                                 : loaded 2 times (x 67B)
Class com.google.common.io.Files$FileByteSink                                         : loaded 2 times (x 73B)
Class org.objectweb.asm.ByteVector                                                    : loaded 2 times (x 74B)
Class [Lcom.google.common.cache.CacheBuilder$NullListener;                            : loaded 2 times (x 65B)
Class com.google.common.math.IntMath$1                                                : loaded 2 times (x 67B)
Class org.gradle.internal.classloader.VisitableURLClassLoader$Spec                    : loaded 2 times (x 70B)
Class org.gradle.internal.classpath.DefaultClassPath                                  : loaded 2 times (x 86B)
Class com.amazon.ion.impl.bin.IonManagedBinaryWriter$SymbolState                      : loaded 2 times (x 76B)
Class com.amazon.ion.IonStruct                                                        : loaded 2 times (x 66B)
Class org.jetbrains.plugins.gradle.model.GradleBuildScriptClasspathModel              : loaded 2 times (x 66B)
Class kotlin.text.CharsKt__CharJVMKt                                                  : loaded 2 times (x 67B)
Class kotlin.sequences.FilteringSequence                                              : loaded 2 times (x 71B)
Class kotlin.comparisons.ComparisonsKt                                                : loaded 2 times (x 67B)
Class kotlin.comparisons.ComparisonsKt___ComparisonsKt                                : loaded 2 times (x 67B)
Class com.android.builder.model.v2.ide.BundleInfo                                     : loaded 2 times (x 66B)
Class com.android.builder.model.v2.ide.SourceProvider                                 : loaded 2 times (x 66B)
Class kotlin.coroutines.jvm.internal.BaseContinuationImpl                             : loaded 2 times (x 83B)
Class kotlin.Result$Companion                                                         : loaded 2 times (x 67B)
Class org.gradle.util.internal.DefaultGradleVersion                                   : loaded 2 times (x 80B)
Class com.google.common.reflect.Types$ClassOwnership                                  : loaded 2 times (x 76B)
Class org.objectweb.asm.Symbol                                                        : loaded 2 times (x 69B)
Class com.google.common.base.AbstractIterator                                         : loaded 2 times (x 76B)
Class sync_studio_tooling3211_9t2vx6umsb4ur5lbpnc18fgy0                               : loaded 2 times (x 175B)
Class com.amazon.ion.system.IonBinaryWriterBuilder                                    : loaded 2 times (x 93B)
Class com.amazon.ion.impl.bin.IonManagedBinaryWriter$UserState$4                      : loaded 2 times (x 81B)
Class org.jetbrains.plugins.gradle.model.UnresolvedExternalDependency                 : loaded 2 times (x 66B)
Class com.google.common.io.Java8Compatibility                                         : loaded 2 times (x 67B)
Class com.google.common.io.Closer                                                     : loaded 2 times (x 74B)
Class com.google.common.base.CharMatcher$Ascii                                        : loaded 2 times (x 108B)
Class org.gradle.internal.classloader.ClassLoaderSpec                                 : loaded 2 times (x 67B)
Class com.amazon.ion.impl.IonWriterSystemTextMarkup                                   : loaded 2 times (x 188B)
Class com.amazon.ion.impl.bin.BlockAllocator                                          : loaded 2 times (x 76B)
Class kotlin.jvm.internal.FunctionReferenceImpl                                       : loaded 2 times (x 118B)
Class kotlin.collections.CollectionsKt___CollectionsJvmKt                             : loaded 2 times (x 67B)
Class com.google.common.io.ByteSource$EmptyByteSource                                 : loaded 2 times (x 81B)
Class org.objectweb.asm.AnnotationWriter                                              : loaded 2 times (x 74B)
Class com.google.common.cache.CacheStats                                              : loaded 2 times (x 67B)
Class com.amazon.ion.system.IonWriterBuilderBase                                      : loaded 2 times (x 79B)
Class ijInit1_9t6c4kkxz89a9uk0lr8ktf798                                               : loaded 2 times (x 175B)
Class org.gradle.api.internal.classpath.ManifestUtil                                  : loaded 2 times (x 67B)
Class [Lcom.android.builder.model.v2.ide.ProjectType;                                 : loaded 2 times (x 65B)
Class kotlin.TuplesKt                                                                 : loaded 2 times (x 67B)
Class kotlin.jvm.internal.markers.KMutableIterable                                    : loaded 2 times (x 66B)
Class kotlin.sequences.SequencesKt___SequencesJvmKt                                   : loaded 2 times (x 67B)
Class kotlin.Unit                                                                     : loaded 2 times (x 67B)
Class org.gradle.tooling.internal.adapter.ProtocolToModelAdapter$DefaultViewBuilder   : loaded 2 times (x 76B)
Class com.google.common.collect.Interners                                             : loaded 2 times (x 67B)
Class com.google.common.collect.ImmutableMultisetGwtSerializationDependencies         : loaded 2 times (x 121B)
Class com.google.common.io.Closer$Suppressor                                          : loaded 2 times (x 66B)
Class com.google.common.io.LineProcessor                                              : loaded 2 times (x 66B)
Class org.objectweb.asm.RecordComponentWriter                                         : loaded 2 times (x 74B)
Class com.google.common.util.concurrent.AbstractFuture$Listener                       : loaded 2 times (x 68B)
Class [Lcom.android.builder.model.v2.ide.AaptOptions$Namespacing;                     : loaded 2 times (x 65B)
Class kotlin.ranges.RangesKt                                                          : loaded 2 times (x 67B)
Class org.gradle.tooling.internal.adapter.ProtocolToModelAdapter$ViewGraphDetails$1   : loaded 2 times (x 73B)
Class [Lorg.objectweb.asm.Label;                                                      : loaded 2 times (x 65B)
Class org.objectweb.asm.Attribute                                                     : loaded 2 times (x 73B)
Class com.google.common.base.Supplier                                                 : loaded 2 times (x 66B)
Class org.gradle.internal.classloader.VisitableURLClassLoader                         : loaded 2 times (x 113B)
Class com.amazon.ion.impl.bin.IonRawBinaryWriter$1                                    : loaded 2 times (x 73B)
Class [Lcom.amazon.ion.SymbolTable;                                                   : loaded 2 times (x 65B)
Class com.amazon.ion.impl.bin.IonBinaryWriterAdapter$Factory                          : loaded 2 times (x 66B)
Class com.amazon.ion.impl.BlockedBuffer$BufferedOutputStream                          : loaded 2 times (x 86B)
Class org.jetbrains.plugins.gradle.tooling.serialization.ExternalTestsSerializationService$ReadContext: loaded 2 times (x 68B)
Class com.google.common.collect.ImmutableList$SerializedForm                          : loaded 2 times (x 69B)
Class kotlin.collections.ArraysUtilJVM                                                : loaded 2 times (x 67B)
Class kotlin.sequences.FlatteningSequence$iterator$1                                  : loaded 2 times (x 75B)
Class kotlin.jvm.functions.Function0                                                  : loaded 2 times (x 66B)
Class com.google.common.util.concurrent.ExecutionError                                : loaded 2 times (x 78B)
Class com.google.common.collect.ImmutableEnumSet                                      : loaded 2 times (x 144B)
Class org.gradle.tooling.model.idea.IdeaDependency                                    : loaded 2 times (x 66B)
Class com.google.common.io.CharSource$AsByteSource                                    : loaded 2 times (x 81B)
Class com.google.common.util.concurrent.AbstractFuture$Waiter                         : loaded 2 times (x 68B)
Class com.amazon.ion.impl.bin.AbstractIonWriter$WriteValueOptimization                : loaded 2 times (x 75B)
Class org.objectweb.asm.tree.FieldInsnNode                                            : loaded 2 times (x 75B)
Class com.android.builder.model.v2.ide.AaptOptions                                    : loaded 2 times (x 66B)
Class kotlin.collections.AbstractMutableList                                          : loaded 2 times (x 202B)
Class kotlin.jvm.functions.Function1                                                  : loaded 2 times (x 66B)
Class com.google.common.collect.MapMakerInternalMap                                   : loaded 2 times (x 157B)
Class com.google.common.collect.Sets                                                  : loaded 2 times (x 67B)
Class org.objectweb.asm.Handler                                                       : loaded 2 times (x 68B)
Class com.google.common.base.Strings                                                  : loaded 2 times (x 67B)
Class com.google.common.base.Ticker                                                   : loaded 2 times (x 68B)
Class org.gradle.internal.agents.InstrumentingClassLoader                             : loaded 2 times (x 66B)
Class com.amazon.ion.impl.bin.BlockAllocatorProvider                                  : loaded 2 times (x 68B)
Class org.jetbrains.plugins.gradle.tooling.serialization.internal.IdeaProjectSerializationService$WriteContext: loaded 2 times (x 68B)
Class com.intellij.gradle.toolingExtension.impl.model.sourceSetDependencyModel.GradleSourceSetDependencySerialisationService: loaded 2 times (x 73B)
Class org.jetbrains.plugins.gradle.model.GradleSourceSetModel                         : loaded 2 times (x 66B)
Class com.android.builder.model.v2.models.ndk.NativeModelBuilderParameter             : loaded 2 times (x 66B)
Class kotlin.KotlinNothingValueException                                              : loaded 2 times (x 78B)
Class com.google.common.collect.AbstractMapBasedMultimap$WrappedCollection            : loaded 2 times (x 120B)
Class org.gradle.tooling.internal.adapter.ProtocolToModelAdapter$InvocationHandlerImpl: loaded 2 times (x 73B)
Class kotlin.jvm.functions.Function2                                                  : loaded 2 times (x 66B)
Class [Lcom.google.common.cache.LocalCache$Segment;                                   : loaded 2 times (x 65B)
Class [Lcom.google.common.cache.LocalCache$Strength;                                  : loaded 2 times (x 65B)
Class com.google.common.cache.CacheBuilder$1                                          : loaded 2 times (x 81B)
Class org.gradle.internal.classpath.DefaultClassPath$ImmutableUniqueList$Builder      : loaded 2 times (x 71B)
Class com.amazon.ion.impl.lite.IonSequenceLite                                        : loaded 2 times (x 428B)
Class com.amazon.ion.impl._Private_Utils$1                                            : loaded 2 times (x 85B)
Class com.amazon.ion.impl.SymbolTableAsStruct                                         : loaded 2 times (x 66B)
Class org.gradle.tooling.model.build.GradleEnvironment                                : loaded 2 times (x 66B)
Class org.jetbrains.plugins.gradle.tooling.util.IntObjectMap$ObjectFactory            : loaded 2 times (x 66B)
Class kotlin.collections.MapsKt___MapsJvmKt                                           : loaded 2 times (x 67B)
Class org.gradle.tooling.internal.adapter.WeakIdentityHashMap$AbsentValueProvider     : loaded 2 times (x 66B)
Class com.google.common.collect.MapMakerInternalMap$WeakValueReference                : loaded 2 times (x 66B)
Class com.google.gson.stream.JsonToken                                                : loaded 2 times (x 75B)
Class com.google.common.cache.LocalCache                                              : loaded 2 times (x 183B)
Class com.google.common.cache.CacheBuilder$2                                          : loaded 2 times (x 75B)
Class com.amazon.ion.impl.bin.AbstractIonWriter                                       : loaded 2 times (x 157B)
Class org.jetbrains.plugins.gradle.tooling.util.ObjectCollector$Processor             : loaded 2 times (x 66B)
Class org.jetbrains.kotlin.idea.gradleTooling.model.samWithReceiver.SamWithReceiverModel: loaded 2 times (x 66B)
Class com.amazon.ion.IonException                                                     : loaded 2 times (x 80B)
Class kotlin.collections.State                                                        : loaded 2 times (x 75B)
Class kotlin.jvm.functions.Function4                                                  : loaded 2 times (x 66B)
Class com.amazon.ion.impl.bin.IonManagedBinaryWriter$UserState$3                      : loaded 2 times (x 81B)
Class kotlin.collections.EmptySet                                                     : loaded 2 times (x 118B)
Class kotlin.collections.CollectionsKt___CollectionsKt                                : loaded 2 times (x 67B)
Class kotlin.annotation.Target                                                        : loaded 2 times (x 66B)
Class org.gradle.internal.classloader.ClassLoaderHierarchy                            : loaded 2 times (x 66B)
Class org.gradle.internal.exceptions.NonGradleCauseExceptionsHolder                   : loaded 2 times (x 66B)
Class org.gradle.tooling.model.idea.IdeaModuleDependency                              : loaded 2 times (x 66B)
Class org.gradle.tooling.internal.adapter.ViewBuilder                                 : loaded 2 times (x 66B)
Class com.google.common.cache.CacheBuilder$3                                          : loaded 2 times (x 68B)
Class com.google.common.collect.ArrayListMultimap                                     : loaded 2 times (x 168B)
Class com.google.common.base.AbstractIterator$1                                       : loaded 2 times (x 67B)
Class com.google.common.base.CharMatcher$Digit                                        : loaded 2 times (x 108B)
Class com.amazon.ion.system.IonReaderBuilder                                          : loaded 2 times (x 89B)
Class org.jetbrains.plugins.gradle.model.AnnotationProcessingConfig                   : loaded 2 times (x 66B)
Class com.amazon.ion.IonReader                                                        : loaded 2 times (x 66B)
Class com.android.builder.model.v2.ide.AndroidLibraryData                             : loaded 2 times (x 66B)
Class kotlin.text.StringsKt___StringsJvmKt                                            : loaded 2 times (x 67B)
Class com.android.builder.model.v2.ide.ApiVersion                                     : loaded 2 times (x 66B)
Class kotlin.reflect.KDeclarationContainer                                            : loaded 2 times (x 66B)
Class kotlin.annotation.Retention                                                     : loaded 2 times (x 66B)
Class com.google.common.io.CharSource$EmptyCharSource                                 : loaded 2 times (x 82B)
Class com.google.common.base.Suppliers$MemoizingSupplier                              : loaded 2 times (x 75B)
Class com.google.common.collect.ForwardingMap                                         : loaded 2 times (x 128B)
Class com.google.common.collect.CollectPreconditions                                  : loaded 2 times (x 67B)
Class com.google.common.base.CharMatcher$JavaIsoControl                               : loaded 2 times (x 108B)
Class com.amazon.ion.IonClob                                                          : loaded 2 times (x 66B)
Class org.jetbrains.plugins.gradle.tooling.ModelBuilderService$Parameter              : loaded 2 times (x 66B)
Class kotlin.io.FilesKt                                                               : loaded 2 times (x 67B)
Class com.android.builder.model.v2.models.Versions$Version                            : loaded 2 times (x 66B)
Class kotlin.collections.MapsKt___MapsKt                                              : loaded 2 times (x 67B)
Class kotlin.collections.ArraysKt___ArraysKt                                          : loaded 2 times (x 67B)
Class [Lcom.google.common.collect.MapMakerInternalMap$Strength;                       : loaded 2 times (x 65B)
Class [Lcom.google.common.io.FileWriteMode;                                           : loaded 2 times (x 65B)
Class com.google.common.collect.SortedMapDifference                                   : loaded 2 times (x 66B)
Class com.google.common.base.CharMatcher$JavaLowerCase                                : loaded 2 times (x 107B)
Class com.amazon.ion.impl.lite.IonLobLite                                             : loaded 2 times (x 180B)
Class com.amazon.ion.impl.lite.IonTextLite                                            : loaded 2 times (x 177B)
Class com.amazon.ion.IonNumber                                                        : loaded 2 times (x 66B)
Class org.gradle.internal.impldep.gnu.trove.TObjectIntProcedure                       : loaded 2 times (x 66B)
Class kotlin.collections.MapsKt__MapWithDefaultKt                                     : loaded 2 times (x 67B)
Class org.gradle.tooling.internal.adapter.ProtocolToModelAdapter$ReflectionMethodInvoker: loaded 2 times (x 72B)
Class com.google.common.collect.MapMakerInternalMap$StrongKeyDummyValueSegment        : loaded 2 times (x 138B)
Class com.google.common.cache.LocalCache$WriteThroughEntry                            : loaded 2 times (x 75B)
Class com.google.common.cache.LocalCache$HashIterator                                 : loaded 2 times (x 82B)
Class com.google.common.io.Files                                                      : loaded 2 times (x 67B)
Class com.google.common.cache.LocalCache$EntryFactory                                 : loaded 2 times (x 79B)
Class [Lcom.amazon.ion.impl.bin.IonManagedBinaryWriter$UserState;                     : loaded 2 times (x 65B)
Class com.amazon.ion.impl.bin.utf8.Utf8StringEncoder                                  : loaded 2 times (x 76B)
Class com.amazon.ion.IonBool                                                          : loaded 2 times (x 66B)
Class org.jetbrains.kotlin.idea.gradleTooling.model.assignment.AssignmentModel        : loaded 2 times (x 66B)
Class kotlin.text.StringsKt___StringsKt                                               : loaded 2 times (x 67B)
Class com.google.common.collect.NullsLastOrdering                                     : loaded 2 times (x 111B)
Class kotlin.collections.CollectionsKt__MutableCollectionsJVMKt                       : loaded 2 times (x 67B)
Class [Lcom.google.common.base.AbstractIterator$State;                                : loaded 2 times (x 65B)
Class kotlin.enums.EnumEntriesKt                                                      : loaded 2 times (x 67B)
Class [Lcom.google.common.collect.MapMaker$Dummy;                                     : loaded 2 times (x 65B)
Class com.google.common.reflect.Types$NativeTypeVariableEquals                        : loaded 2 times (x 67B)
Class com.google.common.reflect.TypeParameter                                         : loaded 2 times (x 68B)
Class com.google.common.cache.LocalCache$AbstractReferenceEntry                       : loaded 2 times (x 103B)
Class com.google.common.base.Splitter$1$1                                             : loaded 2 times (x 82B)
Class com.google.common.base.CharMatcher$Whitespace                                   : loaded 2 times (x 108B)
Class com.amazon.ion.IonLoader                                                        : loaded 2 times (x 66B)
Class org.jetbrains.plugins.gradle.model.GradleProperty                               : loaded 2 times (x 66B)
Class com.google.common.io.FileWriteMode                                              : loaded 2 times (x 75B)
Class [Lcom.google.common.collect.MapMakerInternalMap$Segment;                        : loaded 2 times (x 65B)
Class com.android.builder.model.v2.models.VariantDependencies                         : loaded 2 times (x 66B)
Class com.google.common.collect.ImmutableMapKeySet                                    : loaded 2 times (x 146B)
Class org.objectweb.asm.tree.InsnList                                                 : loaded 2 times (x 99B)
Class org.objectweb.asm.SymbolTable                                                   : loaded 2 times (x 68B)
Class com.google.common.cache.CacheLoader$InvalidCacheLoadException                   : loaded 2 times (x 78B)
Class com.google.common.base.CharMatcher$SingleWidth                                  : loaded 2 times (x 108B)
Class org.gradle.internal.classloader.SystemClassLoaderSpec                           : loaded 2 times (x 67B)
Class com.amazon.ion.impl._Private_Utils                                              : loaded 2 times (x 67B)
Class kotlin.ranges.IntRange$Companion                                                : loaded 2 times (x 67B)
Class com.android.builder.model.v2.ide.TestedTargetVariant                            : loaded 2 times (x 66B)
Class kotlin.text.MatcherMatchResult$groups$1                                         : loaded 2 times (x 147B)
Class kotlin.collections.EmptyMap                                                     : loaded 2 times (x 105B)
Class kotlin.reflect.KAnnotatedElement                                                : loaded 2 times (x 66B)
Class kotlin.jvm.internal.markers.KMutableCollection                                  : loaded 2 times (x 66B)
Class kotlin.coroutines.intrinsics.IntrinsicsKt                                       : loaded 2 times (x 67B)
Class org.gradle.internal.exceptions.MultiCauseException                              : loaded 2 times (x 66B)
Class org.gradle.internal.time.CountdownTimer                                         : loaded 2 times (x 66B)
Class kotlin.jvm.internal.Intrinsics                                                  : loaded 2 times (x 67B)
Class org.objectweb.asm.tree.MultiANewArrayInsnNode                                   : loaded 2 times (x 75B)
Class com.google.common.cache.LocalCache$StrongEntry                                  : loaded 2 times (x 104B)
Class com.google.common.util.concurrent.AbstractFuture$TrustedFuture                  : loaded 2 times (x 110B)
Class com.google.common.cache.LoadingCache                                            : loaded 2 times (x 66B)
Class com.intellij.gradle.toolingExtension.impl.model.projectModel.GradleExternalProjectSerializationService$ReadContext: loaded 2 times (x 69B)
Class com.intellij.gradle.toolingExtension.impl.model.dependencyModel.DependencyWriteContext: loaded 2 times (x 68B)
Class org.jetbrains.kotlin.idea.gradleTooling.model.parcelize.ParcelizeGradleModel    : loaded 2 times (x 66B)
Class kotlin.sequences.SequencesKt__SequencesKt$flatten$1                             : loaded 2 times (x 74B)
Class com.google.common.collect.RegularImmutableMap$BucketOverflowException           : loaded 2 times (x 78B)
Class kotlin.collections.MapsKt                                                       : loaded 2 times (x 67B)
Class kotlin.collections.CollectionsKt__IterablesKt                                   : loaded 2 times (x 67B)
Class kotlin.coroutines.intrinsics.CoroutineSingletons                                : loaded 2 times (x 75B)
Class org.gradle.tooling.model.ProjectModel                                           : loaded 2 times (x 66B)
Class com.google.common.base.Suppliers$NonSerializableMemoizingSupplier               : loaded 2 times (x 75B)
Class com.google.common.io.ByteStreams$LimitedInputStream                             : loaded 2 times (x 88B)
Class org.objectweb.asm.MethodWriter                                                  : loaded 2 times (x 101B)
Class [Lcom.google.common.cache.Weigher;                                              : loaded 2 times (x 65B)
Class org.jetbrains.plugins.gradle.model.GradleConfiguration                          : loaded 2 times (x 66B)
Class com.amazon.ion.impl.bin.utf8.Utf8StringEncoderPool                              : loaded 2 times (x 70B)
Class com.amazon.ion.impl._Private_IonSystem                                          : loaded 2 times (x 66B)
Class com.amazon.ion.BufferConfiguration$OversizedValueHandler                        : loaded 2 times (x 66B)
Class kotlin.ranges.OpenEndRange                                                      : loaded 2 times (x 66B)
Class kotlin.sequences.SequenceBuilderIterator                                        : loaded 2 times (x 81B)
Class kotlin.KotlinNullPointerException                                               : loaded 2 times (x 79B)
Class com.google.common.collect.AbstractMapBasedMultimap$RandomAccessWrappedList      : loaded 2 times (x 201B)
Class com.google.common.collect.ImmutableMultimap$1                                   : loaded 2 times (x 78B)
Class org.objectweb.asm.tree.InvokeDynamicInsnNode                                    : loaded 2 times (x 74B)
Class com.amazon.ion.IonDecimal                                                       : loaded 2 times (x 66B)
Class org.jetbrains.plugins.gradle.model.tests.ExternalTestsModel                     : loaded 2 times (x 66B)
Class kotlin.sequences.SequencesKt__SequencesKt$flatten$3                             : loaded 2 times (x 74B)
Class com.google.common.cache.LocalCache$ValueIterator                                : loaded 2 times (x 82B)
Class org.apache.commons.io.filefilter.NameFileFilter                                 : loaded 2 times (x 80B)
Class kotlin.ranges.RangesKt___RangesKt                                               : loaded 2 times (x 67B)
Class org.gradle.tooling.model.idea.IdeaLanguageLevel                                 : loaded 2 times (x 66B)
Class org.gradle.tooling.internal.adapter.ProtocolToModelAdapter$SafeMethodInvoker    : loaded 2 times (x 72B)
Class org.gradle.tooling.internal.adapter.WeakIdentityHashMap$WeakKey                 : loaded 2 times (x 75B)
Class org.gradle.internal.exceptions.DefaultMultiCauseException                       : loaded 2 times (x 91B)
Class com.google.common.collect.AbstractIterator$State                                : loaded 2 times (x 75B)
Class com.google.common.collect.ImmutableMultimap$2                                   : loaded 2 times (x 77B)
Class com.google.common.reflect.Types$JavaVersion$1                                   : loaded 2 times (x 79B)
Class com.google.common.collect.RegularImmutableBiMap                                 : loaded 2 times (x 145B)
Class com.google.common.cache.LocalCache$ValueReference                               : loaded 2 times (x 66B)
Class com.amazon.ion.impl.bin.IonRawBinaryWriter$StreamCloseMode                      : loaded 2 times (x 75B)
Class com.amazon.ion.impl._Private_IonBinaryWriterBuilder$Mutable                     : loaded 2 times (x 105B)
Class com.intellij.gradle.toolingExtension.impl.model.projectModel.GradleExternalProjectSerializationService: loaded 2 times (x 73B)
Class kotlin.text.CharsKt__CharKt                                                     : loaded 2 times (x 67B)
Class com.android.builder.model.v2.ide.ProjectInfo                                    : loaded 2 times (x 66B)
Class kotlin.sequences.SequencesKt__SequenceBuilderKt                                 : loaded 2 times (x 67B)
Class kotlin.collections.ArraysKt                                                     : loaded 2 times (x 67B)
Class kotlin.collections.ArrayDeque$Companion                                         : loaded 2 times (x 67B)
Class org.gradle.tooling.model.HierarchicalElement                                    : loaded 2 times (x 66B)
Class com.google.common.hash.PrimitiveSink                                            : loaded 2 times (x 66B)
Class com.google.common.reflect.Types$JavaVersion$2                                   : loaded 2 times (x 79B)
Class com.google.common.reflect.Types                                                 : loaded 2 times (x 67B)
Class com.google.common.util.concurrent.AbstractFuture$Failure                        : loaded 2 times (x 68B)
Class com.google.common.base.PatternCompiler                                          : loaded 2 times (x 66B)
Class com.google.common.base.Equivalence$Equals                                       : loaded 2 times (x 78B)
Class com.google.common.collect.Hashing                                               : loaded 2 times (x 67B)
Class com.amazon.ion.impl.bin.IonRawBinaryWriter$PatchPoint                           : loaded 2 times (x 67B)
Class com.amazon.ion.IonBlob                                                          : loaded 2 times (x 66B)
Class com.amazon.ion.IonLob                                                           : loaded 2 times (x 66B)
Class com.amazon.ion.IonSequence                                                      : loaded 2 times (x 66B)
Class org.jetbrains.plugins.gradle.tooling.serialization.ExternalTestsSerializationService: loaded 2 times (x 73B)
Class kotlin.collections.CollectionsKt__ReversedViewsKt                               : loaded 2 times (x 67B)
Class kotlin.jvm.internal.CollectionToArray                                           : loaded 2 times (x 67B)
Class com.android.builder.model.v2.dsl.DependenciesInfo                               : loaded 2 times (x 66B)
Class kotlin.io.FilesKt__FileTreeWalkKt                                               : loaded 2 times (x 67B)
Class kotlin.sequences.FilteringSequence$iterator$1                                   : loaded 2 times (x 75B)
Class com.google.common.collect.ByFunctionOrdering                                    : loaded 2 times (x 111B)
Class kotlin.collections.SetsKt__SetsKt                                               : loaded 2 times (x 67B)
Class kotlin.coroutines.EmptyCoroutineContext                                         : loaded 2 times (x 73B)
Class org.gradle.internal.time.Time                                                   : loaded 2 times (x 67B)
Class com.google.common.io.CharSink                                                   : loaded 2 times (x 75B)
Class com.google.common.reflect.Types$JavaVersion$3                                   : loaded 2 times (x 79B)
Class org.objectweb.asm.Label                                                         : loaded 2 times (x 69B)
Class org.objectweb.asm.CurrentFrame                                                  : loaded 2 times (x 69B)
Class org.objectweb.asm.ClassTooLargeException                                        : loaded 2 times (x 79B)
Class com.google.gson.stream.JsonReader                                               : loaded 2 times (x 92B)
Class com.amazon.ion.system.IonTextWriterBuilder                                      : loaded 2 times (x 93B)
Class com.amazon.ion.impl.bin.IonManagedBinaryWriter$ImportedSymbolResolverMode$1$1$1 : loaded 2 times (x 72B)
Class com.amazon.ion.impl._Private_LocalSymbolTableFactory                            : loaded 2 times (x 66B)
Class org.jetbrains.plugins.gradle.tooling.serialization.AnnotationProcessingModelSerializationService: loaded 2 times (x 73B)
Class com.intellij.gradle.toolingExtension.impl.model.sourceSetModel.GradleSourceSetSerialisationService$Companion: loaded 2 times (x 67B)
Class com.amazon.ion.impl._Private_IonValue                                           : loaded 2 times (x 66B)
Class com.amazon.ion.impl.bin.IonManagedBinaryWriter$UserState$2                      : loaded 2 times (x 81B)
Class org.gradle.internal.classloader.FilteringClassLoader                            : loaded 2 times (x 101B)
Class kotlin.collections.ArraysKt__ArraysJVMKt                                        : loaded 2 times (x 67B)
Class com.google.common.io.ByteSource$AsCharSource                                    : loaded 2 times (x 82B)
Class com.google.common.collect.MapMakerInternalMap$InternalEntryHelper               : loaded 2 times (x 66B)
Class com.google.common.collect.Maps$IteratorBasedAbstractMap                         : loaded 2 times (x 121B)
Class com.google.common.reflect.Types$JavaVersion$4                                   : loaded 2 times (x 79B)
Class org.objectweb.asm.Frame                                                         : loaded 2 times (x 69B)
Class org.objectweb.asm.MethodVisitor                                                 : loaded 2 times (x 100B)
Class com.google.common.cache.LocalCache$EntryFactory$1                               : loaded 2 times (x 79B)
Class [Lcom.google.common.cache.RemovalListener;                                      : loaded 2 times (x 65B)
Class com.amazon.ion.impl.lite.IonNullLite                                            : loaded 2 times (x 171B)
Class [Lcom.intellij.openapi.externalSystem.model.project.dependencies.ResolutionState;: loaded 2 times (x 65B)
Class org.gradle.internal.impldep.gnu.trove.TObjectHash                               : loaded 2 times (x 90B)
Class org.jetbrains.plugins.gradle.model.DependencyAccessorsModel                     : loaded 2 times (x 66B)
Class kotlin.text.StringsKt__StringBuilderKt                                          : loaded 2 times (x 67B)
Class com.google.common.base.Equivalence$Identity                                     : loaded 2 times (x 78B)
Class kotlin.jvm.internal.CallableReference$NoReceiver                                : loaded 2 times (x 67B)
Class org.objectweb.asm.tree.Util                                                     : loaded 2 times (x 67B)
Class com.google.common.reflect.Types$JavaVersion$5                                   : loaded 2 times (x 67B)
Class [Lcom.google.common.reflect.Types$ClassOwnership;                               : loaded 2 times (x 65B)
Class com.google.common.cache.LocalCache$EntryFactory$2                               : loaded 2 times (x 79B)
Class com.amazon.ion.impl.lite.IonClobLite                                            : loaded 2 times (x 216B)
Class com.amazon.ion.impl._Private_ValueFactory                                       : loaded 2 times (x 66B)
Class com.amazon.ion.impl.bin.IonRawBinaryWriter$PreallocationMode$1                  : loaded 2 times (x 78B)
Class [Lcom.amazon.ion.impl.bin._Private_IonManagedBinaryWriterBuilder$AllocatorMode; : loaded 2 times (x 65B)
Class org.jetbrains.kotlin.idea.gradleTooling.KotlinMPPGradleModel                    : loaded 2 times (x 66B)
Class com.intellij.gradle.toolingExtension.impl.model.dependencyDownloadPolicyModel.GradleDependencyDownloadPolicy: loaded 2 times (x 66B)
Class com.google.common.base.PairwiseEquivalence                                      : loaded 2 times (x 79B)
Class kotlin.NoWhenBranchMatchedException                                             : loaded 2 times (x 78B)
Class org.gradle.tooling.model.BuildIdentifier                                        : loaded 2 times (x 66B)
Class com.google.common.collect.CollectCollectors                                     : loaded 2 times (x 67B)
Class org.objectweb.asm.tree.MethodInsnNode                                           : loaded 2 times (x 76B)
Class org.objectweb.asm.ModuleWriter                                                  : loaded 2 times (x 77B)
Class com.google.common.cache.LocalCache$EntryFactory$3                               : loaded 2 times (x 79B)
Class com.google.common.base.Ticker$1                                                 : loaded 2 times (x 68B)
Class com.google.common.collect.Maps$BiMapConverter                                   : loaded 2 times (x 86B)
Class com.amazon.ion.IonInt                                                           : loaded 2 times (x 66B)
Class com.amazon.ion.impl.bin.IonRawBinaryWriter$PreallocationMode$2                  : loaded 2 times (x 78B)
Class org.jetbrains.kotlin.idea.gradleTooling.PrepareKotlinIdeImportTaskModel         : loaded 2 times (x 66B)
Class com.google.common.io.LineReader                                                 : loaded 2 times (x 68B)
Class kotlin.NotImplementedError                                                      : loaded 2 times (x 78B)
Class kotlin.sequences.FlatteningSequence                                             : loaded 2 times (x 71B)
Class com.android.builder.model.v2.ide.VectorDrawablesOptions                         : loaded 2 times (x 66B)
Class com.google.common.cache.LocalCache$EntryFactory$4                               : loaded 2 times (x 79B)
Class com.android.ide.gradle.model.GradlePluginModel                                  : loaded 2 times (x 66B)
Class com.amazon.ion.impl.bin.IonRawBinaryWriter$PreallocationMode$3                  : loaded 2 times (x 78B)
Class com.google.common.collect.ReverseOrdering                                       : loaded 2 times (x 111B)
Class org.gradle.tooling.model.build.JavaEnvironment                                  : loaded 2 times (x 66B)
Class com.google.common.io.ByteStreams$1                                              : loaded 2 times (x 81B)
Class com.google.common.cache.LocalCache$EntryFactory$5                               : loaded 2 times (x 79B)
Class org.jetbrains.plugins.gradle.model.GradleExtension                              : loaded 2 times (x 66B)
Class com.amazon.ion.impl.lite.IonDecimalLite                                         : loaded 2 times (x 184B)
Class com.amazon.ion.IonBufferConfiguration$Builder                                   : loaded 2 times (x 74B)
Class com.android.builder.model.v2.ide.SourceSetContainer                             : loaded 2 times (x 66B)
Class org.gradle.internal.time.Timer                                                  : loaded 2 times (x 66B)
Class kotlin.jvm.internal.markers.KMappedMarker                                       : loaded 2 times (x 66B)
Class com.google.common.cache.LocalCache$EntryFactory$6                               : loaded 2 times (x 79B)
Class org.gradle.internal.installation.CurrentGradleInstallationLocator               : loaded 2 times (x 67B)
Class com.amazon.ion.impl.bin.IonRawBinaryWriter$PatchList$1                          : loaded 2 times (x 79B)
Class [Lcom.amazon.ion.impl.bin.IonRawBinaryWriter$ContainerType;                     : loaded 2 times (x 65B)
Class com.android.builder.model.v2.ide.LintOptions                                    : loaded 2 times (x 66B)
Class kotlin.text.MatcherMatchResult                                                  : loaded 2 times (x 76B)
Class org.gradle.tooling.internal.adapter.ProtocolToModelAdapter$ViewGraphDetails     : loaded 2 times (x 68B)
Class org.gradle.tooling.model.idea.IdeaProject                                       : loaded 2 times (x 66B)
Class org.gradle.tooling.model.DomainObjectSet                                        : loaded 2 times (x 66B)
Class com.google.common.io.ByteSource$SlicedByteSource                                : loaded 2 times (x 81B)
Class com.google.common.collect.ImmutableMultimap$Builder                             : loaded 2 times (x 79B)
Class org.objectweb.asm.ClassReader                                                   : loaded 2 times (x 88B)
Class com.google.common.collect.Maps$KeySet                                           : loaded 2 times (x 133B)
Class com.google.common.cache.LocalCache$EntryFactory$7                               : loaded 2 times (x 79B)
Class org.gradle.internal.service.DefaultServiceLocator                               : loaded 2 times (x 79B)
Class com.amazon.ion.impl.bin.utf8.Utf8StringEncoder$Result                           : loaded 2 times (x 70B)
Class com.amazon.ion.impl.bin.utf8.Pool$Allocator                                     : loaded 2 times (x 66B)
Class com.amazon.ion.IonText                                                          : loaded 2 times (x 66B)
Class com.amazon.ion.impl.SymbolTokenImpl                                             : loaded 2 times (x 77B)
Class com.amazon.ion.SubstituteSymbolTableException                                   : loaded 2 times (x 80B)
Class com.android.builder.model.v2.ide.BasicArtifact                                  : loaded 2 times (x 66B)
Class kotlin.text.MatchGroupCollection                                                : loaded 2 times (x 66B)
Class kotlin.coroutines.jvm.internal.SuspendFunction                                  : loaded 2 times (x 66B)
Class org.gradle.util.GradleVersion                                                   : loaded 2 times (x 79B)
Class com.google.common.cache.LocalCache$SoftValueReference                           : loaded 2 times (x 93B)
Class com.google.common.collect.Maps$EntrySet                                         : loaded 2 times (x 132B)
Class com.google.common.collect.ImmutableMultimap$EntryCollection                     : loaded 2 times (x 123B)
Class org.objectweb.asm.tree.JumpInsnNode                                             : loaded 2 times (x 75B)
Class com.google.common.cache.LocalCache$EntryFactory$8                               : loaded 2 times (x 79B)
Class org.gradle.internal.installation.CurrentGradleInstallation                      : loaded 2 times (x 69B)
Class com.amazon.ion.impl.bin.IonManagedBinaryWriter$ImportDescriptor                 : loaded 2 times (x 72B)
Class com.amazon.ion.SymbolTable                                                      : loaded 2 times (x 66B)
Class org.jetbrains.plugins.gradle.tooling.serialization.GradleExtensionsSerializationService$WriteContext: loaded 2 times (x 68B)
Class com.intellij.gradle.toolingExtension.impl.model.taskModel.GradleTaskSerialisationService$Companion: loaded 2 times (x 67B)
Class [Lkotlin.collections.State;                                                     : loaded 2 times (x 65B)
Class kotlin.jvm.internal.Ref$BooleanRef                                              : loaded 2 times (x 67B)
Class com.android.builder.model.v2.ide.ViewBindingOptions                             : loaded 2 times (x 66B)
Class kotlin.text.StringsKt__StringsKt                                                : loaded 2 times (x 67B)
Class kotlin.jvm.internal.StringCompanionObject                                       : loaded 2 times (x 67B)
Class kotlin.coroutines.intrinsics.IntrinsicsKt__IntrinsicsJvmKt                      : loaded 2 times (x 67B)
Class kotlin.coroutines.jvm.internal.CoroutineStackFrame                              : loaded 2 times (x 66B)
Class org.gradle.tooling.internal.adapter.ProtocolToModelAdapter$MethodInvocationCache$MethodInvocationKey: loaded 2 times (x 69B)
Class com.google.common.cache.CacheLoader$1                                           : loaded 2 times (x 71B)
Class org.gradle.util.internal.GUtil                                                  : loaded 2 times (x 67B)
Class [Lcom.amazon.ion.impl.bin.IonManagedBinaryWriter$SymbolState;                   : loaded 2 times (x 65B)
Class com.amazon.ion.impl._Private_IonWriterBase                                      : loaded 2 times (x 158B)
Class com.amazon.ion.system.IonSystemBuilder                                          : loaded 2 times (x 71B)
Class com.amazon.ion.IonCatalog                                                       : loaded 2 times (x 66B)
Class com.intellij.gradle.toolingExtension.impl.model.sourceSetModel.GradleSourceSetSerialisationService$SourceSetModelReadContext: loaded 2 times (x 68B)
Class com.intellij.gradle.toolingExtension.impl.model.utilTurnOffDefaultTasksModel.TurnOffDefaultTasks: loaded 2 times (x 66B)
Class com.android.utils.StringHelper                                                  : loaded 2 times (x 67B)
Class kotlin.io.NoSuchFileException                                                   : loaded 2 times (x 78B)
Class kotlin.collections.CollectionsKt                                                : loaded 2 times (x 67B)
Class com.google.common.io.ByteSource                                                 : loaded 2 times (x 80B)
Class com.google.common.util.concurrent.AbstractFuture$SetFuture                      : loaded 2 times (x 71B)
Class com.google.common.cache.AbstractCache$StatsCounter                              : loaded 2 times (x 66B)
Class com.intellij.gradle.toolingExtension.impl.model.sourceSetModel.GradleSourceSetSerialisationService$SourceSetModelWriteContext: loaded 2 times (x 68B)
Class kotlin.collections.AbstractIterator$WhenMappings                                : loaded 2 times (x 67B)
Class com.android.builder.model.v2.ide.ArtifactDependencies                           : loaded 2 times (x 66B)
Class kotlin.ranges.IntProgressionIterator                                            : loaded 2 times (x 78B)
Class com.android.builder.model.v2.dsl.BuildType                                      : loaded 2 times (x 66B)
Class org.jetbrains.plugins.gradle.tooling.serialization.internal.IdeaProjectSerializationService$ReadContext: loaded 2 times (x 68B)
Class kotlin.jvm.internal.markers.KMutableList                                        : loaded 2 times (x 66B)
Class kotlin.coroutines.CoroutineContext                                              : loaded 2 times (x 66B)
Class kotlin.coroutines.jvm.internal.DebugProbesKt                                    : loaded 2 times (x 67B)
Class org.gradle.tooling.internal.adapter.WeakIdentityHashMap                         : loaded 2 times (x 72B)
Class org.gradle.tooling.GradleConnectionException                                    : loaded 2 times (x 78B)
Class org.gradle.tooling.internal.adapter.ProtocolToModelAdapter$1                    : loaded 2 times (x 71B)
Class org.gradle.tooling.internal.adapter.ProtocolToModelAdapter$ViewDecoration       : loaded 2 times (x 66B)
Class com.google.common.io.LineBuffer                                                 : loaded 2 times (x 71B)
Class com.google.common.collect.MapMakerInternalMap$1                                 : loaded 2 times (x 79B)
Class org.objectweb.asm.Context                                                       : loaded 2 times (x 68B)
Class org.objectweb.asm.tree.TypeAnnotationNode                                       : loaded 2 times (x 76B)
Class com.google.common.reflect.Types$TypeVariableImpl                                : loaded 2 times (x 68B)
Class org.gradle.internal.installation.GradleInstallation                             : loaded 2 times (x 71B)
Class com.amazon.ion.impl.lite.ContainerlessContext                                   : loaded 2 times (x 76B)
Class org.jetbrains.plugins.gradle.tooling.serialization.GradleExtensionsSerializationService$ReadContext: loaded 2 times (x 68B)
Class com.amazon.ion.impl.bin.IonManagedBinaryWriter$UserState$1                      : loaded 2 times (x 81B)
Class com.google.common.collect.ForwardingCollection                                  : loaded 2 times (x 126B)
Class com.google.common.collect.LexicographicalOrdering                               : loaded 2 times (x 111B)
Class org.gradle.tooling.internal.adapter.MethodInvoker                               : loaded 2 times (x 66B)
Class com.google.common.base.Splitter$Strategy                                        : loaded 2 times (x 66B)
Class com.android.ide.gradle.model.LegacyAndroidGradlePluginProperties                : loaded 2 times (x 66B)
Class com.amazon.ion.UnexpectedEofException                                           : loaded 2 times (x 80B)
Class com.amazon.ion.IonSexp                                                          : loaded 2 times (x 66B)
Class com.amazon.ion.impl._Private_LocalSymbolTable                                   : loaded 2 times (x 66B)
Class com.amazon.ion.BufferConfiguration$DataHandler                                  : loaded 2 times (x 66B)
Class com.amazon.ion.ReadOnlyValueException                                           : loaded 2 times (x 80B)
Class com.amazon.ion.impl._Private_IonBinaryWriterBuilder                             : loaded 2 times (x 105B)
Class org.jetbrains.plugins.gradle.tooling.serialization.RepositoriesModelSerializationService$WriteContext: loaded 2 times (x 68B)
Class com.google.common.collect.Lists$RandomAccessReverseList                         : loaded 2 times (x 196B)
Class kotlin.ranges.IntProgression                                                    : loaded 2 times (x 77B)
Class kotlin.jvm.KotlinReflectionNotSupportedError                                    : loaded 2 times (x 78B)
Class org.gradle.tooling.model.gradle.GradleScript                                    : loaded 2 times (x 66B)
Class com.google.common.collect.Sets$2$1                                              : loaded 2 times (x 78B)

---------------  S Y S T E M  ---------------

OS:
 Windows 10 , 64 bit Build 19041 (10.0.19041.5198)
OS uptime: 1 days 0:03 hours

CPU: total 16 (initial active 16) (8 cores per cpu, 2 threads per core) family 6 model 165 stepping 5 microcode 0xe2, cx8, cmov, fxsr, ht, mmx, 3dnowpref, sse, sse2, sse3, ssse3, sse4.1, sse4.2, popcnt, lzcnt, tsc, tscinvbit, avx, avx2, aes, erms, clmul, bmi1, bmi2, adx, fma, vzeroupper, clflush, clflushopt, rdtscp, f16c, pku
Processor Information for all 16 processors :
  Max Mhz: 2904, Current Mhz: 2904, Mhz Limit: 2904

Memory: 4k page, system-wide physical 16244M (376M free)
TotalPageFile size 24244M (AvailPageFile size 11M)
current process WorkingSet (physical memory assigned to process): 1134M, peak: 1151M
current process commit charge ("private bytes"): 1209M, peak: 1436M

vm_info: OpenJDK 64-Bit Server VM (21.0.4+-12508038-b607.1) for windows-amd64 JRE (21.0.4+-12508038-b607.1), built on 2024-10-16T17:23:34Z by "builder" with MS VC++ 16.10 / 16.11 (VS2019)

END.
